2025-11-10 16:39:43,339 - Knowledge - INFO - Created shared MongoDB connection pool
2025-11-10 16:39:43,660 - Knowledge - INFO - Starting Knowledge Graph processing with 20 threads
2025-11-10 16:39:43,842 - Knowledge - INFO - Initial configuration: chunk_size=65536, max_cache_size=500
2025-11-10 16:39:44,024 - Knowledge - INFO - Knowledge Graph concurrency configuration: workers=20, max_batch_size=25, max_concurrent_llm_calls=50
2025-11-10 16:39:45,591 - Knowledge - INFO - 🔍 _load_persisted_knowledge called - checking for Redis optimization
2025-11-10 16:39:45,738 - Knowledge - WARNING - ❌ load_from_redis method not found - Redis support not attached
2025-11-10 16:39:45,936 - Knowledge - INFO - load persisted knowledge: begin
2025-11-10 16:39:46,098 - Knowledge - INFO - Loaded 0 files from persisted knowledge
2025-11-10 16:39:46,248 - Knowledge - INFO - load persisted knowledge: end
2025-11-10 16:39:46,420 - Knowledge - WARNING - No persisted knowledge found. Files will be queued during start()
2025-11-10 16:39:46,580 - Knowledge - INFO - Redis support added with prefix knowledge:b14710b:
2025-11-10 16:39:47,011 - Knowledge - INFO - Starting knowledge initialization for ID: XLlTgq-b14710b
2025-11-10 16:39:47,149 - Knowledge - INFO - 🔍 Checking Redis for build_id: b14710b
2025-11-10 16:39:47,340 - Knowledge - INFO - 🔍 Full session ID: XLlTgq-b14710b
2025-11-10 16:39:47,541 - Knowledge - INFO - 🔍 Redis prefix will be: knowledge:b14710b:
2025-11-10 16:39:47,691 - Knowledge - INFO - 🔍 Using attached load_from_redis() method
2025-11-10 16:39:47,899 - Knowledge - INFO - 🔍 Attempting to load knowledge from Redis...
2025-11-10 16:39:48,099 - Knowledge - INFO - 🔍 Using derived instance_id for Redis lookup: b14710b
2025-11-10 16:39:50,136 - Knowledge - WARNING - ❌ No Redis cache found
2025-11-10 16:39:52,107 - Knowledge - INFO - 📁 Loading knowledge from disk...
2025-11-10 16:39:52,304 - Knowledge - INFO - load persisted docinfo: begin
2025-11-10 16:39:52,454 - Knowledge - INFO - load persisted docinfo: end
2025-11-10 16:39:52,612 - Knowledge - INFO - 🔍 _load_persisted_knowledge called - checking for Redis optimization
2025-11-10 16:39:52,814 - Knowledge - INFO - ✅ load_from_redis method found - attempting Redis load
2025-11-10 16:39:52,967 - Knowledge - INFO - 🔍 Attempting to load knowledge from Redis...
2025-11-10 16:39:53,126 - Knowledge - INFO - 🔍 Using derived instance_id for Redis lookup: b14710b
2025-11-10 16:39:55,217 - Knowledge - WARNING - ❌ No Redis cache found
2025-11-10 16:39:55,414 - Knowledge - INFO - ❌ Redis load returned False - falling back to file loading
2025-11-10 16:39:55,576 - Knowledge - INFO - load persisted knowledge: begin
2025-11-10 16:39:55,742 - Knowledge - INFO - Loaded 0 files from persisted knowledge
2025-11-10 16:39:55,905 - Knowledge - INFO - load persisted knowledge: end
2025-11-10 16:39:56,063 - Knowledge - INFO - 📁 Disk load complete in 3.81s
2025-11-10 16:39:56,256 - Knowledge - INFO - Populating ingest queue with source files...
2025-11-10 16:39:57,224 - Knowledge - INFO - Added 339 files from /app/data/T0015/222046/b14710b/RBUS to ingest queue
2025-11-10 16:39:57,402 - Knowledge - INFO - Worker kw1 created using shared MongoDB connection pool
2025-11-10 16:39:57,556 - Knowledge - INFO - knowledge worker kw1 start
2025-11-10 16:39:57,556 - Knowledge - INFO - Worker kw2 created using shared MongoDB connection pool
2025-11-10 16:39:57,741 - Knowledge - INFO - [kw1] Queue=339, InProgress=0, PendingWorkers=0/1, Completed=0/339 (0.0%)
2025-11-10 16:39:57,828 - Knowledge - INFO - knowledge worker kw2 start
2025-11-10 16:39:57,828 - Knowledge - INFO - Worker kw3 created using shared MongoDB connection pool
2025-11-10 16:39:57,904 - Knowledge - INFO - Batch sizing: calculated=15, max_allowed=25, queue=339, active_workers=0/2
2025-11-10 16:39:58,035 - Knowledge - INFO - [kw2] Queue=339, InProgress=0, PendingWorkers=0/2, Completed=0/339 (0.0%)
2025-11-10 16:39:58,109 - Knowledge - INFO - knowledge worker kw3 start
2025-11-10 16:39:58,109 - Knowledge - INFO - Worker kw4 created using shared MongoDB connection pool
2025-11-10 16:39:58,231 - Knowledge - INFO - Worker kw1 processing /app/data/T0015/222046/b14710b/RBUS/test/rbus/multiRbusOpenRbusGetProvider/multiRbusOpenRbusGetProvider.c
2025-11-10 16:39:58,300 - Knowledge - INFO - Batch sizing: calculated=15, max_allowed=25, queue=339, active_workers=1/3
2025-11-10 16:39:58,420 - Knowledge - INFO - [kw3] Queue=324, InProgress=0, PendingWorkers=1/3, Completed=0/339 (0.0%)
2025-11-10 16:39:58,482 - Knowledge - INFO - knowledge worker kw4 start
2025-11-10 16:39:58,482 - Knowledge - INFO - Worker kw5 created using shared MongoDB connection pool
2025-11-10 16:39:58,568 - Knowledge - INFO - Fast-tracked /app/data/T0015/222046/b14710b/RBUS/test/rbus/multiRbusOpenRbusGetProvider/multiRbusOpenRbusGetProvider.c (ext=.c, size=4960)
2025-11-10 16:39:58,668 - Knowledge - INFO - Worker kw2 processing /app/data/T0015/222046/b14710b/RBUS/test/rbus/consumer/events.c
2025-11-10 16:39:58,766 - Knowledge - INFO - Batch sizing: calculated=15, max_allowed=25, queue=324, active_workers=2/4
2025-11-10 16:39:58,835 - Knowledge - INFO - [kw4] Queue=309, InProgress=0, PendingWorkers=2/4, Completed=0/339 (0.0%)
2025-11-10 16:39:58,915 - Knowledge - INFO - knowledge worker kw5 start
2025-11-10 16:39:58,915 - Knowledge - INFO - Worker kw6 created using shared MongoDB connection pool
2025-11-10 16:39:58,988 - Knowledge - INFO - Worker kw1 processing /app/data/T0015/222046/b14710b/RBUS/test/rbus/rbusGetExtSetMulti/testSetMultiConsumer.c
2025-11-10 16:39:59,098 - Knowledge - INFO - Fast-tracked /app/data/T0015/222046/b14710b/RBUS/test/rbus/consumer/events.c (ext=.c, size=19123)
2025-11-10 16:39:59,222 - Knowledge - INFO - Worker kw3 processing /app/data/T0015/222046/b14710b/RBUS/test/rbus/common/testValueHelper.c
2025-11-10 16:39:59,289 - Knowledge - INFO - Batch sizing: calculated=15, max_allowed=25, queue=309, active_workers=3/5
2025-11-10 16:39:59,360 - Knowledge - INFO - [kw5] Queue=294, InProgress=0, PendingWorkers=3/5, Completed=0/339 (0.0%)
2025-11-10 16:39:59,440 - Knowledge - INFO - knowledge worker kw6 start
2025-11-10 16:39:59,440 - Knowledge - INFO - Worker kw7 created using shared MongoDB connection pool
2025-11-10 16:39:59,518 - Knowledge - INFO - Fast-tracked /app/data/T0015/222046/b14710b/RBUS/test/rbus/rbusGetExtSetMulti/testSetMultiConsumer.c (ext=.c, size=3054)
2025-11-10 16:39:59,591 - Knowledge - INFO - Worker kw2 processing /app/data/T0015/222046/b14710b/RBUS/test/rbus/consumer/value.c
2025-11-10 16:39:59,666 - Knowledge - INFO - Fast-tracked /app/data/T0015/222046/b14710b/RBUS/test/rbus/common/testValueHelper.c (ext=.c, size=18141)
2025-11-10 16:39:59,750 - Knowledge - INFO - Worker kw4 processing /app/data/T0015/222046/b14710b/RBUS/test/core/bin_server.c
2025-11-10 16:39:59,890 - Knowledge - INFO - Batch sizing: calculated=15, max_allowed=25, queue=294, active_workers=4/6
2025-11-10 16:40:00,018 - Knowledge - INFO - [kw6] Queue=279, InProgress=0, PendingWorkers=4/6, Completed=0/339 (0.0%)
2025-11-10 16:40:00,077 - Knowledge - INFO - knowledge worker kw7 start
2025-11-10 16:40:00,077 - Knowledge - INFO - Worker kw8 created using shared MongoDB connection pool
2025-11-10 16:40:00,148 - Knowledge - INFO - Worker kw1 processing /app/data/T0015/222046/b14710b/RBUS/test/rbus/rbusGetExtSetMulti/testSetMultiProvider.c
2025-11-10 16:40:00,227 - Knowledge - INFO - Fast-tracked /app/data/T0015/222046/b14710b/RBUS/test/rbus/consumer/value.c (ext=.c, size=6591)
2025-11-10 16:40:00,306 - Knowledge - INFO - Worker kw3 processing /app/data/T0015/222046/b14710b/RBUS/test/rbus/common/runningParamHelper.c
2025-11-10 16:40:00,424 - Knowledge - INFO - Fast-tracked /app/data/T0015/222046/b14710b/RBUS/test/core/bin_server.c (ext=.c, size=3925)
2025-11-10 16:40:00,511 - Knowledge - INFO - Worker kw5 processing /app/data/T0015/222046/b14710b/RBUS/test/core/rbus_client_utility.c
2025-11-10 16:40:00,590 - Knowledge - INFO - Batch sizing: calculated=15, max_allowed=25, queue=279, active_workers=5/7
2025-11-10 16:40:00,666 - Knowledge - INFO - [kw7] Queue=264, InProgress=0, PendingWorkers=5/7, Completed=0/339 (0.0%)
2025-11-10 16:40:00,740 - Knowledge - INFO - knowledge worker kw8 start
2025-11-10 16:40:00,740 - Knowledge - INFO - Worker kw9 created using shared MongoDB connection pool
2025-11-10 16:40:00,818 - Knowledge - INFO - Fast-tracked /app/data/T0015/222046/b14710b/RBUS/test/rbus/rbusGetExtSetMulti/testSetMultiProvider.c (ext=.c, size=4355)
2025-11-10 16:40:00,934 - Knowledge - INFO - Worker kw2 processing /app/data/T0015/222046/b14710b/RBUS/test/rbus/consumer/rbusTestConsumer.c
2025-11-10 16:40:01,003 - Knowledge - INFO - Fast-tracked /app/data/T0015/222046/b14710b/RBUS/test/rbus/common/runningParamHelper.c (ext=.c, size=3903)
2025-11-10 16:40:01,079 - Knowledge - INFO - Worker kw4 processing /app/data/T0015/222046/b14710b/RBUS/test/core/bin_client.c
2025-11-10 16:40:01,181 - Knowledge - INFO - Fast-tracked /app/data/T0015/222046/b14710b/RBUS/test/core/rbus_client_utility.c (ext=.c, size=2003)
2025-11-10 16:40:01,260 - Knowledge - INFO - Worker kw6 processing /app/data/T0015/222046/b14710b/RBUS/src/rbus/rbus_message.h
2025-11-10 16:40:01,370 - Knowledge - INFO - Batch sizing: calculated=15, max_allowed=25, queue=264, active_workers=6/8
2025-11-10 16:40:01,436 - Knowledge - INFO - [kw8] Queue=249, InProgress=0, PendingWorkers=6/8, Completed=0/339 (0.0%)
2025-11-10 16:40:01,521 - Knowledge - INFO - knowledge worker kw9 start
2025-11-10 16:40:01,522 - Knowledge - INFO - Worker kw10 created using shared MongoDB connection pool
2025-11-10 16:40:01,592 - Knowledge - INFO - Worker kw1 processing /app/data/T0015/222046/b14710b/RBUS/test/rbus/rbus_test.sh
2025-11-10 16:40:01,670 - Knowledge - INFO - Fast-tracked /app/data/T0015/222046/b14710b/RBUS/test/rbus/consumer/rbusTestConsumer.c (ext=.c, size=8877)
2025-11-10 16:40:01,745 - Knowledge - INFO - Worker kw3 processing /app/data/T0015/222046/b14710b/RBUS/test/rbus/common/testValueHelper.h
2025-11-10 16:40:01,814 - Knowledge - INFO - Fast-tracked /app/data/T0015/222046/b14710b/RBUS/test/core/bin_client.c (ext=.c, size=3213)
2025-11-10 16:40:01,883 - Knowledge - INFO - Worker kw5 processing /app/data/T0015/222046/b14710b/RBUS/test/core/CMakeLists.txt
2025-11-10 16:40:02,016 - Knowledge - INFO - Worker kw6 processing /app/data/T0015/222046/b14710b/RBUS/src/rbus/rbus_intervalsubscription.c
2025-11-10 16:40:02,129 - Knowledge - INFO - Worker kw7 processing /app/data/T0015/222046/b14710b/RBUS/src/rbus/rbus_element.h
2025-11-10 16:40:02,202 - Knowledge - INFO - Batch sizing: calculated=15, max_allowed=25, queue=249, active_workers=7/9
2025-11-10 16:40:02,274 - Knowledge - INFO - [kw9] Queue=234, InProgress=0, PendingWorkers=7/9, Completed=0/339 (0.0%)
2025-11-10 16:40:02,426 - Knowledge - INFO - knowledge worker kw10 start
2025-11-10 16:40:02,426 - Knowledge - INFO - Worker kw11 created using shared MongoDB connection pool
2025-11-10 16:40:02,514 - Knowledge - INFO - Fast-tracked /app/data/T0015/222046/b14710b/RBUS/test/rbus/rbus_test.sh (ext=.sh, size=3578)
2025-11-10 16:40:02,616 - Knowledge - INFO - Worker kw2 processing /app/data/T0015/222046/b14710b/RBUS/test/rbus/consumer/methods.c
2025-11-10 16:40:02,700 - Knowledge - INFO - Fast-tracked /app/data/T0015/222046/b14710b/RBUS/test/rbus/common/testValueHelper.h (ext=.h, size=1130)
2025-11-10 16:40:02,807 - Knowledge - INFO - Worker kw4 processing /app/data/T0015/222046/b14710b/RBUS/test/core/test_obj_lookup.c
2025-11-10 16:40:02,894 - Knowledge - INFO - Fast-tracked /app/data/T0015/222046/b14710b/RBUS/test/core/CMakeLists.txt (ext=.txt, size=3737)
2025-11-10 16:40:03,003 - Knowledge - INFO - Worker kw6 processing /app/data/T0015/222046/b14710b/RBUS/src/rbus/rbus_element.c
2025-11-10 16:40:03,106 - Knowledge - INFO - Worker kw7 processing /app/data/T0015/222046/b14710b/RBUS/src/rbus/rbus_valuechange.c
2025-11-10 16:40:03,178 - Knowledge - INFO - Worker kw8 processing /app/data/T0015/222046/b14710b/RBUS/src/rtmessage/rtMemory.c
2025-11-10 16:40:03,269 - Knowledge - INFO - Batch sizing: calculated=15, max_allowed=25, queue=234, active_workers=8/10
2025-11-10 16:40:03,389 - Knowledge - INFO - [kw10] Queue=219, InProgress=0, PendingWorkers=8/10, Completed=0/339 (0.0%)
2025-11-10 16:40:03,484 - Knowledge - INFO - knowledge worker kw11 start
2025-11-10 16:40:03,484 - Knowledge - INFO - Worker kw12 created using shared MongoDB connection pool
2025-11-10 16:40:03,570 - Knowledge - INFO - Worker kw1 processing /app/data/T0015/222046/b14710b/RBUS/test/rbus/multiRbusOpenProvider/rbusOpenRegRbusOpenProvider.c
2025-11-10 16:40:03,675 - Knowledge - INFO - Fast-tracked /app/data/T0015/222046/b14710b/RBUS/test/rbus/consumer/methods.c (ext=.c, size=12572)
2025-11-10 16:40:03,744 - Knowledge - INFO - Worker kw3 processing /app/data/T0015/222046/b14710b/RBUS/test/rbus/multiRbusOpenConsumer/multiRbusOpenConsumer.c
2025-11-10 16:40:03,844 - Knowledge - INFO - Fast-tracked /app/data/T0015/222046/b14710b/RBUS/test/core/test_obj_lookup.c (ext=.c, size=4111)
2025-11-10 16:40:03,915 - Knowledge - INFO - Worker kw5 processing /app/data/T0015/222046/b14710b/RBUS/test/core/loadtest.cpp
2025-11-10 16:40:04,006 - Knowledge - INFO - Worker kw6 processing /app/data/T0015/222046/b14710b/RBUS/src/rbus/CMakeLists.txt
2025-11-10 16:40:04,100 - Knowledge - INFO - Worker kw7 processing /app/data/T0015/222046/b14710b/RBUS/src/session_manager/test/sample_client.c
2025-11-10 16:40:04,214 - Knowledge - INFO - Worker kw8 processing /app/data/T0015/222046/b14710b/RBUS/src/rtmessage/rtSocket.c
2025-11-10 16:40:04,360 - Knowledge - INFO - Worker kw9 processing /app/data/T0015/222046/b14710b/RBUS/src/rtmessage/rtTime.c
2025-11-10 16:40:04,441 - Knowledge - INFO - Batch sizing: calculated=15, max_allowed=25, queue=219, active_workers=9/11
2025-11-10 16:40:04,515 - Knowledge - INFO - [kw11] Queue=204, InProgress=0, PendingWorkers=9/11, Completed=0/339 (0.0%)
2025-11-10 16:40:04,594 - Knowledge - INFO - knowledge worker kw12 start
2025-11-10 16:40:04,594 - Knowledge - INFO - Worker kw13 created using shared MongoDB connection pool
2025-11-10 16:40:04,673 - Knowledge - INFO - Fast-tracked /app/data/T0015/222046/b14710b/RBUS/test/rbus/multiRbusOpenProvider/rbusOpenRegRbusOpenProvider.c (ext=.c, size=3526)
2025-11-10 16:40:04,783 - Knowledge - INFO - Worker kw2 processing /app/data/T0015/222046/b14710b/RBUS/test/rbus/consumer/subscribe.c
2025-11-10 16:40:04,863 - Knowledge - INFO - Fast-tracked /app/data/T0015/222046/b14710b/RBUS/test/rbus/multiRbusOpenConsumer/multiRbusOpenConsumer.c (ext=.c, size=5033)
2025-11-10 16:40:04,958 - Knowledge - INFO - Worker kw4 processing /app/data/T0015/222046/b14710b/RBUS/test/core/sample_wildcard_server2.c
2025-11-10 16:40:05,045 - Knowledge - INFO - Fast-tracked /app/data/T0015/222046/b14710b/RBUS/test/core/loadtest.cpp (ext=.cpp, size=7024)
2025-11-10 16:40:05,158 - Knowledge - INFO - Fast-tracked /app/data/T0015/222046/b14710b/RBUS/src/rbus/CMakeLists.txt (ext=.txt, size=1973)
2025-11-10 16:40:05,254 - Knowledge - INFO - Fast-tracked /app/data/T0015/222046/b14710b/RBUS/src/session_manager/test/sample_client.c (ext=.c, size=4226)
2025-11-10 16:40:05,323 - Knowledge - INFO - Worker kw8 processing /app/data/T0015/222046/b14710b/RBUS/src/rtmessage/rtList.h
2025-11-10 16:40:05,395 - Knowledge - INFO - Worker kw9 processing /app/data/T0015/222046/b14710b/RBUS/src/rtmessage/rtError.h
2025-11-10 16:40:05,468 - Knowledge - INFO - Worker kw10 processing /app/data/T0015/222046/b14710b/RBUS/src/rtmessage/rtBase64.h
2025-11-10 16:40:05,579 - Knowledge - INFO - Batch sizing: calculated=15, max_allowed=25, queue=204, active_workers=10/12
2025-11-10 16:40:05,664 - Knowledge - INFO - [kw12] Queue=189, InProgress=0, PendingWorkers=10/12, Completed=0/339 (0.0%)
2025-11-10 16:40:05,750 - Knowledge - INFO - knowledge worker kw13 start
2025-11-10 16:40:05,750 - Knowledge - INFO - Worker kw14 created using shared MongoDB connection pool
2025-11-10 16:40:05,825 - Knowledge - INFO - Worker kw1 processing /app/data/T0015/222046/b14710b/RBUS/test/rbus/multiRbusOpenProvider/multiRbusOpenProvider.c
2025-11-10 16:40:05,900 - Knowledge - INFO - Fast-tracked /app/data/T0015/222046/b14710b/RBUS/test/rbus/consumer/subscribe.c (ext=.c, size=16805)
2025-11-10 16:40:05,974 - Knowledge - INFO - Worker kw3 processing /app/data/T0015/222046/b14710b/RBUS/test/rbus/multiRbusOpenConsumer/rbusOpenSubRbusOpenConsumer.c
2025-11-10 16:40:06,043 - Knowledge - INFO - Fast-tracked /app/data/T0015/222046/b14710b/RBUS/test/core/sample_wildcard_server2.c (ext=.c, size=4480)
2025-11-10 16:40:06,117 - Knowledge - INFO - Worker kw5 processing /app/data/T0015/222046/b14710b/RBUS/test/core/sample_client.c
2025-11-10 16:40:06,199 - Knowledge - INFO - Worker kw6 processing /app/data/T0015/222046/b14710b/RBUS/src/rbus/rbus_message.c
2025-11-10 16:40:06,265 - Knowledge - INFO - Worker kw7 processing /app/data/T0015/222046/b14710b/RBUS/src/session_manager/rbus_session_mgr.h
2025-11-10 16:40:06,333 - Knowledge - INFO - Worker kw8 processing /app/data/T0015/222046/b14710b/RBUS/src/rtmessage/rtRoutingTree.h
2025-11-10 16:40:06,427 - Knowledge - INFO - Worker kw9 processing /app/data/T0015/222046/b14710b/RBUS/src/rtmessage/rtRetainable.c
2025-11-10 16:40:06,550 - Knowledge - INFO - Fast-tracked /app/data/T0015/222046/b14710b/RBUS/src/rtmessage/rtBase64.h (ext=.h, size=1483)
2025-11-10 16:40:06,630 - Knowledge - INFO - Worker kw11 processing /app/data/T0015/222046/b14710b/RBUS/src/rtmessage/rtRetainable.h
2025-11-10 16:40:06,715 - Knowledge - INFO - Batch sizing: calculated=12, max_allowed=25, queue=189, active_workers=11/13
2025-11-10 16:40:06,795 - Knowledge - INFO - [kw13] Queue=174, InProgress=0, PendingWorkers=11/13, Completed=0/339 (0.0%)
2025-11-10 16:40:06,882 - Knowledge - INFO - knowledge worker kw14 start
2025-11-10 16:40:06,882 - Knowledge - INFO - Worker kw15 created using shared MongoDB connection pool
2025-11-10 16:40:06,965 - Knowledge - INFO - Fast-tracked /app/data/T0015/222046/b14710b/RBUS/test/rbus/multiRbusOpenProvider/multiRbusOpenProvider.c (ext=.c, size=4655)
2025-11-10 16:40:07,086 - Knowledge - INFO - Worker kw2 processing /app/data/T0015/222046/b14710b/RBUS/test/rbus/consumer/partialPath.c
2025-11-10 16:40:07,169 - Knowledge - INFO - Fast-tracked /app/data/T0015/222046/b14710b/RBUS/test/rbus/multiRbusOpenConsumer/rbusOpenSubRbusOpenConsumer.c (ext=.c, size=3661)
2025-11-10 16:40:07,248 - Knowledge - INFO - Worker kw4 processing /app/data/T0015/222046/b14710b/RBUS/test/core/sample_wildcard_server.c
2025-11-10 16:40:07,343 - Knowledge - INFO - Fast-tracked /app/data/T0015/222046/b14710b/RBUS/test/core/sample_client.c (ext=.c, size=2727)
2025-11-10 16:40:07,419 - Knowledge - INFO - Worker kw6 processing /app/data/T0015/222046/b14710b/RBUS/src/rbus/rbus_property.c
2025-11-10 16:40:07,493 - Knowledge - INFO - Fast-tracked /app/data/T0015/222046/b14710b/RBUS/src/session_manager/rbus_session_mgr.h (ext=.h, size=1282)
2025-11-10 16:40:07,612 - Knowledge - INFO - Worker kw8 processing /app/data/T0015/222046/b14710b/RBUS/src/rtmessage/local_benchmarking.c
2025-11-10 16:40:07,698 - Knowledge - INFO - Fast-tracked /app/data/T0015/222046/b14710b/RBUS/src/rtmessage/rtRetainable.c (ext=.c, size=1167)
2025-11-10 16:40:07,772 - Knowledge - INFO - Worker kw10 processing /app/data/T0015/222046/b14710b/RBUS/src/rtmessage/rtThreadPool.c
2025-11-10 16:40:07,886 - Knowledge - INFO - Fast-tracked /app/data/T0015/222046/b14710b/RBUS/src/rtmessage/rtRetainable.h (ext=.h, size=1397)
2025-11-10 16:40:07,967 - Knowledge - INFO - Worker kw12 processing /app/data/T0015/222046/b14710b/RBUS/sampleapps/consumer/rbusValueChangeConsumer.c
2025-11-10 16:40:08,037 - Knowledge - INFO - Batch sizing: calculated=12, max_allowed=25, queue=174, active_workers=12/14
2025-11-10 16:40:08,161 - Knowledge - INFO - [kw14] Queue=162, InProgress=0, PendingWorkers=12/14, Completed=0/339 (0.0%)
2025-11-10 16:40:08,243 - Knowledge - INFO - knowledge worker kw15 start
2025-11-10 16:40:08,244 - Knowledge - INFO - Worker kw16 created using shared MongoDB connection pool
2025-11-10 16:40:08,327 - Knowledge - INFO - Worker kw1 processing /app/data/T0015/222046/b14710b/RBUS/test/rbus/multiProviderThreadsForSingleEvent/multiProviderThreadsForSingleEvent.c
2025-11-10 16:40:08,414 - Knowledge - INFO - Fast-tracked /app/data/T0015/222046/b14710b/RBUS/test/rbus/consumer/partialPath.c (ext=.c, size=16061)
2025-11-10 16:40:08,481 - Knowledge - INFO - Worker kw3 processing /app/data/T0015/222046/b14710b/RBUS/test/rbus/multiRbusOpenMethodProvider/multiRbusOpenMethodProvider.c
2025-11-10 16:40:08,553 - Knowledge - INFO - Fast-tracked /app/data/T0015/222046/b14710b/RBUS/test/core/sample_wildcard_server.c (ext=.c, size=4302)
2025-11-10 16:40:08,627 - Knowledge - INFO - Worker kw5 processing /app/data/T0015/222046/b14710b/RBUS/test/core/rbus_perf.cpp
2025-11-10 16:40:08,747 - Knowledge - INFO - Worker kw6 processing /app/data/T0015/222046/b14710b/RBUS/src/rbus/rbus_asyncsubscribe.h
2025-11-10 16:40:08,834 - Knowledge - INFO - Worker kw7 processing /app/data/T0015/222046/b14710b/RBUS/src/session_manager/CMakeLists.txt
2025-11-10 16:40:08,922 - Knowledge - INFO - Fast-tracked /app/data/T0015/222046/b14710b/RBUS/src/rtmessage/local_benchmarking.c (ext=.c, size=1680)
2025-11-10 16:40:08,996 - Knowledge - INFO - Worker kw9 processing /app/data/T0015/222046/b14710b/RBUS/src/rtmessage/rtThreadPool.h
2025-11-10 16:40:09,077 - Knowledge - INFO - Worker kw10 processing /app/data/T0015/222046/b14710b/RBUS/src/rtmessage/rtAtomic.h
2025-11-10 16:40:09,155 - Knowledge - INFO - Worker kw11 processing /app/data/T0015/222046/b14710b/RBUS/src/rtmessage/rtSemaphore.c
2025-11-10 16:40:09,265 - Knowledge - INFO - Worker kw12 processing /app/data/T0015/222046/b14710b/RBUS/sampleapps/consumer/rbusBlockingConsumer.c
2025-11-10 16:40:09,344 - Knowledge - INFO - Worker kw13 processing /app/data/T0015/222046/b14710b/RBUS/sampleapps/consumer/rbusValueChangeMultiConsumer.c
2025-11-10 16:40:09,428 - Knowledge - INFO - Batch sizing: calculated=12, max_allowed=25, queue=162, active_workers=13/15
2025-11-10 16:40:09,497 - Knowledge - INFO - [kw15] Queue=150, InProgress=0, PendingWorkers=13/15, Completed=0/339 (0.0%)
2025-11-10 16:40:09,566 - Knowledge - INFO - knowledge worker kw16 start
2025-11-10 16:40:09,566 - Knowledge - INFO - Worker kw17 created using shared MongoDB connection pool
2025-11-10 16:40:09,647 - Knowledge - INFO - Fast-tracked /app/data/T0015/222046/b14710b/RBUS/test/rbus/multiProviderThreadsForSingleEvent/multiProviderThreadsForSingleEvent.c (ext=.c, size=3404)
2025-11-10 16:40:09,722 - Knowledge - INFO - Worker kw2 processing /app/data/T0015/222046/b14710b/RBUS/test/rbus/consumer/elementTree.c
2025-11-10 16:40:09,805 - Knowledge - INFO - Fast-tracked /app/data/T0015/222046/b14710b/RBUS/test/rbus/multiRbusOpenMethodProvider/multiRbusOpenMethodProvider.c (ext=.c, size=5944)
2025-11-10 16:40:09,879 - Knowledge - INFO - Worker kw4 processing /app/data/T0015/222046/b14710b/RBUS/test/core/sample_event_client.c
2025-11-10 16:40:09,950 - Knowledge - INFO - Fast-tracked /app/data/T0015/222046/b14710b/RBUS/test/core/rbus_perf.cpp (ext=.cpp, size=9418)
2025-11-10 16:40:10,063 - Knowledge - INFO - Fast-tracked /app/data/T0015/222046/b14710b/RBUS/src/rbus/rbus_asyncsubscribe.h (ext=.h, size=1246)
2025-11-10 16:40:10,178 - Knowledge - INFO - Fast-tracked /app/data/T0015/222046/b14710b/RBUS/src/session_manager/CMakeLists.txt (ext=.txt, size=1520)
2025-11-10 16:40:10,264 - Knowledge - INFO - Worker kw8 processing /app/data/T0015/222046/b14710b/RBUS/src/rtmessage/rtMessage.c
2025-11-10 16:40:10,378 - Knowledge - INFO - Fast-tracked /app/data/T0015/222046/b14710b/RBUS/src/rtmessage/rtThreadPool.h (ext=.h, size=1489)
2025-11-10 16:40:10,445 - Knowledge - INFO - Worker kw10 processing /app/data/T0015/222046/b14710b/RBUS/src/rtmessage/rtLog.c
2025-11-10 16:40:10,522 - Knowledge - INFO - Worker kw11 processing /app/data/T0015/222046/b14710b/RBUS/src/rtmessage/rtTime.h
2025-11-10 16:40:10,600 - Knowledge - INFO - Worker kw12 processing /app/data/T0015/222046/b14710b/RBUS/sampleapps/consumer/rbusOpenTelemetry.c
2025-11-10 16:40:10,674 - Knowledge - INFO - Worker kw13 processing /app/data/T0015/222046/b14710b/RBUS/sampleapps/consumer/rbusDmlBlockingConsumer.c
2025-11-10 16:40:10,751 - Knowledge - INFO - Worker kw14 processing /app/data/T0015/222046/b14710b/RBUS/sampleapps/provider/rbusValueChangeMultiProvider.c
2025-11-10 16:40:10,831 - Knowledge - INFO - Batch sizing: calculated=12, max_allowed=25, queue=150, active_workers=14/16
2025-11-10 16:40:10,909 - Knowledge - INFO - [kw16] Queue=138, InProgress=0, PendingWorkers=14/16, Completed=0/339 (0.0%)
2025-11-10 16:40:10,985 - Knowledge - INFO - knowledge worker kw17 start
2025-11-10 16:40:10,985 - Knowledge - INFO - Worker kw18 created using shared MongoDB connection pool
2025-11-10 16:40:11,054 - Knowledge - INFO - Worker kw1 processing /app/data/T0015/222046/b14710b/RBUS/test/rbus/consumer/subscribeEx.c
2025-11-10 16:40:11,130 - Knowledge - INFO - Fast-tracked /app/data/T0015/222046/b14710b/RBUS/test/rbus/consumer/elementTree.c (ext=.c, size=18226)
2025-11-10 16:40:11,205 - Knowledge - INFO - Worker kw3 processing /app/data/T0015/222046/b14710b/RBUS/test/rbus/multiRbusOpenRbusSetConsumer/multiRbusOpenRbusSetConsumer.c
2025-11-10 16:40:11,290 - Knowledge - INFO - Fast-tracked /app/data/T0015/222046/b14710b/RBUS/test/core/sample_event_client.c (ext=.c, size=5265)
2025-11-10 16:40:11,368 - Knowledge - INFO - Worker kw5 processing /app/data/T0015/222046/b14710b/RBUS/test/core/sample_server.c
2025-11-10 16:40:11,488 - Knowledge - INFO - Worker kw6 processing /app/data/T0015/222046/b14710b/RBUS/src/rbus/rbus_value.c
2025-11-10 16:40:11,606 - Knowledge - INFO - Worker kw7 processing /app/data/T0015/222046/b14710b/RBUS/src/session_manager/session_manager.c
2025-11-10 16:40:11,722 - Knowledge - INFO - Worker kw8 processing /app/data/T0015/222046/b14710b/RBUS/src/rtmessage/rtBase64.c
2025-11-10 16:40:11,798 - Knowledge - INFO - Worker kw9 processing /app/data/T0015/222046/b14710b/RBUS/src/rtmessage/rtLog.h
2025-11-10 16:40:11,899 - Knowledge - INFO - Worker kw10 processing /app/data/T0015/222046/b14710b/RBUS/src/rtmessage/rtm_discovery_api.h
2025-11-10 16:40:12,011 - Knowledge - INFO - Worker kw11 processing /app/data/T0015/222046/b14710b/RBUS/src/rtmessage/rtEncoder.c
2025-11-10 16:40:12,099 - Knowledge - INFO - Worker kw12 processing /app/data/T0015/222046/b14710b/RBUS/sampleapps/consumer/rbusMethodConsumer.c
2025-11-10 16:40:12,176 - Knowledge - INFO - Fast-tracked /app/data/T0015/222046/b14710b/RBUS/sampleapps/consumer/rbusDmlBlockingConsumer.c (ext=.c, size=1951)
2025-11-10 16:40:12,251 - Knowledge - INFO - Worker kw14 processing /app/data/T0015/222046/b14710b/RBUS/sampleapps/provider/rbusBlockingProvider.c
2025-11-10 16:40:12,347 - Knowledge - INFO - Worker kw15 processing /app/data/T0015/222046/b14710b/RBUS/sampleapps/rtmessage/sample_super.c
2025-11-10 16:40:12,417 - Knowledge - INFO - Batch sizing: calculated=12, max_allowed=25, queue=138, active_workers=15/17
2025-11-10 16:40:12,481 - Knowledge - INFO - [kw17] Queue=126, InProgress=0, PendingWorkers=15/17, Completed=0/339 (0.0%)
2025-11-10 16:40:12,588 - Knowledge - INFO - knowledge worker kw18 start
2025-11-10 16:40:12,588 - Knowledge - INFO - Worker kw19 created using shared MongoDB connection pool
2025-11-10 16:40:12,657 - Knowledge - INFO - Fast-tracked /app/data/T0015/222046/b14710b/RBUS/test/rbus/consumer/subscribeEx.c (ext=.c, size=3126)
2025-11-10 16:40:12,757 - Knowledge - INFO - Worker kw2 processing /app/data/T0015/222046/b14710b/RBUS/test/rbus/consumer/filter.c
2025-11-10 16:40:12,867 - Knowledge - INFO - Fast-tracked /app/data/T0015/222046/b14710b/RBUS/test/rbus/multiRbusOpenRbusSetConsumer/multiRbusOpenRbusSetConsumer.c (ext=.c, size=2884)
2025-11-10 16:40:12,944 - Knowledge - INFO - Worker kw4 processing /app/data/T0015/222046/b14710b/RBUS/test/core/every_client.c
2025-11-10 16:40:13,058 - Knowledge - INFO - Fast-tracked /app/data/T0015/222046/b14710b/RBUS/test/core/sample_server.c (ext=.c, size=3880)
2025-11-10 16:40:13,130 - Knowledge - INFO - Worker kw6 processing /app/data/T0015/222046/b14710b/RBUS/src/rbus/rbus_subscriptions.h
2025-11-10 16:40:13,218 - Knowledge - INFO - Worker kw7 processing /app/data/T0015/222046/b14710b/RBUS/src/CMakeLists.txt
2025-11-10 16:40:13,300 - Knowledge - INFO - Worker kw8 processing /app/data/T0015/222046/b14710b/RBUS/src/rtmessage/rtEncoder.h
2025-11-10 16:40:13,391 - Knowledge - INFO - Worker kw9 processing /app/data/T0015/222046/b14710b/RBUS/src/rtmessage/rtString.c
2025-11-10 16:40:13,465 - Knowledge - INFO - Fast-tracked /app/data/T0015/222046/b14710b/RBUS/src/rtmessage/rtm_discovery_api.h (ext=.h, size=1361)
2025-11-10 16:40:13,550 - Knowledge - INFO - Worker kw11 processing /app/data/T0015/222046/b14710b/RBUS/src/rtmessage/rtCipher.h
2025-11-10 16:40:13,669 - Knowledge - INFO - Worker kw12 processing /app/data/T0015/222046/b14710b/RBUS/sampleapps/consumer/rbusCSIEventConsumer.c
2025-11-10 16:40:13,756 - Knowledge - INFO - Worker kw13 processing /app/data/T0015/222046/b14710b/RBUS/sampleapps/CMakeLists.txt
2025-11-10 16:40:13,840 - Knowledge - INFO - Worker kw14 processing /app/data/T0015/222046/b14710b/RBUS/sampleapps/provider/rbusCSIEventProvider.c
2025-11-10 16:40:13,919 - Knowledge - INFO - Worker kw15 processing /app/data/T0015/222046/b14710b/RBUS/sampleapps/rtmessage/rtsend.c
2025-11-10 16:40:14,009 - Knowledge - INFO - Worker kw16 processing /app/data/T0015/222046/b14710b/RBUS/utils/CMakeLists.txt
2025-11-10 16:40:14,114 - Knowledge - INFO - Batch sizing: calculated=12, max_allowed=25, queue=126, active_workers=16/18
2025-11-10 16:40:14,198 - Knowledge - INFO - [kw18] Queue=114, InProgress=0, PendingWorkers=16/18, Completed=0/339 (0.0%)
2025-11-10 16:40:14,276 - Knowledge - INFO - knowledge worker kw19 start
2025-11-10 16:40:14,278 - Knowledge - INFO - Worker kw20 created using shared MongoDB connection pool
2025-11-10 16:40:14,358 - Knowledge - INFO - Worker kw1 processing /app/data/T0015/222046/b14710b/RBUS/test/rbus/consumer/propertyAPI.c
2025-11-10 16:40:14,452 - Knowledge - INFO - Fast-tracked /app/data/T0015/222046/b14710b/RBUS/test/rbus/consumer/filter.c (ext=.c, size=3949)
2025-11-10 16:40:14,514 - Knowledge - INFO - Worker kw3 processing /app/data/T0015/222046/b14710b/RBUS/test/rbus/multiConsumerThreadsForSingleEvent/multiConsumerThreadsForSingleEvent.c
2025-11-10 16:40:14,604 - Knowledge - INFO - Fast-tracked /app/data/T0015/222046/b14710b/RBUS/test/core/every_client.c (ext=.c, size=1815)
2025-11-10 16:40:14,672 - Knowledge - INFO - Worker kw5 processing /app/data/T0015/222046/b14710b/RBUS/test/core/bin_header.h
2025-11-10 16:40:14,753 - Knowledge - INFO - Worker kw6 processing /app/data/T0015/222046/b14710b/RBUS/src/rbus/rbus_tokenchain.h
2025-11-10 16:40:14,831 - Knowledge - INFO - Fast-tracked /app/data/T0015/222046/b14710b/RBUS/src/CMakeLists.txt (ext=.txt, size=1049)
2025-11-10 16:40:14,913 - Knowledge - INFO - Fast-tracked /app/data/T0015/222046/b14710b/RBUS/src/rtmessage/rtEncoder.h (ext=.h, size=1613)
2025-11-10 16:40:15,014 - Knowledge - INFO - Fast-tracked /app/data/T0015/222046/b14710b/RBUS/src/rtmessage/rtString.c (ext=.c, size=524)
2025-11-10 16:40:15,099 - Knowledge - INFO - Worker kw10 processing /app/data/T0015/222046/b14710b/RBUS/src/rtmessage/local_benchmarking.h
2025-11-10 16:40:15,194 - Knowledge - INFO - Worker kw11 processing /app/data/T0015/222046/b14710b/RBUS/src/rtmessage/rtConnection.c
2025-11-10 16:40:15,298 - Knowledge - INFO - Worker kw12 processing /app/data/T0015/222046/b14710b/RBUS/sampleapps/consumer/sample_rbus_session_mgr.c
2025-11-10 16:40:15,369 - Knowledge - INFO - Fast-tracked /app/data/T0015/222046/b14710b/RBUS/sampleapps/CMakeLists.txt (ext=.txt, size=5985)
2025-11-10 16:40:15,471 - Knowledge - INFO - Worker kw14 processing /app/data/T0015/222046/b14710b/RBUS/sampleapps/provider/rbusMethodProvider.c
2025-11-10 16:40:15,539 - Knowledge - INFO - Worker kw15 processing /app/data/T0015/222046/b14710b/RBUS/conf/rbus_log_capture.sh
2025-11-10 16:40:15,614 - Knowledge - INFO - Fast-tracked /app/data/T0015/222046/b14710b/RBUS/utils/CMakeLists.txt (ext=.txt, size=987)
2025-11-10 16:40:15,732 - Knowledge - INFO - Worker kw17 processing /app/data/T0015/222046/b14710b/RBUS/utils/codegen/ccsp_style_generator/sampleapp/build.sh
2025-11-10 16:40:15,845 - Knowledge - INFO - Batch sizing: calculated=12, max_allowed=25, queue=114, active_workers=17/19
2025-11-10 16:40:15,926 - Knowledge - INFO - [kw19] Queue=102, InProgress=0, PendingWorkers=17/19, Completed=0/339 (0.0%)
2025-11-10 16:40:16,010 - Knowledge - INFO - knowledge worker kw20 start
2025-11-10 16:40:16,087 - Knowledge - INFO - Fast-tracked /app/data/T0015/222046/b14710b/RBUS/test/rbus/consumer/propertyAPI.c (ext=.c, size=14676)
2025-11-10 16:40:16,170 - Knowledge - INFO - Worker kw2 processing /app/data/T0015/222046/b14710b/RBUS/test/rbus/rbusTestValue.c
2025-11-10 16:40:16,234 - Knowledge - INFO - Fast-tracked /app/data/T0015/222046/b14710b/RBUS/test/rbus/multiConsumerThreadsForSingleEvent/multiConsumerThreadsForSingleEvent.c (ext=.c, size=1843)
2025-11-10 16:40:16,312 - Knowledge - INFO - Worker kw4 processing /app/data/T0015/222046/b14710b/RBUS/test/core/sample_event_server.c
2025-11-10 16:40:16,405 - Knowledge - INFO - Fast-tracked /app/data/T0015/222046/b14710b/RBUS/test/core/bin_header.h (ext=.h, size=838)
2025-11-10 16:40:16,497 - Knowledge - INFO - Fast-tracked /app/data/T0015/222046/b14710b/RBUS/src/rbus/rbus_tokenchain.h (ext=.h, size=1802)
2025-11-10 16:40:16,572 - Knowledge - INFO - Worker kw7 processing /app/data/T0015/222046/b14710b/RBUS/src/core/rbuscore_logger.h
2025-11-10 16:40:16,656 - Knowledge - INFO - Worker kw8 processing /app/data/T0015/222046/b14710b/RBUS/src/rtmessage/rtConnection.h
2025-11-10 16:40:16,731 - Knowledge - INFO - Worker kw9 processing /app/data/T0015/222046/b14710b/RBUS/src/rtmessage/CMakeLists.txt
2025-11-10 16:40:16,811 - Knowledge - INFO - Worker kw10 processing /app/data/T0015/222046/b14710b/RBUS/src/rtmessage/rtHashMap.c
2025-11-10 16:40:16,888 - Knowledge - INFO - Worker kw11 processing /app/data/T0015/222046/b14710b/RBUS/src/rtmessage/rtRoutingTree.c
2025-11-10 16:40:16,961 - Knowledge - INFO - Fast-tracked /app/data/T0015/222046/b14710b/RBUS/sampleapps/consumer/sample_rbus_session_mgr.c (ext=.c, size=1292)
2025-11-10 16:40:17,029 - Knowledge - INFO - Worker kw13 processing /app/data/T0015/222046/b14710b/RBUS/sampleapps/message/rbusMessageListener.c
2025-11-10 16:40:17,104 - Knowledge - INFO - Worker kw14 processing /app/data/T0015/222046/b14710b/RBUS/sampleapps/provider/utilities.c
2025-11-10 16:40:17,172 - Knowledge - INFO - Fast-tracked /app/data/T0015/222046/b14710b/RBUS/conf/rbus_log_capture.sh (ext=.sh, size=558)
2025-11-10 16:40:17,263 - Knowledge - INFO - Worker kw16 processing /app/data/T0015/222046/b14710b/RBUS/utils/codegen/ccsp_style_generator/scripts/rbus_code_generator_ccsp_style.sh
2025-11-10 16:40:17,371 - Knowledge - INFO - Fast-tracked /app/data/T0015/222046/b14710b/RBUS/utils/codegen/ccsp_style_generator/sampleapp/build.sh (ext=.sh, size=1006)
2025-11-10 16:40:17,440 - Knowledge - INFO - Worker kw18 processing /app/data/T0015/222046/b14710b/RBUS/utils/dataProvider/data/Device.X_RDKCENTRAL-COM_Camera.Thumbnail.Upload.json
2025-11-10 16:40:17,547 - Knowledge - INFO - Batch sizing: calculated=12, max_allowed=25, queue=102, active_workers=18/20
2025-11-10 16:40:17,626 - Knowledge - INFO - [kw20] Queue=90, InProgress=0, PendingWorkers=18/20, Completed=0/339 (0.0%)
2025-11-10 16:40:17,715 - Knowledge - INFO - Worker kw1 processing /app/data/T0015/222046/b14710b/RBUS/test/rbus/consumer/rbusRecoveryConsumer.c
2025-11-10 16:40:17,793 - Knowledge - INFO - Fast-tracked /app/data/T0015/222046/b14710b/RBUS/test/rbus/rbusTestValue.c (ext=.c, size=49472)
2025-11-10 16:40:17,850 - Knowledge - INFO - Worker kw3 processing /app/data/T0015/222046/b14710b/RBUS/test/rbus/rbusTestTimeoutValues/testTimeoutValuesConsumer.c
2025-11-10 16:40:17,922 - Knowledge - INFO - Fast-tracked /app/data/T0015/222046/b14710b/RBUS/test/core/sample_event_server.c (ext=.c, size=5929)
2025-11-10 16:40:18,041 - Knowledge - INFO - Worker kw5 processing /app/data/T0015/222046/b14710b/RBUS/cov_build.sh
2025-11-10 16:40:18,115 - Knowledge - INFO - Worker kw6 processing /app/data/T0015/222046/b14710b/RBUS/src/rbus/rbus_handle.h
2025-11-10 16:40:18,182 - Knowledge - INFO - Fast-tracked /app/data/T0015/222046/b14710b/RBUS/src/core/rbuscore_logger.h (ext=.h, size=1333)
2025-11-10 16:40:18,258 - Knowledge - INFO - Worker kw8 processing /app/data/T0015/222046/b14710b/RBUS/src/rtmessage/rtCipher.c
2025-11-10 16:40:18,353 - Knowledge - INFO - Fast-tracked /app/data/T0015/222046/b14710b/RBUS/src/rtmessage/CMakeLists.txt (ext=.txt, size=4862)
2025-11-10 16:40:18,426 - Knowledge - INFO - Worker kw10 processing /app/data/T0015/222046/b14710b/RBUS/src/rtmessage/rtMessageHeader.c
2025-11-10 16:40:18,512 - Knowledge - INFO - Worker kw11 processing /app/data/T0015/222046/b14710b/RBUS/src/rtmessage/rtVector.h
2025-11-10 16:40:18,598 - Knowledge - INFO - Worker kw12 processing /app/data/T0015/222046/b14710b/RBUS/sampleapps/consumer/rbusIntervalConsumer.c
2025-11-10 16:40:18,667 - Knowledge - INFO - Fast-tracked /app/data/T0015/222046/b14710b/RBUS/sampleapps/message/rbusMessageListener.c (ext=.c, size=1576)
2025-11-10 16:40:18,749 - Knowledge - INFO - Worker kw14 processing /app/data/T0015/222046/b14710b/RBUS/sampleapps/provider/rbusIntervalProvider.c
2025-11-10 16:40:18,820 - Knowledge - INFO - Worker kw15 processing /app/data/T0015/222046/b14710b/RBUS/CMakeLists.txt
2025-11-10 16:40:18,901 - Knowledge - INFO - Fast-tracked /app/data/T0015/222046/b14710b/RBUS/utils/codegen/ccsp_style_generator/scripts/rbus_code_generator_ccsp_style.sh (ext=.sh, size=1303)
2025-11-10 16:40:19,003 - Knowledge - INFO - Worker kw17 processing /app/data/T0015/222046/b14710b/RBUS/utils/codegen/ccsp_style_generator/sampleapp/codegen/Sample_rbus.c
2025-11-10 16:40:19,114 - Knowledge - INFO - Fast-tracked /app/data/T0015/222046/b14710b/RBUS/utils/dataProvider/data/Device.X_RDKCENTRAL-COM_Camera.Thumbnail.Upload.json (ext=.json, size=362)
2025-11-10 16:40:19,199 - Knowledge - INFO - Worker kw19 processing /app/data/T0015/222046/b14710b/RBUS/utils/dataProvider/data/Device.X_RDKCENTRAL-COM_Camera.LiveStream.EvoStream.VideoConfig.json
2025-11-10 16:40:19,278 - Knowledge - INFO - Batch sizing: calculated=10, max_allowed=25, queue=90, active_workers=19/20
2025-11-10 16:40:19,351 - Knowledge - INFO - Fast-tracked /app/data/T0015/222046/b14710b/RBUS/test/rbus/consumer/rbusRecoveryConsumer.c (ext=.c, size=13058)
2025-11-10 16:40:19,421 - Knowledge - INFO - Worker kw2 processing /app/data/T0015/222046/b14710b/RBUS/test/rbus/multiRbusOpenEventProvider/multiRbusOpenEventProvider.c
2025-11-10 16:40:19,488 - Knowledge - INFO - Fast-tracked /app/data/T0015/222046/b14710b/RBUS/test/rbus/rbusTestTimeoutValues/testTimeoutValuesConsumer.c (ext=.c, size=3761)
2025-11-10 16:40:19,599 - Knowledge - INFO - Worker kw4 processing /app/data/T0015/222046/b14710b/RBUS/test/core/sample_wildcard_client.c
2025-11-10 16:40:19,671 - Knowledge - INFO - Fast-tracked /app/data/T0015/222046/b14710b/RBUS/cov_build.sh (ext=.sh, size=757)
2025-11-10 16:40:19,745 - Knowledge - INFO - Worker kw6 processing /app/data/T0015/222046/b14710b/RBUS/src/rbus/rbus.c
2025-11-10 16:40:19,853 - Knowledge - INFO - Worker kw7 processing /app/data/T0015/222046/b14710b/RBUS/src/core/rbuscore_message.c
2025-11-10 16:40:19,958 - Knowledge - INFO - Worker kw8 processing /app/data/T0015/222046/b14710b/RBUS/src/rtmessage/rtrouted.c
2025-11-10 16:40:20,071 - Knowledge - INFO - Worker kw9 processing /app/data/T0015/222046/b14710b/RBUS/src/rtmessage/rtDebug.c
2025-11-10 16:40:20,171 - Knowledge - INFO - Worker kw10 processing /app/data/T0015/222046/b14710b/RBUS/src/rtmessage/rtMemory.h
2025-11-10 16:40:20,271 - Knowledge - INFO - Fast-tracked /app/data/T0015/222046/b14710b/RBUS/src/rtmessage/rtVector.h (ext=.h, size=1902)
2025-11-10 16:40:20,350 - Knowledge - INFO - Worker kw12 processing /app/data/T0015/222046/b14710b/RBUS/sampleapps/consumer/rbusTableConsumer.c
2025-11-10 16:40:20,413 - Knowledge - INFO - Worker kw13 processing /app/data/T0015/222046/b14710b/RBUS/sampleapps/message/rbusMessageSender.c
2025-11-10 16:40:20,515 - Knowledge - INFO - Worker kw14 processing /app/data/T0015/222046/b14710b/RBUS/sampleapps/provider/rbusValueChangeProvider.c
2025-11-10 16:40:20,626 - Knowledge - INFO - Fast-tracked /app/data/T0015/222046/b14710b/RBUS/CMakeLists.txt (ext=.txt, size=7477)
2025-11-10 16:40:20,728 - Knowledge - INFO - Worker kw16 processing /app/data/T0015/222046/b14710b/RBUS/utils/codegen/ccsp_style_generator/scripts/rbus_code_generator_ccsp_style.py
2025-11-10 16:40:20,841 - Knowledge - INFO - Worker kw17 processing /app/data/T0015/222046/b14710b/RBUS/utils/codegen/ccsp_style_generator/sampleapp/codegen/Sample_app.c
2025-11-10 16:40:20,917 - Knowledge - INFO - Worker kw18 processing /app/data/T0015/222046/b14710b/RBUS/utils/dataProvider/data/Device.DeviceInfo.ProcessStatus.Process.json
2025-11-10 16:40:20,989 - Knowledge - INFO - Fast-tracked /app/data/T0015/222046/b14710b/RBUS/utils/dataProvider/data/Device.X_RDKCENTRAL-COM_Camera.LiveStream.EvoStream.VideoConfig.json (ext=.json, size=1037)
2025-11-10 16:40:21,066 - Knowledge - INFO - Worker kw20 processing /app/data/T0015/222046/b14710b/RBUS/utils/dataProvider/data/Device.WiFi.X_RDKCENTRAL-COM_BandSteering.BandSetting.json
2025-11-10 16:40:21,140 - Knowledge - INFO - Worker kw1 processing /app/data/T0015/222046/b14710b/RBUS/test/rbus/consumer/valueAPI.c
2025-11-10 16:40:21,224 - Knowledge - INFO - Fast-tracked /app/data/T0015/222046/b14710b/RBUS/test/rbus/multiRbusOpenEventProvider/multiRbusOpenEventProvider.c (ext=.c, size=3049)
2025-11-10 16:40:21,295 - Knowledge - INFO - Worker kw3 processing /app/data/T0015/222046/b14710b/RBUS/test/rbus/rbusTestTimeoutValues/testTimeoutValuesProvider.c
2025-11-10 16:40:21,382 - Knowledge - INFO - Fast-tracked /app/data/T0015/222046/b14710b/RBUS/test/core/sample_wildcard_client.c (ext=.c, size=3304)
2025-11-10 16:40:21,494 - Knowledge - INFO - Worker kw5 processing /app/data/T0015/222046/b14710b/RBUS/src/rbus/rbus_tokenchain.c
2025-11-10 16:40:21,604 - Knowledge - INFO - Fast-tracked /app/data/T0015/222046/b14710b/RBUS/src/rbus/rbus.c (ext=.c, size=235734)
2025-11-10 16:40:21,677 - Knowledge - INFO - Worker kw7 processing /app/data/T0015/222046/b14710b/RBUS/src/core/rbuscore.c
2025-11-10 16:40:21,752 - Knowledge - INFO - Worker kw8 processing /app/data/T0015/222046/b14710b/RBUS/src/rtmessage/rtVector.c
2025-11-10 16:40:21,838 - Knowledge - INFO - Fast-tracked /app/data/T0015/222046/b14710b/RBUS/src/rtmessage/rtDebug.c (ext=.c, size=1194)
2025-11-10 16:40:21,911 - Knowledge - INFO - Fast-tracked /app/data/T0015/222046/b14710b/RBUS/src/rtmessage/rtMemory.h (ext=.h, size=1746)
2025-11-10 16:40:21,980 - Knowledge - INFO - Worker kw11 processing /app/data/T0015/222046/b14710b/RBUS/include/rbus_object.h
2025-11-10 16:40:22,047 - Knowledge - INFO - Worker kw12 processing /app/data/T0015/222046/b14710b/RBUS/sampleapps/consumer/rbusGeneralEventConsumer.c
2025-11-10 16:40:22,130 - Knowledge - INFO - Fast-tracked /app/data/T0015/222046/b14710b/RBUS/sampleapps/message/rbusMessageSender.c (ext=.c, size=1765)
2025-11-10 16:40:22,206 - Knowledge - INFO - Worker kw14 processing /app/data/T0015/222046/b14710b/RBUS/sampleapps/rtmessage/sample_send.c
2025-11-10 16:40:22,285 - Knowledge - INFO - Worker kw15 processing /app/data/T0015/222046/b14710b/RBUS/cmake/Findbreakpad.cmake
2025-11-10 16:40:22,403 - Knowledge - INFO - Worker kw16 processing /app/data/T0015/222046/b14710b/RBUS/utils/codegen/ccsp_style_generator/src/rbus_context_helpers.h
2025-11-10 16:40:22,476 - Knowledge - INFO - Fast-tracked /app/data/T0015/222046/b14710b/RBUS/utils/codegen/ccsp_style_generator/sampleapp/codegen/Sample_app.c (ext=.c, size=1319)
2025-11-10 16:40:22,548 - Knowledge - INFO - Fast-tracked /app/data/T0015/222046/b14710b/RBUS/utils/dataProvider/data/Device.DeviceInfo.ProcessStatus.Process.json (ext=.json, size=728)
2025-11-10 16:40:22,623 - Knowledge - INFO - Worker kw19 processing /app/data/T0015/222046/b14710b/RBUS/utils/dataProvider/data/Device.X_COMCAST-COM_Xcalibur.json
2025-11-10 16:40:22,698 - Knowledge - INFO - Fast-tracked /app/data/T0015/222046/b14710b/RBUS/utils/dataProvider/data/Device.WiFi.X_RDKCENTRAL-COM_BandSteering.BandSetting.json (ext=.json, size=560)
2025-11-10 16:40:22,800 - Knowledge - INFO - Fast-tracked /app/data/T0015/222046/b14710b/RBUS/test/rbus/consumer/valueAPI.c (ext=.c, size=43184)
2025-11-10 16:40:22,880 - Knowledge - INFO - Worker kw2 processing /app/data/T0015/222046/b14710b/RBUS/test/rbus/multiRbusOpenMethodConsumer/multiRbusOpenMethodConsumer.c
2025-11-10 16:40:22,954 - Knowledge - INFO - Fast-tracked /app/data/T0015/222046/b14710b/RBUS/test/rbus/rbusTestTimeoutValues/testTimeoutValuesProvider.c (ext=.c, size=3507)
2025-11-10 16:40:23,052 - Knowledge - INFO - Worker kw4 processing /app/data/T0015/222046/b14710b/RBUS/test/core/sample_datamodel.txt
2025-11-10 16:40:23,129 - Knowledge - INFO - Worker kw5 processing /app/data/T0015/222046/b14710b/RBUS/src/rbus/rbus_handle.c
2025-11-10 16:40:23,207 - Knowledge - INFO - Worker kw6 processing /app/data/T0015/222046/b14710b/RBUS/src/rbus/rbus_log.h
2025-11-10 16:40:23,312 - Knowledge - INFO - Fast-tracked /app/data/T0015/222046/b14710b/RBUS/src/core/rbuscore.c (ext=.c, size=100703)
2025-11-10 16:40:23,385 - Knowledge - INFO - Worker kw8 processing /app/data/T0015/222046/b14710b/RBUS/src/rtmessage/rtMessageHeader.h
2025-11-10 16:40:23,461 - Knowledge - INFO - Worker kw9 processing /app/data/T0015/222046/b14710b/RBUS/src/rtmessage/rtHashMap.h
2025-11-10 16:40:23,551 - Knowledge - INFO - Worker kw10 processing /app/data/T0015/222046/b14710b/RBUS/src/rtmessage/rtSocket.h
2025-11-10 16:40:23,649 - Knowledge - INFO - Worker kw11 processing /app/data/T0015/222046/b14710b/RBUS/include/rbus.h
2025-11-10 16:40:23,721 - Knowledge - INFO - Worker kw12 processing /app/data/T0015/222046/b14710b/RBUS/sampleapps/consumer/rbusRawDataConsumer.c
2025-11-10 16:40:23,804 - Knowledge - INFO - Worker kw13 processing /app/data/T0015/222046/b14710b/RBUS/sampleapps/provider/rbusTableProvider.c
2025-11-10 16:40:23,869 - Knowledge - INFO - Worker kw14 processing /app/data/T0015/222046/b14710b/RBUS/sampleapps/rtmessage/sample_res.c
2025-11-10 16:40:23,964 - Knowledge - INFO - Fast-tracked /app/data/T0015/222046/b14710b/RBUS/cmake/Findbreakpad.cmake (ext=.cmake, size=1727)
2025-11-10 16:40:24,074 - Knowledge - INFO - Worker kw16 processing /app/data/T0015/222046/b14710b/RBUS/utils/codegen/ccsp_style_generator/src/rbus_context_helpers.c
2025-11-10 16:40:24,184 - Knowledge - INFO - Worker kw17 processing /app/data/T0015/222046/b14710b/RBUS/utils/codegen/ccsp_style_generator/sampleapp/codegen/Sample_rbus.h
2025-11-10 16:40:24,331 - Knowledge - INFO - Worker kw18 processing /app/data/T0015/222046/b14710b/RBUS/utils/dataProvider/data/Device.DeviceInfo.X_RDKCENTRAL-COM_xOpsDeviceMgmt.Logging.json
2025-11-10 16:40:24,409 - Knowledge - INFO - Fast-tracked /app/data/T0015/222046/b14710b/RBUS/utils/dataProvider/data/Device.X_COMCAST-COM_Xcalibur.json (ext=.json, size=126)
2025-11-10 16:40:24,487 - Knowledge - INFO - Worker kw20 processing /app/data/T0015/222046/b14710b/RBUS/utils/dataProvider/data/Device.DeviceInfo.X_RDKCENTRAL-COM_xOpsDeviceMgmt.RPC.json
2025-11-10 16:40:24,580 - Knowledge - INFO - Worker kw1 processing /app/data/T0015/222046/b14710b/RBUS/test/rbus/consumer/rbusTestMultiConsumer.c
2025-11-10 16:40:24,693 - Knowledge - INFO - Fast-tracked /app/data/T0015/222046/b14710b/RBUS/test/rbus/multiRbusOpenMethodConsumer/multiRbusOpenMethodConsumer.c (ext=.c, size=7147)
2025-11-10 16:40:24,764 - Knowledge - INFO - Worker kw3 processing /app/data/T0015/222046/b14710b/RBUS/test/rbus/provider/rbusTestProvider.c
2025-11-10 16:40:24,855 - Knowledge - INFO - Fast-tracked /app/data/T0015/222046/b14710b/RBUS/test/core/sample_datamodel.txt (ext=.txt, size=233524)
2025-11-10 16:40:24,926 - Knowledge - INFO - Worker kw5 processing /app/data/T0015/222046/b14710b/RBUS/src/rbus/rbus_valuechange.h
2025-11-10 16:40:25,011 - Knowledge - INFO - Fast-tracked /app/data/T0015/222046/b14710b/RBUS/src/rbus/rbus_log.h (ext=.h, size=1570)
2025-11-10 16:40:25,097 - Knowledge - INFO - Worker kw7 processing /app/data/T0015/222046/b14710b/RBUS/src/core/CMakeLists.txt
2025-11-10 16:40:25,211 - Knowledge - INFO - Worker kw8 processing /app/data/T0015/222046/b14710b/RBUS/src/rtmessage/rtBuffer.h
2025-11-10 16:40:25,282 - Knowledge - INFO - Worker kw9 processing /app/data/T0015/222046/b14710b/RBUS/src/rtmessage/rtBuffer.c
2025-11-10 16:40:25,372 - Knowledge - INFO - Fast-tracked /app/data/T0015/222046/b14710b/RBUS/src/rtmessage/rtSocket.h (ext=.h, size=1397)
2025-11-10 16:40:25,442 - Knowledge - INFO - Worker kw11 processing /app/data/T0015/222046/b14710b/RBUS/include/rbus_property.h
2025-11-10 16:40:25,522 - Knowledge - INFO - Worker kw12 processing /app/data/T0015/222046/b14710b/RBUS/sampleapps/consumer/rbusSampleConsumer.c
2025-11-10 16:40:25,609 - Knowledge - INFO - Worker kw13 processing /app/data/T0015/222046/b14710b/RBUS/sampleapps/provider/rbusGeneralEventProvider.c
2025-11-10 16:40:25,694 - Knowledge - INFO - Fast-tracked /app/data/T0015/222046/b14710b/RBUS/sampleapps/rtmessage/sample_res.c (ext=.c, size=1985)
2025-11-10 16:40:25,775 - Knowledge - INFO - Worker kw15 processing /app/data/T0015/222046/b14710b/RBUS/cmake/Findmsgpack.cmake
2025-11-10 16:40:25,859 - Knowledge - INFO - Worker kw16 processing /app/data/T0015/222046/b14710b/RBUS/utils/codegen/ccsp_style_generator/sampleapp/final/Sample_hal.h
2025-11-10 16:40:25,941 - Knowledge - INFO - Fast-tracked /app/data/T0015/222046/b14710b/RBUS/utils/codegen/ccsp_style_generator/sampleapp/codegen/Sample_rbus.h (ext=.h, size=913)
2025-11-10 16:40:26,022 - Knowledge - INFO - Fast-tracked /app/data/T0015/222046/b14710b/RBUS/utils/dataProvider/data/Device.DeviceInfo.X_RDKCENTRAL-COM_xOpsDeviceMgmt.Logging.json (ext=.json, size=382)
2025-11-10 16:40:26,102 - Knowledge - INFO - Worker kw19 processing /app/data/T0015/222046/b14710b/RBUS/utils/dataProvider/data/Device.WiFi.Radio.json
2025-11-10 16:40:26,194 - Knowledge - INFO - Fast-tracked /app/data/T0015/222046/b14710b/RBUS/utils/dataProvider/data/Device.DeviceInfo.X_RDKCENTRAL-COM_xOpsDeviceMgmt.RPC.json (ext=.json, size=1674)
2025-11-10 16:40:26,263 - Knowledge - INFO - Fast-tracked /app/data/T0015/222046/b14710b/RBUS/test/rbus/consumer/rbusTestMultiConsumer.c (ext=.c, size=7181)
2025-11-10 16:40:26,353 - Knowledge - INFO - Worker kw2 processing /app/data/T0015/222046/b14710b/RBUS/test/rbus/CMakeLists.txt
2025-11-10 16:40:26,449 - Knowledge - INFO - Fast-tracked /app/data/T0015/222046/b14710b/RBUS/test/rbus/provider/rbusTestProvider.c (ext=.c, size=61699)
2025-11-10 16:40:26,549 - Knowledge - INFO - Worker kw4 processing /app/data/T0015/222046/b14710b/RBUS/test/core/nested_server.c
2025-11-10 16:40:26,633 - Knowledge - INFO - Fast-tracked /app/data/T0015/222046/b14710b/RBUS/src/rbus/rbus_valuechange.h (ext=.h, size=1108)
2025-11-10 16:40:26,715 - Knowledge - INFO - Worker kw6 processing /app/data/T0015/222046/b14710b/RBUS/src/rbus/rbus_object.c
2025-11-10 16:40:26,795 - Knowledge - INFO - Fast-tracked /app/data/T0015/222046/b14710b/RBUS/src/core/CMakeLists.txt (ext=.txt, size=1415)
2025-11-10 16:40:26,863 - Knowledge - INFO - Fast-tracked /app/data/T0015/222046/b14710b/RBUS/src/rtmessage/rtBuffer.h (ext=.h, size=1523)
2025-11-10 16:40:26,958 - Knowledge - INFO - Worker kw9 processing /app/data/T0015/222046/b14710b/RBUS/src/rtmessage/rtrouteBase.c
2025-11-10 16:40:27,010 - Knowledge - INFO - Worker kw10 processing /app/data/T0015/222046/b14710b/RBUS/src/rtmessage/rtAdvisory.h
2025-11-10 16:40:27,109 - Knowledge - INFO - Worker kw11 processing /app/data/T0015/222046/b14710b/RBUS/include/rbus_value.h
2025-11-10 16:40:27,219 - Knowledge - INFO - Worker kw12 processing /app/data/T0015/222046/b14710b/RBUS/sampleapps/consumer/rbusEventConsumer.c
2025-11-10 16:40:27,299 - Knowledge - INFO - Worker kw13 processing /app/data/T0015/222046/b14710b/RBUS/sampleapps/provider/rbusRawDataProvider.c
2025-11-10 16:40:27,407 - Knowledge - INFO - Worker kw14 processing /app/data/T0015/222046/b14710b/RBUS/sampleapps/rtmessage/sample_recv.c
2025-11-10 16:40:27,490 - Knowledge - INFO - Fast-tracked /app/data/T0015/222046/b14710b/RBUS/cmake/Findmsgpack.cmake (ext=.cmake, size=1482)
2025-11-10 16:40:27,572 - Knowledge - INFO - Fast-tracked /app/data/T0015/222046/b14710b/RBUS/utils/codegen/ccsp_style_generator/sampleapp/final/Sample_hal.h (ext=.h, size=1647)
2025-11-10 16:40:27,666 - Knowledge - INFO - Worker kw17 processing /app/data/T0015/222046/b14710b/RBUS/utils/dataProvider/dmProviderHost.h
2025-11-10 16:40:27,748 - Knowledge - INFO - Worker kw18 processing /app/data/T0015/222046/b14710b/RBUS/utils/dataProvider/data/Device.WiFi.X_RDKCENTRAL-COM_Camera.json
2025-11-10 16:40:27,821 - Knowledge - INFO - Fast-tracked /app/data/T0015/222046/b14710b/RBUS/utils/dataProvider/data/Device.WiFi.Radio.json (ext=.json, size=683)
2025-11-10 16:40:27,897 - Knowledge - INFO - Worker kw20 processing /app/data/T0015/222046/b14710b/RBUS/utils/dataProvider/data/Device.DeviceInfo.X_RDKCENTRAL-COM_Syndication.json
2025-11-10 16:40:27,969 - Knowledge - INFO - Worker kw1 processing /app/data/T0015/222046/b14710b/RBUS/test/rbus/consumer/valueChange.c
2025-11-10 16:40:28,052 - Knowledge - INFO - Fast-tracked /app/data/T0015/222046/b14710b/RBUS/test/rbus/CMakeLists.txt (ext=.txt, size=7325)
2025-11-10 16:40:28,144 - Knowledge - INFO - Worker kw3 processing /app/data/T0015/222046/b14710b/RBUS/test/rbus/provider/rbusTestMultiProvider.c
2025-11-10 16:40:28,234 - Knowledge - INFO - Fast-tracked /app/data/T0015/222046/b14710b/RBUS/test/core/nested_server.c (ext=.c, size=3964)
2025-11-10 16:40:28,312 - Knowledge - INFO - Worker kw5 processing /app/data/T0015/222046/b14710b/RBUS/src/rbus/rbus_subscriptions.c
2025-11-10 16:40:28,433 - Knowledge - INFO - Worker kw6 processing /app/data/T0015/222046/b14710b/RBUS/src/rbus/rbus_intervalsubscription.h
2025-11-10 16:40:28,522 - Knowledge - INFO - Worker kw7 processing /app/data/T0015/222046/b14710b/RBUS/src/core/rbuscore.h
2025-11-10 16:40:28,599 - Knowledge - INFO - Worker kw8 processing /app/data/T0015/222046/b14710b/RBUS/src/rtmessage/rtrouteBase.h
2025-11-10 16:40:28,668 - Knowledge - INFO - Worker kw9 processing /app/data/T0015/222046/b14710b/RBUS/src/rtmessage/rtsub.c
2025-11-10 16:40:28,765 - Knowledge - INFO - Fast-tracked /app/data/T0015/222046/b14710b/RBUS/src/rtmessage/rtAdvisory.h (ext=.h, size=1191)
2025-11-10 16:40:28,839 - Knowledge - INFO - Worker kw11 processing /app/data/T0015/222046/b14710b/RBUS/include/rbus_buffer.h
2025-11-10 16:40:29,023 - Knowledge - INFO - Worker kw13 processing /app/data/T0015/222046/b14710b/RBUS/sampleapps/provider/utilities.h
2025-11-10 16:40:29,084 - Knowledge - INFO - Fast-tracked /app/data/T0015/222046/b14710b/RBUS/sampleapps/rtmessage/sample_recv.c (ext=.c, size=1872)
2025-11-10 16:40:29,162 - Knowledge - INFO - Worker kw15 processing /app/data/T0015/222046/b14710b/RBUS/cmake/CodeCoverage.cmake
2025-11-10 16:40:29,236 - Knowledge - INFO - Worker kw16 processing /app/data/T0015/222046/b14710b/RBUS/utils/codegen/ccsp_style_generator/sampleapp/final/Sample_rbus.c
2025-11-10 16:40:29,331 - Knowledge - INFO - Worker kw17 processing /app/data/T0015/222046/b14710b/RBUS/utils/dataProvider/dmPropertyInfo.h
2025-11-10 16:40:29,445 - Knowledge - INFO - Fast-tracked /app/data/T0015/222046/b14710b/RBUS/utils/dataProvider/data/Device.WiFi.X_RDKCENTRAL-COM_Camera.json (ext=.json, size=324)
2025-11-10 16:40:29,523 - Knowledge - INFO - Worker kw19 processing /app/data/T0015/222046/b14710b/RBUS/utils/dataProvider/data/Device.DeviceInfo.json
2025-11-10 16:40:29,631 - Knowledge - INFO - Fast-tracked /app/data/T0015/222046/b14710b/RBUS/utils/dataProvider/data/Device.DeviceInfo.X_RDKCENTRAL-COM_Syndication.json (ext=.json, size=238)
2025-11-10 16:40:29,716 - Knowledge - INFO - Fast-tracked /app/data/T0015/222046/b14710b/RBUS/test/rbus/consumer/valueChange.c (ext=.c, size=25814)
2025-11-10 16:40:29,796 - Knowledge - INFO - Worker kw2 processing /app/data/T0015/222046/b14710b/RBUS/test/rbus/multiRbusOpenRbusGetConsumer/multiRbusOpenRbusGetConsumer.c
2025-11-10 16:40:29,856 - Knowledge - INFO - Fast-tracked /app/data/T0015/222046/b14710b/RBUS/sampleapps/consumer/rbusBlockingConsumer.c (small file (2960 bytes))
2025-11-10 16:40:29,883 - Knowledge - INFO - Fast-tracked /app/data/T0015/222046/b14710b/RBUS/test/rbus/provider/rbusTestMultiProvider.c (ext=.c, size=10938)
2025-11-10 16:40:29,946 - Knowledge - INFO - Worker kw4 processing /app/data/T0015/222046/b14710b/RBUS/test/core/benchmark_test/rbus_benchmark_test_app.cpp
2025-11-10 16:40:30,027 - Knowledge - INFO - Worker kw5 processing /app/data/T0015/222046/b14710b/RBUS/src/rbus/rbus_asyncsubscribe.c
2025-11-10 16:40:30,099 - Knowledge - INFO - Fast-tracked /app/data/T0015/222046/b14710b/RBUS/src/rbus/rbus_intervalsubscription.h (ext=.h, size=1110)
2025-11-10 16:40:30,168 - Knowledge - INFO - Worker kw7 processing /app/data/T0015/222046/b14710b/RBUS/src/core/rbuscore_message.h
2025-11-10 16:40:30,249 - Knowledge - INFO - Fast-tracked /app/data/T0015/222046/b14710b/RBUS/src/rtmessage/rtMemory.c (small file (2503 bytes))
2025-11-10 16:40:30,348 - Knowledge - INFO - Worker kw9 processing /app/data/T0015/222046/b14710b/RBUS/src/rtmessage/rtMessage.h
2025-11-10 16:40:30,428 - Knowledge - INFO - Worker kw11 processing /app/data/T0015/222046/b14710b/RBUS/include/rbus_filter.h
2025-11-10 16:40:30,493 - Knowledge - INFO - Worker kw10 processing /app/data/T0015/222046/b14710b/RBUS/src/rtmessage/diag_probe.c
2025-11-10 16:40:30,572 - Knowledge - INFO - Fast-tracked /app/data/T0015/222046/b14710b/RBUS/sampleapps/provider/utilities.h (ext=.h, size=1377)
2025-11-10 16:40:30,641 - Knowledge - INFO - Worker kw14 processing /app/data/T0015/222046/b14710b/RBUS/sampleapps/rtmessage/sample_req.c
2025-11-10 16:40:30,729 - Knowledge - INFO - Worker kw15 processing /app/data/T0015/222046/b14710b/RBUS/cmake/Findlinenoise.cmake
2025-11-10 16:40:30,836 - Knowledge - INFO - Worker kw16 processing /app/data/T0015/222046/b14710b/RBUS/utils/codegen/ccsp_style_generator/sampleapp/final/Sample_app.c
2025-11-10 16:40:30,938 - Knowledge - INFO - Fast-tracked /app/data/T0015/222046/b14710b/RBUS/utils/dataProvider/dmPropertyInfo.h (ext=.h, size=1720)
2025-11-10 16:40:31,019 - Knowledge - INFO - Worker kw18 processing /app/data/T0015/222046/b14710b/RBUS/utils/dataProvider/data/Device.X_RDKCENTRAL-COM_Camera.XW.json
2025-11-10 16:40:31,094 - Knowledge - INFO - Fast-tracked /app/data/T0015/222046/b14710b/RBUS/utils/dataProvider/data/Device.DeviceInfo.json (ext=.json, size=1811)
2025-11-10 16:40:31,160 - Knowledge - INFO - Worker kw20 processing /app/data/T0015/222046/b14710b/RBUS/utils/dataProvider/data/Device.DeviceInfo.X_RDKCENTRAL-COM_RFC.Feature.json
2025-11-10 16:40:31,242 - Knowledge - INFO - Worker kw1 processing /app/data/T0015/222046/b14710b/RBUS/test/rbus/consumer/tables.c
2025-11-10 16:40:31,325 - Knowledge - INFO - Fast-tracked /app/data/T0015/222046/b14710b/RBUS/test/rbus/multiRbusOpenRbusGetConsumer/multiRbusOpenRbusGetConsumer.c (ext=.c, size=2849)
2025-11-10 16:40:31,500 - Knowledge - INFO - Worker kw3 processing /app/data/T0015/222046/b14710b/RBUS/test/rbus/multiRbusOpenEventConsumer/multiRbusOpenEventConsumer.c
2025-11-10 16:40:31,580 - Knowledge - INFO - Fast-tracked /app/data/T0015/222046/b14710b/RBUS/test/core/benchmark_test/rbus_benchmark_test_app.cpp (ext=.cpp, size=11658)
2025-11-10 16:40:31,668 - Knowledge - INFO - Worker kw5 processing /app/data/T0015/222046/b14710b/RBUS/src/rbus/rbus_filter.c
2025-11-10 16:40:31,847 - Knowledge - INFO - Worker kw7 processing /app/data/T0015/222046/b14710b/RBUS/src/core/rbuscore_types.h
2025-11-10 16:40:32,043 - Knowledge - INFO - Worker kw9 processing /app/data/T0015/222046/b14710b/RBUS/src/rtmessage/rtError.c
2025-11-10 16:40:32,123 - Knowledge - INFO - Worker kw11 processing /app/data/T0015/222046/b14710b/RBUS/sampleapps/consumer/rbusDirectConsumer.c
2025-11-10 16:40:32,196 - Knowledge - INFO - Worker kw10 processing /app/data/T0015/222046/b14710b/RBUS/src/rtmessage/rtString.h
2025-11-10 16:40:32,260 - Knowledge - INFO - Worker kw13 processing /app/data/T0015/222046/b14710b/RBUS/sampleapps/provider/rbusSampleTableProvider.c
2025-11-10 16:40:32,344 - Knowledge - INFO - Fast-tracked /app/data/T0015/222046/b14710b/RBUS/sampleapps/rtmessage/sample_req.c (ext=.c, size=1704)
2025-11-10 16:40:32,470 - Knowledge - INFO - Fast-tracked /app/data/T0015/222046/b14710b/RBUS/cmake/Findlinenoise.cmake (ext=.cmake, size=1509)
2025-11-10 16:40:32,557 - Knowledge - INFO - Fast-tracked /app/data/T0015/222046/b14710b/RBUS/utils/codegen/ccsp_style_generator/sampleapp/final/Sample_app.c (ext=.c, size=1319)
2025-11-10 16:40:32,637 - Knowledge - INFO - Worker kw17 processing /app/data/T0015/222046/b14710b/RBUS/utils/dataProvider/dmValue.h
2025-11-10 16:40:32,746 - Knowledge - INFO - Fast-tracked /app/data/T0015/222046/b14710b/RBUS/utils/dataProvider/data/Device.X_RDKCENTRAL-COM_Camera.XW.json (ext=.json, size=426)
2025-11-10 16:40:32,811 - Knowledge - INFO - Worker kw19 processing /app/data/T0015/222046/b14710b/RBUS/utils/dataProvider/data/Device.WiFi.EndPoint.Security.json
2025-11-10 16:40:32,916 - Knowledge - INFO - Fast-tracked /app/data/T0015/222046/b14710b/RBUS/utils/dataProvider/data/Device.DeviceInfo.X_RDKCENTRAL-COM_RFC.Feature.json (ext=.json, size=247)
2025-11-10 16:40:33,014 - Knowledge - INFO - Fast-tracked /app/data/T0015/222046/b14710b/RBUS/test/rbus/consumer/tables.c (ext=.c, size=19635)
2025-11-10 16:40:33,092 - Knowledge - INFO - Worker kw2 processing /app/data/T0015/222046/b14710b/RBUS/test/rbus/common/runningParamHelper.h
2025-11-10 16:40:33,168 - Knowledge - INFO - Fast-tracked /app/data/T0015/222046/b14710b/RBUS/test/rbus/multiRbusOpenEventConsumer/multiRbusOpenEventConsumer.c (ext=.c, size=4268)
2025-11-10 16:40:33,246 - Knowledge - INFO - Worker kw4 processing /app/data/T0015/222046/b14710b/RBUS/test/core/benchmark_test/CMakeLists.txt
2025-11-10 16:40:33,320 - Knowledge - INFO - Worker kw5 processing /app/data/T0015/222046/b14710b/RBUS/src/rbus/rbus_buffer.c
2025-11-10 16:40:33,403 - Knowledge - INFO - Worker kw7 processing /app/data/T0015/222046/b14710b/RBUS/src/rtmessage/rtSemaphore.h
2025-11-10 16:40:33,505 - Knowledge - INFO - Worker kw9 processing /app/data/T0015/222046/b14710b/RBUS/src/rtmessage/rtrouter_diag.h
2025-11-10 16:40:33,654 - Knowledge - INFO - Fast-tracked /app/data/T0015/222046/b14710b/RBUS/src/rtmessage/rtString.h (ext=.h, size=358)
2025-11-10 16:40:33,735 - Knowledge - INFO - Worker kw13 processing /app/data/T0015/222046/b14710b/RBUS/sampleapps/provider/rbusEventProvider.c
2025-11-10 16:40:33,813 - Knowledge - INFO - Worker kw14 processing /app/data/T0015/222046/b14710b/RBUS/sampleapps/rtmessage/CMakeLists.txt
2025-11-10 16:40:33,914 - Knowledge - INFO - Worker kw15 processing /app/data/T0015/222046/b14710b/RBUS/cmake/Findrdklogger.cmake
2025-11-10 16:40:34,009 - Knowledge - INFO - Worker kw16 processing /app/data/T0015/222046/b14710b/RBUS/utils/codegen/ccsp_style_generator/sampleapp/final/Sample_rbus.h
2025-11-10 16:40:34,084 - Knowledge - INFO - Worker kw17 processing /app/data/T0015/222046/b14710b/RBUS/utils/dataProvider/dmQueryResult.h
2025-11-10 16:40:34,164 - Knowledge - INFO - Worker kw18 processing /app/data/T0015/222046/b14710b/RBUS/utils/dataProvider/data/Device.DeviceInfo.X_RDKCENTRAL-COM_RFC.Feature.AccountInfo.json
2025-11-10 16:40:34,253 - Knowledge - INFO - Fast-tracked /app/data/T0015/222046/b14710b/RBUS/utils/dataProvider/data/Device.WiFi.EndPoint.Security.json (ext=.json, size=229)
2025-11-10 16:40:34,317 - Knowledge - INFO - Worker kw20 processing /app/data/T0015/222046/b14710b/RBUS/utils/dataProvider/data/Device.WiFi.EndPoint.Stats.json
2025-11-10 16:40:34,329 - Knowledge - INFO - Fast-tracked /app/data/T0015/222046/b14710b/RBUS/src/rtmessage/rtList.h (small file (2707 bytes))
2025-11-10 16:40:34,400 - Knowledge - INFO - Worker kw1 processing /app/data/T0015/222046/b14710b/RBUS/test/rbus/consumer/objectAPI.c
2025-11-10 16:40:34,486 - Knowledge - INFO - Fast-tracked /app/data/T0015/222046/b14710b/RBUS/test/rbus/common/runningParamHelper.h (ext=.h, size=1130)
2025-11-10 16:40:34,553 - Knowledge - INFO - Worker kw3 processing /app/data/T0015/222046/b14710b/RBUS/test/rbus/rbusTestElementTree.c
2025-11-10 16:40:34,623 - Knowledge - INFO - Fast-tracked /app/data/T0015/222046/b14710b/RBUS/test/core/benchmark_test/CMakeLists.txt (ext=.txt, size=1392)
2025-11-10 16:40:34,925 - Knowledge - INFO - Fast-tracked /app/data/T0015/222046/b14710b/RBUS/src/rtmessage/rtrouter_diag.h (ext=.h, size=1943)
2025-11-10 16:40:35,019 - Knowledge - INFO - Worker kw10 processing /app/data/T0015/222046/b14710b/RBUS/src/rtmessage/rtDebug.h
2025-11-10 16:40:35,107 - Knowledge - INFO - Worker kw13 processing /app/data/T0015/222046/b14710b/RBUS/sampleapps/provider/rbusSampleProvider.c
2025-11-10 16:40:35,194 - Knowledge - INFO - Fast-tracked /app/data/T0015/222046/b14710b/RBUS/sampleapps/rtmessage/CMakeLists.txt (ext=.txt, size=1850)
2025-11-10 16:40:35,259 - Knowledge - INFO - Fast-tracked /app/data/T0015/222046/b14710b/RBUS/cmake/Findrdklogger.cmake (ext=.cmake, size=1500)
2025-11-10 16:40:35,375 - Knowledge - INFO - Fast-tracked /app/data/T0015/222046/b14710b/RBUS/utils/codegen/ccsp_style_generator/sampleapp/final/Sample_rbus.h (ext=.h, size=913)
2025-11-10 16:40:35,489 - Knowledge - INFO - Worker kw17 processing /app/data/T0015/222046/b14710b/RBUS/utils/dataProvider/dmError.cpp
2025-11-10 16:40:35,555 - Knowledge - INFO - Fast-tracked /app/data/T0015/222046/b14710b/RBUS/utils/dataProvider/data/Device.DeviceInfo.X_RDKCENTRAL-COM_RFC.Feature.AccountInfo.json (ext=.json, size=250)
2025-11-10 16:40:35,627 - Knowledge - INFO - Worker kw19 processing /app/data/T0015/222046/b14710b/RBUS/utils/dataProvider/data/Device.Services.json
2025-11-10 16:40:35,716 - Knowledge - INFO - Fast-tracked /app/data/T0015/222046/b14710b/RBUS/utils/dataProvider/data/Device.WiFi.EndPoint.Stats.json (ext=.json, size=226)
2025-11-10 16:40:35,881 - Knowledge - INFO - Fast-tracked /app/data/T0015/222046/b14710b/RBUS/test/rbus/consumer/objectAPI.c (ext=.c, size=6342)
2025-11-10 16:40:35,955 - Knowledge - INFO - Worker kw2 processing /app/data/T0015/222046/b14710b/RBUS/test/rbus/common/test_macros.h
2025-11-10 16:40:36,051 - Knowledge - INFO - Fast-tracked /app/data/T0015/222046/b14710b/RBUS/test/rbus/rbusTestElementTree.c (ext=.c, size=4973)
2025-11-10 16:40:36,122 - Knowledge - INFO - Worker kw4 processing /app/data/T0015/222046/b14710b/RBUS/test/core/benchmark_test/rbus_test_util.h
2025-11-10 16:40:36,282 - Knowledge - INFO - Fast-tracked /app/data/T0015/222046/b14710b/RBUS/src/rtmessage/rtDebug.h (ext=.h, size=1058)
2025-11-10 16:40:36,424 - Knowledge - INFO - Fast-tracked /app/data/T0015/222046/b14710b/RBUS/sampleapps/provider/rbusValueChangeMultiProvider.c (small file (2998 bytes))
2025-11-10 16:40:36,536 - Knowledge - INFO - Worker kw15 processing /app/data/T0015/222046/b14710b/RBUS/cmake/FindcJSON.cmake
2025-11-10 16:40:36,604 - Knowledge - INFO - Worker kw16 processing /app/data/T0015/222046/b14710b/RBUS/utils/codegen/ccsp_style_generator/sampleapp/final/Sample_hal.c
2025-11-10 16:40:36,690 - Knowledge - INFO - Fast-tracked /app/data/T0015/222046/b14710b/RBUS/utils/dataProvider/dmError.cpp (ext=.cpp, size=1343)
2025-11-10 16:40:36,755 - Knowledge - INFO - Worker kw18 processing /app/data/T0015/222046/b14710b/RBUS/utils/dataProvider/data/Device.json
2025-11-10 16:40:36,827 - Knowledge - INFO - Fast-tracked /app/data/T0015/222046/b14710b/RBUS/utils/dataProvider/data/Device.Services.json (ext=.json, size=109)
2025-11-10 16:40:36,902 - Knowledge - INFO - Worker kw20 processing /app/data/T0015/222046/b14710b/RBUS/utils/dataProvider/data/Device.X_RDKCENTRAL-COM_Camera.LiveStream.EvoStream.json
2025-11-10 16:40:37,065 - Knowledge - INFO - Fast-tracked /app/data/T0015/222046/b14710b/RBUS/test/rbus/common/test_macros.h (ext=.h, size=3525)
2025-11-10 16:40:37,125 - Knowledge - INFO - Processing batch of 15 files
2025-11-10 16:40:37,136 - Knowledge - INFO - Worker kw3 processing /app/data/T0015/222046/b14710b/RBUS/test/CMakeLists.txt
2025-11-10 16:40:37,208 - Knowledge - INFO - Fast-tracked /app/data/T0015/222046/b14710b/RBUS/test/core/benchmark_test/rbus_test_util.h (ext=.h, size=3533)
2025-11-10 16:40:37,287 - Knowledge - INFO - Worker kw10 processing /app/data/T0015/222046/b14710b/RBUS/src/rtmessage/rtList.c
2025-11-10 16:40:37,435 - Knowledge - INFO - Fast-tracked /app/data/T0015/222046/b14710b/RBUS/cmake/FindcJSON.cmake (ext=.cmake, size=1630)
2025-11-10 16:40:37,510 - Knowledge - INFO - Worker kw16 processing /app/data/T0015/222046/b14710b/RBUS/utils/codegen/ccsp_style_generator/sampleapp/codegen.sh
2025-11-10 16:40:37,577 - Knowledge - INFO - Worker kw17 processing /app/data/T0015/222046/b14710b/RBUS/utils/dataProvider/dmProvider.h
2025-11-10 16:40:37,680 - Knowledge - INFO - Fast-tracked /app/data/T0015/222046/b14710b/RBUS/utils/dataProvider/data/Device.json (ext=.json, size=373)
2025-11-10 16:40:37,749 - Knowledge - INFO - Worker kw19 processing /app/data/T0015/222046/b14710b/RBUS/utils/dataProvider/data/Device.DeviceInfo.X_RDKCENTRAL-COM_xOpsDeviceMgmt.RPC.Feature.ManageableNotification.json
2025-11-10 16:40:37,883 - Knowledge - INFO - Fast-tracked /app/data/T0015/222046/b14710b/RBUS/utils/dataProvider/data/Device.X_RDKCENTRAL-COM_Camera.LiveStream.EvoStream.json (ext=.json, size=630)
2025-11-10 16:40:38,727 - Knowledge - INFO - Fast-tracked /app/data/T0015/222046/b14710b/RBUS/utils/dataProvider/data/Device.DeviceInfo.X_RDKCENTRAL-COM_xOpsDeviceMgmt.RPC.Feature.ManageableNotification.json (ext=.json, size=282)
2025-11-10 16:40:38,040 - Knowledge - INFO - process ingested knowledge for /app/data/T0015/222046/b14710b/RBUS/test/rbus/multiRbusOpenRbusGetProvider/multiRbusOpenRbusGetProvider.c
2025-11-10 16:40:38,117 - Knowledge - INFO - Fast-tracked /app/data/T0015/222046/b14710b/RBUS/test/CMakeLists.txt (ext=.txt, size=965)
2025-11-10 16:40:38,178 - Knowledge - INFO - Worker kw4 processing /app/data/T0015/222046/b14710b/RBUS/test/core/benchmark_test/rbus_test_util.c
2025-11-10 16:40:38,337 - Knowledge - INFO - Worker kw15 processing /app/data/T0015/222046/b14710b/RBUS/utils/rbuscli/CMakeLists.txt
2025-11-10 16:40:38,417 - Knowledge - INFO - Fast-tracked /app/data/T0015/222046/b14710b/RBUS/utils/codegen/ccsp_style_generator/sampleapp/codegen.sh (ext=.sh, size=1149)
2025-11-10 16:40:38,520 - Knowledge - INFO - Worker kw17 processing /app/data/T0015/222046/b14710b/RBUS/utils/dataProvider/dmProviderDatabase.cpp
2025-11-10 16:40:38,639 - Knowledge - INFO - Worker kw18 processing /app/data/T0015/222046/b14710b/RBUS/utils/dataProvider/data/Device.DeviceInfo.X_RDKCENTRAL-COM_xOpsDeviceMgmt.RPC.Feature.json
2025-11-10 16:40:38,027 - Knowledge - INFO - Processing batch of 15 files
2025-11-10 16:40:38,807 - Knowledge - INFO - Worker kw20 processing /app/data/T0015/222046/b14710b/RBUS/utils/dataProvider/data/Device.X_COMCAST-COM_Xcalibur.Client.json
2025-11-10 16:40:38,882 - Knowledge - INFO - Worker kw19 processing /app/data/T0015/222046/b14710b/RBUS/utils/dataProvider/data/Device.DeviceInfo.X_RDKCENTRAL-COM_RFC.Control.json
2025-11-10 16:40:38,953 - Knowledge - INFO - process ingested knowledge for /app/data/T0015/222046/b14710b/RBUS/test/rbus/rbusGetExtSetMulti/testSetMultiConsumer.c
2025-11-10 16:40:39,162 - Knowledge - INFO - Processing batch of 15 files
2025-11-10 16:40:39,164 - Knowledge - INFO - Fast-tracked /app/data/T0015/222046/b14710b/RBUS/test/core/benchmark_test/rbus_test_util.c (ext=.c, size=9224)
2025-11-10 16:40:39,237 - Knowledge - INFO - Fast-tracked /app/data/T0015/222046/b14710b/RBUS/utils/rbuscli/CMakeLists.txt (ext=.txt, size=1452)
2025-11-10 16:40:39,310 - Knowledge - INFO - Worker kw16 processing /app/data/T0015/222046/b14710b/RBUS/utils/codegen/ccsp_style_generator/sampleapp/Sample_dm.xml
2025-11-10 16:40:39,453 - Knowledge - INFO - Worker kw17 processing /app/data/T0015/222046/b14710b/RBUS/utils/dataProvider/dmcli.cpp
2025-11-10 16:40:39,531 - Knowledge - INFO - Fast-tracked /app/data/T0015/222046/b14710b/RBUS/utils/dataProvider/data/Device.DeviceInfo.X_RDKCENTRAL-COM_xOpsDeviceMgmt.RPC.Feature.json (ext=.json, size=169)
2025-11-10 16:40:39,611 - Knowledge - INFO - process ingested knowledge for /app/data/T0015/222046/b14710b/RBUS/test/rbus/consumer/events.c
2025-11-10 16:40:39,728 - Knowledge - INFO - Fast-tracked /app/data/T0015/222046/b14710b/RBUS/utils/dataProvider/data/Device.X_COMCAST-COM_Xcalibur.Client.json (ext=.json, size=234)
2025-11-10 16:40:39,806 - Knowledge - INFO - Fast-tracked /app/data/T0015/222046/b14710b/RBUS/utils/dataProvider/data/Device.DeviceInfo.X_RDKCENTRAL-COM_RFC.Control.json (ext=.json, size=247)
2025-11-10 16:40:39,894 - Knowledge - INFO - process ingested knowledge for /app/data/T0015/222046/b14710b/RBUS/test/rbus/rbusGetExtSetMulti/testSetMultiProvider.c
2025-11-10 16:40:39,963 - Knowledge - INFO - process ingested knowledge for /app/data/T0015/222046/b14710b/RBUS/test/rbus/common/testValueHelper.c
2025-11-10 16:40:40,116 - Knowledge - INFO - Worker kw15 processing /app/data/T0015/222046/b14710b/RBUS/utils/rbuscli/rbuscli.c
2025-11-10 16:40:40,137 - Knowledge - INFO - Processing batch of 15 files
2025-11-10 16:40:40,199 - Knowledge - INFO - Fast-tracked /app/data/T0015/222046/b14710b/RBUS/utils/codegen/ccsp_style_generator/sampleapp/Sample_dm.xml (ext=.xml, size=9860)
2025-11-10 16:40:40,345 - Knowledge - INFO - Worker kw18 processing /app/data/T0015/222046/b14710b/RBUS/utils/dataProvider/data/Device.X_RDKCENTRAL-COM_Camera.Stream.Zoom.json
2025-11-10 16:40:40,455 - Knowledge - INFO - process ingested knowledge for /app/data/T0015/222046/b14710b/RBUS/test/rbus/consumer/value.c
2025-11-10 16:40:40,545 - Knowledge - INFO - Worker kw20 processing /app/data/T0015/222046/b14710b/RBUS/utils/dataProvider/data/Device.X_RDKCENTRAL-COM_Camera.LiveStream.json
2025-11-10 16:40:40,656 - Knowledge - INFO - Worker kw19 processing /app/data/T0015/222046/b14710b/RBUS/utils/dataProvider/data/Device.WiFi.X_RDKCENTRAL-COM_Lnf.EapTls.json
2025-11-10 16:40:40,734 - Knowledge - INFO - process ingested knowledge for /app/data/T0015/222046/b14710b/RBUS/test/rbus/rbus_test.sh
2025-11-10 16:40:40,834 - Knowledge - INFO - process ingested knowledge for /app/data/T0015/222046/b14710b/RBUS/test/rbus/common/runningParamHelper.c
2025-11-10 16:40:40,903 - Knowledge - INFO - Fast-tracked /app/data/T0015/222046/b14710b/RBUS/utils/rbuscli/rbuscli.c (ext=.c, size=101402)
2025-11-10 16:40:40,984 - Knowledge - INFO - process ingested knowledge for /app/data/T0015/222046/b14710b/RBUS/test/core/bin_server.c
2025-11-10 16:40:41,150 - Knowledge - INFO - Fast-tracked /app/data/T0015/222046/b14710b/RBUS/utils/dataProvider/data/Device.X_RDKCENTRAL-COM_Camera.Stream.Zoom.json (ext=.json, size=723)
2025-11-10 16:40:41,266 - Knowledge - INFO - process ingested knowledge for /app/data/T0015/222046/b14710b/RBUS/test/rbus/consumer/rbusTestConsumer.c
2025-11-10 16:40:41,347 - Knowledge - INFO - Fast-tracked /app/data/T0015/222046/b14710b/RBUS/utils/dataProvider/data/Device.X_RDKCENTRAL-COM_Camera.LiveStream.json (ext=.json, size=133)
2025-11-10 16:40:41,422 - Knowledge - INFO - Fast-tracked /app/data/T0015/222046/b14710b/RBUS/utils/dataProvider/data/Device.WiFi.X_RDKCENTRAL-COM_Lnf.EapTls.json (ext=.json, size=228)
2025-11-10 16:40:41,496 - Knowledge - INFO - process ingested knowledge for /app/data/T0015/222046/b14710b/RBUS/test/rbus/multiRbusOpenProvider/rbusOpenRegRbusOpenProvider.c
2025-11-10 16:40:41,607 - Knowledge - INFO - process ingested knowledge for /app/data/T0015/222046/b14710b/RBUS/test/rbus/common/testValueHelper.h
2025-11-10 16:40:41,778 - Knowledge - INFO - process ingested knowledge for /app/data/T0015/222046/b14710b/RBUS/test/core/bin_client.c
2025-11-10 16:40:41,856 - Knowledge - INFO - Worker kw18 processing /app/data/T0015/222046/b14710b/RBUS/utils/dataProvider/data/Device.WiFi.Router.json
2025-11-10 16:40:41,925 - Knowledge - INFO - process ingested knowledge for /app/data/T0015/222046/b14710b/RBUS/test/rbus/consumer/methods.c
2025-11-10 16:40:42,036 - Knowledge - INFO - Worker kw20 processing /app/data/T0015/222046/b14710b/RBUS/utils/dataProvider/data/Device.WiFi.X_RDKCENTRAL-COM_BandSteering.json
2025-11-10 16:40:42,119 - Knowledge - INFO - Worker kw19 processing /app/data/T0015/222046/b14710b/RBUS/utils/dataProvider/data/Device.Services.X_RDKCENTRAL-COM_Overlay.json
2025-11-10 16:40:42,190 - Knowledge - INFO - process ingested knowledge for /app/data/T0015/222046/b14710b/RBUS/test/rbus/multiRbusOpenProvider/multiRbusOpenProvider.c
2025-11-10 16:40:42,261 - Knowledge - INFO - process ingested knowledge for /app/data/T0015/222046/b14710b/RBUS/test/rbus/multiRbusOpenConsumer/multiRbusOpenConsumer.c
2025-11-10 16:40:42,332 - Knowledge - INFO - process ingested knowledge for /app/data/T0015/222046/b14710b/RBUS/test/core/test_obj_lookup.c
2025-11-10 16:40:42,412 - Knowledge - INFO - Fast-tracked /app/data/T0015/222046/b14710b/RBUS/utils/dataProvider/data/Device.WiFi.Router.json (ext=.json, size=210)
2025-11-10 16:40:42,471 - Knowledge - INFO - process ingested knowledge for /app/data/T0015/222046/b14710b/RBUS/test/rbus/consumer/subscribe.c
2025-11-10 16:40:42,586 - Knowledge - INFO - Fast-tracked /app/data/T0015/222046/b14710b/RBUS/utils/dataProvider/data/Device.WiFi.X_RDKCENTRAL-COM_BandSteering.json (ext=.json, size=322)
2025-11-10 16:40:42,673 - Knowledge - INFO - Fast-tracked /app/data/T0015/222046/b14710b/RBUS/utils/dataProvider/data/Device.Services.X_RDKCENTRAL-COM_Overlay.json (ext=.json, size=540)
2025-11-10 16:40:42,742 - Knowledge - INFO - process ingested knowledge for /app/data/T0015/222046/b14710b/RBUS/test/rbus/multiProviderThreadsForSingleEvent/multiProviderThreadsForSingleEvent.c
2025-11-10 16:40:42,858 - Knowledge - INFO - process ingested knowledge for /app/data/T0015/222046/b14710b/RBUS/test/rbus/multiRbusOpenConsumer/rbusOpenSubRbusOpenConsumer.c
2025-11-10 16:40:42,948 - Knowledge - INFO - process ingested knowledge for /app/data/T0015/222046/b14710b/RBUS/test/core/sample_wildcard_server2.c
2025-11-10 16:40:43,046 - Knowledge - INFO - Worker kw18 processing /app/data/T0015/222046/b14710b/RBUS/utils/dataProvider/data/Device.WiFi.EndPoint.json
2025-11-10 16:40:43,141 - Knowledge - INFO - process ingested knowledge for /app/data/T0015/222046/b14710b/RBUS/test/rbus/consumer/partialPath.c
2025-11-10 16:40:43,223 - Knowledge - INFO - Worker kw20 processing /app/data/T0015/222046/b14710b/RBUS/utils/dataProvider/data/Device.WiFi.json
2025-11-10 16:40:43,296 - Knowledge - INFO - Worker kw19 processing /app/data/T0015/222046/b14710b/RBUS/utils/dataProvider/data/Device.DeviceInfo.X_RDKCENTRAL-COM_RFC.Feature.DisableCrashPortalFallback.json
2025-11-10 16:40:43,365 - Knowledge - INFO - process ingested knowledge for /app/data/T0015/222046/b14710b/RBUS/test/rbus/consumer/subscribeEx.c
2025-11-10 16:40:43,455 - Knowledge - INFO - process ingested knowledge for /app/data/T0015/222046/b14710b/RBUS/test/rbus/multiRbusOpenMethodProvider/multiRbusOpenMethodProvider.c
2025-11-10 16:40:43,525 - Knowledge - INFO - process ingested knowledge for /app/data/T0015/222046/b14710b/RBUS/test/core/sample_wildcard_server.c
2025-11-10 16:40:43,610 - Knowledge - INFO - Fast-tracked /app/data/T0015/222046/b14710b/RBUS/utils/dataProvider/data/Device.WiFi.EndPoint.json (ext=.json, size=1176)
2025-11-10 16:40:43,682 - Knowledge - INFO - process ingested knowledge for /app/data/T0015/222046/b14710b/RBUS/test/rbus/consumer/elementTree.c
2025-11-10 16:40:43,763 - Knowledge - INFO - Fast-tracked /app/data/T0015/222046/b14710b/RBUS/utils/dataProvider/data/Device.WiFi.json (ext=.json, size=1718)
2025-11-10 16:40:43,846 - Knowledge - INFO - Fast-tracked /app/data/T0015/222046/b14710b/RBUS/utils/dataProvider/data/Device.DeviceInfo.X_RDKCENTRAL-COM_RFC.Feature.DisableCrashPortalFallback.json (ext=.json, size=267)
2025-11-10 16:40:43,920 - Knowledge - INFO - process ingested knowledge for /app/data/T0015/222046/b14710b/RBUS/test/rbus/consumer/propertyAPI.c
2025-11-10 16:40:43,997 - Knowledge - INFO - process ingested knowledge for /app/data/T0015/222046/b14710b/RBUS/test/rbus/multiRbusOpenRbusSetConsumer/multiRbusOpenRbusSetConsumer.c
2025-11-10 16:40:44,101 - Knowledge - INFO - process ingested knowledge for /app/data/T0015/222046/b14710b/RBUS/test/core/sample_event_client.c
2025-11-10 16:40:44,176 - Knowledge - INFO - Worker kw18 processing /app/data/T0015/222046/b14710b/RBUS/utils/dataProvider/data/Device.DeviceInfo.X_RDKCENTRAL-COM_xOpsDeviceMgmt.RPC.Feature.HDR.json
2025-11-10 16:40:44,245 - Knowledge - INFO - process ingested knowledge for /app/data/T0015/222046/b14710b/RBUS/test/rbus/consumer/filter.c
2025-11-10 16:40:44,368 - Knowledge - INFO - Processing batch of 10 files
2025-11-10 16:40:44,476 - Knowledge - INFO - Worker kw19 processing /app/data/T0015/222046/b14710b/RBUS/utils/dataProvider/data/Device.WiFi.SSID.json
2025-11-10 16:40:44,561 - Knowledge - INFO - process ingested knowledge for /app/data/T0015/222046/b14710b/RBUS/test/rbus/consumer/rbusRecoveryConsumer.c
2025-11-10 16:40:44,667 - Knowledge - INFO - process ingested knowledge for /app/data/T0015/222046/b14710b/RBUS/test/rbus/multiConsumerThreadsForSingleEvent/multiConsumerThreadsForSingleEvent.c
2025-11-10 16:40:44,756 - Knowledge - INFO - process ingested knowledge for /app/data/T0015/222046/b14710b/RBUS/test/core/every_client.c
2025-11-10 16:40:44,852 - Knowledge - INFO - Fast-tracked /app/data/T0015/222046/b14710b/RBUS/utils/dataProvider/data/Device.DeviceInfo.X_RDKCENTRAL-COM_xOpsDeviceMgmt.RPC.Feature.HDR.json (ext=.json, size=264)
2025-11-10 16:40:44,922 - Knowledge - INFO - process ingested knowledge for /app/data/T0015/222046/b14710b/RBUS/test/rbus/rbusTestValue.c
2025-11-10 16:40:45,000 - Knowledge - INFO - process ingested knowledge for /app/data/T0015/222046/b14710b/RBUS/utils/dataProvider/data/Device.WiFi.X_RDKCENTRAL-COM_BandSteering.BandSetting.json
2025-11-10 16:40:45,082 - Knowledge - INFO - Fast-tracked /app/data/T0015/222046/b14710b/RBUS/utils/dataProvider/data/Device.WiFi.SSID.json (ext=.json, size=217)
2025-11-10 16:40:45,115 - Knowledge - INFO - Fast-tracked /app/data/T0015/222046/b14710b/RBUS/src/rtmessage/rtError.h (small file (2755 bytes))
2025-11-10 16:40:45,150 - Knowledge - INFO - process ingested knowledge for /app/data/T0015/222046/b14710b/RBUS/test/rbus/consumer/valueAPI.c
2025-11-10 16:40:45,253 - Knowledge - INFO - process ingested knowledge for /app/data/T0015/222046/b14710b/RBUS/test/rbus/rbusTestTimeoutValues/testTimeoutValuesConsumer.c
2025-11-10 16:40:45,336 - Knowledge - INFO - process ingested knowledge for /app/data/T0015/222046/b14710b/RBUS/test/core/sample_event_server.c
2025-11-10 16:40:45,419 - Knowledge - INFO - Processing batch of 12 files
2025-11-10 16:40:45,508 - Knowledge - INFO - process ingested knowledge for /app/data/T0015/222046/b14710b/RBUS/test/rbus/multiRbusOpenEventProvider/multiRbusOpenEventProvider.c
2025-11-10 16:40:45,617 - Knowledge - INFO - process ingested knowledge for /app/data/T0015/222046/b14710b/RBUS/utils/dataProvider/data/Device.DeviceInfo.X_RDKCENTRAL-COM_xOpsDeviceMgmt.RPC.json
2025-11-10 16:40:45,690 - Knowledge - INFO - Processing batch of 12 files
2025-11-10 16:40:45,833 - Knowledge - INFO - process ingested knowledge for /app/data/T0015/222046/b14710b/RBUS/test/rbus/consumer/rbusTestMultiConsumer.c
2025-11-10 16:40:45,909 - Knowledge - INFO - process ingested knowledge for /app/data/T0015/222046/b14710b/RBUS/test/rbus/rbusTestTimeoutValues/testTimeoutValuesProvider.c
2025-11-10 16:40:45,982 - Knowledge - INFO - process ingested knowledge for /app/data/T0015/222046/b14710b/RBUS/test/core/sample_wildcard_client.c
2025-11-10 16:40:46,044 - Knowledge - INFO - process ingested knowledge for /app/data/T0015/222046/b14710b/RBUS/utils/dataProvider/data/Device.X_RDKCENTRAL-COM_Camera.Thumbnail.Upload.json
2025-11-10 16:40:46,145 - Knowledge - INFO - process ingested knowledge for /app/data/T0015/222046/b14710b/RBUS/test/rbus/multiRbusOpenMethodConsumer/multiRbusOpenMethodConsumer.c
2025-11-10 16:40:46,230 - Knowledge - INFO - process ingested knowledge for /app/data/T0015/222046/b14710b/RBUS/utils/dataProvider/data/Device.DeviceInfo.X_RDKCENTRAL-COM_Syndication.json
2025-11-10 16:40:46,310 - Knowledge - INFO - process ingested knowledge for /app/data/T0015/222046/b14710b/RBUS/utils/dataProvider/data/Device.X_RDKCENTRAL-COM_Camera.LiveStream.EvoStream.VideoConfig.json
2025-11-10 16:40:46,385 - Knowledge - INFO - process ingested knowledge for /app/data/T0015/222046/b14710b/RBUS/test/rbus/consumer/valueChange.c
2025-11-10 16:40:46,467 - Knowledge - INFO - process ingested knowledge for /app/data/T0015/222046/b14710b/RBUS/test/rbus/provider/rbusTestProvider.c
2025-11-10 16:40:46,567 - Knowledge - INFO - process ingested knowledge for /app/data/T0015/222046/b14710b/RBUS/test/core/sample_datamodel.txt
2025-11-10 16:40:46,655 - Knowledge - INFO - process ingested knowledge for /app/data/T0015/222046/b14710b/RBUS/utils/dataProvider/data/Device.DeviceInfo.ProcessStatus.Process.json
2025-11-10 16:40:46,728 - Knowledge - INFO - process ingested knowledge for /app/data/T0015/222046/b14710b/RBUS/test/rbus/CMakeLists.txt
2025-11-10 16:40:46,790 - Knowledge - INFO - process ingested knowledge for /app/data/T0015/222046/b14710b/RBUS/utils/dataProvider/data/Device.DeviceInfo.X_RDKCENTRAL-COM_RFC.Feature.json
2025-11-10 16:40:46,875 - Knowledge - INFO - process ingested knowledge for /app/data/T0015/222046/b14710b/RBUS/utils/dataProvider/data/Device.X_COMCAST-COM_Xcalibur.json
2025-11-10 16:40:47,003 - Knowledge - INFO - process ingested knowledge for /app/data/T0015/222046/b14710b/RBUS/test/rbus/consumer/tables.c
2025-11-10 16:40:47,106 - Knowledge - INFO - process ingested knowledge for /app/data/T0015/222046/b14710b/RBUS/test/rbus/provider/rbusTestMultiProvider.c
2025-11-10 16:40:47,181 - Knowledge - INFO - process ingested knowledge for /app/data/T0015/222046/b14710b/RBUS/test/core/nested_server.c
2025-11-10 16:40:47,247 - Knowledge - INFO - process ingested knowledge for /app/data/T0015/222046/b14710b/RBUS/utils/dataProvider/data/Device.DeviceInfo.X_RDKCENTRAL-COM_xOpsDeviceMgmt.Logging.json
2025-11-10 16:40:47,351 - Knowledge - INFO - process ingested knowledge for /app/data/T0015/222046/b14710b/RBUS/test/rbus/multiRbusOpenRbusGetConsumer/multiRbusOpenRbusGetConsumer.c
2025-11-10 16:40:47,426 - Knowledge - INFO - process ingested knowledge for /app/data/T0015/222046/b14710b/RBUS/utils/dataProvider/data/Device.WiFi.EndPoint.Stats.json
2025-11-10 16:40:47,512 - Knowledge - INFO - process ingested knowledge for /app/data/T0015/222046/b14710b/RBUS/utils/dataProvider/data/Device.WiFi.Radio.json
2025-11-10 16:40:47,581 - Knowledge - INFO - process ingested knowledge for /app/data/T0015/222046/b14710b/RBUS/test/rbus/consumer/objectAPI.c
2025-11-10 16:40:47,663 - Knowledge - INFO - process ingested knowledge for /app/data/T0015/222046/b14710b/RBUS/test/rbus/multiRbusOpenEventConsumer/multiRbusOpenEventConsumer.c
2025-11-10 16:40:47,766 - Knowledge - INFO - process ingested knowledge for /app/data/T0015/222046/b14710b/RBUS/test/core/benchmark_test/rbus_benchmark_test_app.cpp
2025-11-10 16:40:47,888 - Knowledge - INFO - process ingested knowledge for /app/data/T0015/222046/b14710b/RBUS/utils/dataProvider/data/Device.WiFi.X_RDKCENTRAL-COM_Camera.json
2025-11-10 16:40:47,967 - Knowledge - INFO - process ingested knowledge for /app/data/T0015/222046/b14710b/RBUS/test/rbus/common/runningParamHelper.h
2025-11-10 16:40:48,049 - Knowledge - INFO - process ingested knowledge for /app/data/T0015/222046/b14710b/RBUS/utils/dataProvider/data/Device.X_RDKCENTRAL-COM_Camera.LiveStream.EvoStream.json
2025-11-10 16:40:48,132 - Knowledge - INFO - process ingested knowledge for /app/data/T0015/222046/b14710b/RBUS/utils/dataProvider/data/Device.DeviceInfo.json
2025-11-10 16:40:48,408 - Knowledge - INFO - process ingested knowledge for /app/data/T0015/222046/b14710b/RBUS/test/core/benchmark_test/CMakeLists.txt
2025-11-10 16:40:48,408 - Knowledge - INFO - process ingested knowledge for /app/data/T0015/222046/b14710b/RBUS/test/rbus/rbusTestElementTree.c
2025-11-10 16:40:48,445 - Knowledge - INFO - process ingested knowledge for /app/data/T0015/222046/b14710b/RBUS/utils/dataProvider/data/Device.X_RDKCENTRAL-COM_Camera.XW.json
2025-11-10 16:40:48,615 - Knowledge - INFO - process ingested knowledge for /app/data/T0015/222046/b14710b/RBUS/test/rbus/common/test_macros.h
2025-11-10 16:40:48,617 - Knowledge - INFO - process ingested knowledge for /app/data/T0015/222046/b14710b/RBUS/utils/dataProvider/data/Device.X_COMCAST-COM_Xcalibur.Client.json
2025-11-10 16:40:48,757 - Knowledge - INFO - process ingested knowledge for /app/data/T0015/222046/b14710b/RBUS/utils/dataProvider/data/Device.WiFi.EndPoint.Security.json
2025-11-10 16:40:48,917 - Knowledge - INFO - process ingested knowledge for /app/data/T0015/222046/b14710b/RBUS/test/core/benchmark_test/rbus_test_util.h
2025-11-10 16:40:48,931 - Knowledge - INFO - process ingested knowledge for /app/data/T0015/222046/b14710b/RBUS/test/CMakeLists.txt
2025-11-10 16:40:49,138 - Knowledge - INFO - process ingested knowledge for /app/data/T0015/222046/b14710b/RBUS/utils/dataProvider/data/Device.DeviceInfo.X_RDKCENTRAL-COM_RFC.Feature.AccountInfo.json
2025-11-10 16:40:49,288 - Knowledge - INFO - process ingested knowledge for /app/data/T0015/222046/b14710b/RBUS/utils/dataProvider/data/Device.X_RDKCENTRAL-COM_Camera.LiveStream.json
2025-11-10 16:40:49,291 - Knowledge - INFO - process ingested knowledge for /app/data/T0015/222046/b14710b/RBUS/utils/dataProvider/data/Device.Services.json
2025-11-10 16:40:49,411 - Knowledge - INFO - process ingested knowledge for /app/data/T0015/222046/b14710b/RBUS/test/core/benchmark_test/rbus_test_util.c
2025-11-10 16:40:49,732 - Knowledge - INFO - process ingested knowledge for /app/data/T0015/222046/b14710b/RBUS/utils/dataProvider/data/Device.json
2025-11-10 16:40:49,792 - Knowledge - INFO - Fast-tracked /app/data/T0015/222046/b14710b/RBUS/src/rtmessage/rtAtomic.h (small file (2359 bytes))
2025-11-10 16:40:49,801 - Knowledge - INFO - process ingested knowledge for /app/data/T0015/222046/b14710b/RBUS/utils/dataProvider/data/Device.DeviceInfo.X_RDKCENTRAL-COM_xOpsDeviceMgmt.RPC.Feature.ManageableNotification.json
2025-11-10 16:40:49,884 - Knowledge - INFO - Fast-tracked /app/data/T0015/222046/b14710b/RBUS/src/rtmessage/rtEncoder.c (small file (2161 bytes))
2025-11-10 16:40:50,064 - Knowledge - INFO - process ingested knowledge for /app/data/T0015/222046/b14710b/RBUS/utils/dataProvider/data/Device.WiFi.X_RDKCENTRAL-COM_BandSteering.json
2025-11-10 16:40:50,184 - Knowledge - INFO - Fast-tracked /app/data/T0015/222046/b14710b/RBUS/src/rtmessage/rtCipher.h (small file (2871 bytes))
2025-11-10 16:40:50,316 - Knowledge - INFO - process ingested knowledge for /app/data/T0015/222046/b14710b/RBUS/utils/dataProvider/data/Device.DeviceInfo.X_RDKCENTRAL-COM_xOpsDeviceMgmt.RPC.Feature.json
2025-11-10 16:40:50,467 - Knowledge - INFO - process ingested knowledge for /app/data/T0015/222046/b14710b/RBUS/utils/dataProvider/data/Device.WiFi.json
2025-11-10 16:40:50,692 - Knowledge - INFO - process ingested knowledge for /app/data/T0015/222046/b14710b/RBUS/utils/dataProvider/data/Device.DeviceInfo.X_RDKCENTRAL-COM_RFC.Control.json
2025-11-10 16:40:50,692 - Knowledge - INFO - process ingested knowledge for /app/data/T0015/222046/b14710b/RBUS/utils/dataProvider/data/Device.X_RDKCENTRAL-COM_Camera.Stream.Zoom.json
2025-11-10 16:40:51,186 - Knowledge - INFO - process ingested knowledge for /app/data/T0015/222046/b14710b/RBUS/utils/dataProvider/data/Device.WiFi.X_RDKCENTRAL-COM_Lnf.EapTls.json
2025-11-10 16:40:51,186 - Knowledge - INFO - process ingested knowledge for /app/data/T0015/222046/b14710b/RBUS/utils/dataProvider/data/Device.WiFi.Router.json
2025-11-10 16:40:51,265 - Knowledge - INFO - Fast-tracked /app/data/T0015/222046/b14710b/RBUS/utils/dataProvider/dmProviderHost.h (small file (2293 bytes))
2025-11-10 16:40:51,552 - Knowledge - INFO - Fast-tracked /app/data/T0015/222046/b14710b/RBUS/utils/dataProvider/dmValue.h (small file (2786 bytes))
2025-11-10 16:40:51,703 - Knowledge - INFO - Fast-tracked /app/data/T0015/222046/b14710b/RBUS/utils/dataProvider/dmQueryResult.h (small file (2006 bytes))
2025-11-10 16:40:51,788 - Knowledge - INFO - process ingested knowledge for /app/data/T0015/222046/b14710b/RBUS/utils/dataProvider/data/Device.Services.X_RDKCENTRAL-COM_Overlay.json
2025-11-10 16:40:51,794 - Knowledge - INFO - process ingested knowledge for /app/data/T0015/222046/b14710b/RBUS/utils/dataProvider/data/Device.WiFi.EndPoint.json
2025-11-10 16:40:51,895 - Knowledge - INFO - Fast-tracked /app/data/T0015/222046/b14710b/RBUS/utils/dataProvider/dmProvider.h (small file (2077 bytes))
2025-11-10 16:40:52,532 - Knowledge - INFO - process ingested knowledge for /app/data/T0015/222046/b14710b/RBUS/utils/dataProvider/data/Device.DeviceInfo.X_RDKCENTRAL-COM_RFC.Feature.DisableCrashPortalFallback.json
2025-11-10 16:40:52,533 - Knowledge - INFO - process ingested knowledge for /app/data/T0015/222046/b14710b/RBUS/utils/dataProvider/data/Device.DeviceInfo.X_RDKCENTRAL-COM_xOpsDeviceMgmt.RPC.Feature.HDR.json
2025-11-10 16:40:53,134 - Knowledge - INFO - process ingested knowledge for /app/data/T0015/222046/b14710b/RBUS/utils/dataProvider/data/Device.WiFi.SSID.json
2025-11-10 16:40:53,369 - Knowledge - INFO - [WEBSOCKET] Sent: Type=progress_update, Size: 289, Duration: 0ms
2025-11-10 16:40:53,543 - Knowledge - INFO - [WEBSOCKET] Sent: Type=unknown, Size: ?, Duration: 174ms
2025-11-10 16:40:53,722 - Knowledge - INFO - Progress: 27.7% | Files: 94/339 | Rate: 1.35 files/sec | Queue: 68
2025-11-10 16:40:54,237 - Knowledge - INFO - [kw1] Queue=68, InProgress=0, PendingWorkers=20/20, Completed=94/339 (27.7%)
2025-11-10 16:40:54,440 - Knowledge - INFO - Batch sizing: calculated=10, max_allowed=25, queue=68, active_workers=20/20
2025-11-10 16:40:54,623 - Knowledge - INFO - Fast-tracked /app/data/T0015/222046/b14710b/RBUS/src/rtmessage/rtHashMap.h (small file (2293 bytes))
2025-11-10 16:40:54,801 - Knowledge - INFO - Fast-tracked /app/data/T0015/222046/b14710b/RBUS/src/rtmessage/rtBuffer.c (small file (2594 bytes))
2025-11-10 16:40:55,122 - Knowledge - INFO - Async storing batch of 15 embeddings
2025-11-10 16:40:55,282 - Knowledge - INFO - Worker kw1 processing /app/data/T0015/222046/b14710b/RBUS/utils/dataProvider/data/Device.X_RDKCENTRAL-COM_Camera.Stream.json
2025-11-10 16:40:55,455 - Knowledge - INFO - Fast-tracked /app/data/T0015/222046/b14710b/RBUS/utils/dataProvider/data/Device.X_RDKCENTRAL-COM_Camera.Stream.json (ext=.json, size=533)
2025-11-10 16:40:55,681 - Knowledge - INFO - Worker kw1 processing /app/data/T0015/222046/b14710b/RBUS/utils/dataProvider/data/Device.DeviceInfo.MemoryStatus.json
2025-11-10 16:40:55,748 - Knowledge - INFO - [kw2] Queue=58, InProgress=0, PendingWorkers=20/20, Completed=94/339 (27.7%)
2025-11-10 16:40:55,887 - Knowledge - INFO - Fast-tracked /app/data/T0015/222046/b14710b/RBUS/utils/dataProvider/data/Device.DeviceInfo.MemoryStatus.json (ext=.json, size=324)
2025-11-10 16:40:55,954 - Knowledge - INFO - Batch sizing: calculated=10, max_allowed=25, queue=58, active_workers=20/20
2025-11-10 16:40:56,042 - Knowledge - INFO - Worker kw1 processing /app/data/T0015/222046/b14710b/RBUS/utils/dataProvider/data/Device.X_RDKCENTRAL-COM_Camera.Thumbnail.json
2025-11-10 16:40:56,300 - Knowledge - INFO - Fast-tracked /app/data/T0015/222046/b14710b/RBUS/utils/dataProvider/data/Device.X_RDKCENTRAL-COM_Camera.Thumbnail.json (ext=.json, size=140)
2025-11-10 16:40:56,558 - Knowledge - INFO - Worker kw1 processing /app/data/T0015/222046/b14710b/RBUS/utils/dataProvider/data/Device.Services.CVR.json
2025-11-10 16:40:56,759 - Knowledge - INFO - Fast-tracked /app/data/T0015/222046/b14710b/RBUS/utils/dataProvider/data/Device.Services.CVR.json (ext=.json, size=599)
2025-11-10 16:40:56,961 - Knowledge - INFO - Worker kw1 processing /app/data/T0015/222046/b14710b/RBUS/utils/dataProvider/data/Device.DeviceInfo.X_RDKCENTRAL-COM_RFC.Feature.AutoReboot.json
2025-11-10 16:40:56,984 - Knowledge - INFO - [kw3] Queue=58, InProgress=0, PendingWorkers=20/20, Completed=94/339 (27.7%)
2025-11-10 16:40:57,146 - Knowledge - INFO - Fast-tracked /app/data/T0015/222046/b14710b/RBUS/utils/dataProvider/data/Device.DeviceInfo.X_RDKCENTRAL-COM_RFC.Feature.AutoReboot.json (ext=.json, size=364)
2025-11-10 16:40:57,243 - Knowledge - INFO - Batch sizing: calculated=10, max_allowed=25, queue=58, active_workers=20/20
2025-11-10 16:40:57,291 - Knowledge - INFO - Async storing batch of 15 embeddings
2025-11-10 16:40:57,337 - Knowledge - INFO - Worker kw1 processing /app/data/T0015/222046/b14710b/RBUS/utils/dataProvider/data/Device.WiFi.EndPoint.Interface.json
2025-11-10 16:40:57,488 - Knowledge - INFO - Worker kw2 processing /app/data/T0015/222046/b14710b/RBUS/utils/dataProvider/data/Device.X_RDKCENTRAL-COM_Camera.json
2025-11-10 16:40:57,525 - Knowledge - INFO - [kw20] Queue=48, InProgress=0, PendingWorkers=20/20, Completed=94/339 (27.7%)
2025-11-10 16:40:57,565 - Knowledge - INFO - Fast-tracked /app/data/T0015/222046/b14710b/RBUS/utils/dataProvider/data/Device.WiFi.EndPoint.Interface.json (ext=.json, size=222)
2025-11-10 16:40:57,679 - Knowledge - INFO - Async storing batch of 15 embeddings
2025-11-10 16:40:57,720 - Knowledge - INFO - Fast-tracked /app/data/T0015/222046/b14710b/RBUS/utils/dataProvider/data/Device.X_RDKCENTRAL-COM_Camera.json (ext=.json, size=348)
2025-11-10 16:40:57,801 - Knowledge - INFO - Batch sizing: calculated=10, max_allowed=25, queue=48, active_workers=20/20
2025-11-10 16:40:57,920 - Knowledge - INFO - Worker kw1 processing /app/data/T0015/222046/b14710b/RBUS/utils/dataProvider/data/Device.WiFi.EndPoint.Adapter.json
2025-11-10 16:40:58,030 - Knowledge - INFO - Worker kw3 processing /app/data/T0015/222046/b14710b/RBUS/utils/dataProvider/CMakeLists.txt
2025-11-10 16:40:58,099 - Knowledge - INFO - Worker kw2 processing /app/data/T0015/222046/b14710b/RBUS/utils/dataProvider/data/Device.DeviceInfo.X_RDKCENTRAL-COM_RFC.json
2025-11-10 16:40:58,249 - Knowledge - INFO - Fast-tracked /app/data/T0015/222046/b14710b/RBUS/utils/dataProvider/data/Device.WiFi.EndPoint.Adapter.json (ext=.json, size=220)
2025-11-10 16:40:58,340 - Knowledge - INFO - Fast-tracked /app/data/T0015/222046/b14710b/RBUS/utils/dataProvider/CMakeLists.txt (ext=.txt, size=3938)
2025-11-10 16:40:58,375 - Knowledge - INFO - Async storing batch of 10 embeddings
2025-11-10 16:40:58,407 - Knowledge - INFO - Fast-tracked /app/data/T0015/222046/b14710b/RBUS/utils/dataProvider/data/Device.DeviceInfo.X_RDKCENTRAL-COM_RFC.json (ext=.json, size=135)
2025-11-10 16:40:58,468 - Knowledge - INFO - [kw4] Queue=28, InProgress=0, PendingWorkers=20/20, Completed=94/339 (27.7%)
2025-11-10 16:40:58,499 - Knowledge - INFO - Worker kw1 processing /app/data/T0015/222046/b14710b/RBUS/utils/dataProvider/data/Device.DeviceInfo.ProcessStatus.json
2025-11-10 16:40:58,571 - Knowledge - INFO - Worker kw3 processing /app/data/T0015/222046/b14710b/RBUS/utils/dataProvider/dmClient.cpp
2025-11-10 16:40:58,662 - Knowledge - INFO - Worker kw20 processing /app/data/T0015/222046/b14710b/RBUS/utils/dataProvider/dmProviderHost.cpp
2025-11-10 16:40:58,732 - Knowledge - INFO - Worker kw2 processing /app/data/T0015/222046/b14710b/RBUS/utils/dataProvider/data/Device.Devicecontrol.json
2025-11-10 16:40:58,835 - Knowledge - INFO - Batch sizing: calculated=10, max_allowed=25, queue=28, active_workers=20/20
2025-11-10 16:40:58,904 - Knowledge - INFO - Fast-tracked /app/data/T0015/222046/b14710b/RBUS/utils/dataProvider/data/Device.DeviceInfo.ProcessStatus.json (ext=.json, size=458)
2025-11-10 16:40:58,991 - Knowledge - INFO - Worker kw3 processing /app/data/T0015/222046/b14710b/RBUS/utils/dataProvider/dmError.h
2025-11-10 16:40:59,057 - Knowledge - INFO - Worker kw20 processing /app/data/T0015/222046/b14710b/RBUS/utils/dataProvider/dmQueryResult.cpp
2025-11-10 16:40:59,120 - Knowledge - INFO - [kw18] Queue=28, InProgress=0, PendingWorkers=20/20, Completed=94/339 (27.7%)
2025-11-10 16:40:59,156 - Knowledge - INFO - Fast-tracked /app/data/T0015/222046/b14710b/RBUS/utils/dataProvider/data/Device.Devicecontrol.json (ext=.json, size=706)
2025-11-10 16:40:59,260 - Knowledge - INFO - Async storing batch of 15 embeddings
2025-11-10 16:40:59,310 - Knowledge - INFO - [kw19] Queue=18, InProgress=0, PendingWorkers=20/20, Completed=94/339 (27.7%)
2025-11-10 16:40:59,336 - Knowledge - INFO - Worker kw1 processing /app/data/T0015/222046/b14710b/RBUS/utils/dataProvider/data/Device.WiFi.X_RDKCENTRAL-COM_Lnf.Psk.json
2025-11-10 16:40:59,420 - Knowledge - INFO - Fast-tracked /app/data/T0015/222046/b14710b/RBUS/utils/dataProvider/dmError.h (ext=.h, size=1299)
2025-11-10 16:40:59,539 - Knowledge - INFO - Worker kw20 processing /app/data/T0015/222046/b14710b/RBUS/utils/dataProvider/dmProviderDatabase.h
2025-11-10 16:40:59,643 - Knowledge - INFO - Batch sizing: calculated=10, max_allowed=25, queue=28, active_workers=20/20
2025-11-10 16:40:59,735 - Knowledge - INFO - Worker kw2 processing /app/data/T0015/222046/b14710b/RBUS/utils/dataProvider/data/Device.WiFi.Radio.Stats.json
2025-11-10 16:40:59,820 - Knowledge - INFO - Worker kw4 processing /app/data/T0015/222046/b14710b/RBUS/unittests/rbusPropertyTest.cpp
2025-11-10 16:40:59,908 - Knowledge - INFO - Batch sizing: calculated=10, max_allowed=25, queue=18, active_workers=20/20
2025-11-10 16:40:59,987 - Knowledge - INFO - Fast-tracked /app/data/T0015/222046/b14710b/RBUS/utils/dataProvider/data/Device.WiFi.X_RDKCENTRAL-COM_Lnf.Psk.json (ext=.json, size=225)
2025-11-10 16:41:00,076 - Knowledge - INFO - Worker kw3 processing /app/data/T0015/222046/b14710b/RBUS/utils/dataProvider/dmProviderInfo.cpp
2025-11-10 16:41:00,198 - Knowledge - INFO - Fast-tracked /app/data/T0015/222046/b14710b/RBUS/utils/dataProvider/dmProviderDatabase.h (ext=.h, size=1921)
2025-11-10 16:41:00,288 - Knowledge - INFO - Async storing batch of 12 embeddings
2025-11-10 16:41:00,396 - Knowledge - INFO - Fast-tracked /app/data/T0015/222046/b14710b/RBUS/utils/dataProvider/data/Device.WiFi.Radio.Stats.json (ext=.json, size=215)
2025-11-10 16:41:00,471 - Knowledge - INFO - Worker kw4 processing /app/data/T0015/222046/b14710b/RBUS/unittests/rbus_test_server.c
2025-11-10 16:41:00,555 - Knowledge - INFO - Async storing batch of 12 embeddings
2025-11-10 16:41:00,633 - Knowledge - INFO - Worker kw1 processing /app/data/T0015/222046/b14710b/RBUS/utils/dataProvider/data/Device.DeviceInfo.X_RDKCENTRAL-COM_xOpsDeviceMgmt.json
2025-11-10 16:41:00,709 - Knowledge - INFO - Fast-tracked /app/data/T0015/222046/b14710b/RBUS/utils/dataProvider/dmProviderInfo.cpp (ext=.cpp, size=1687)
2025-11-10 16:41:00,856 - Knowledge - INFO - Worker kw20 processing /app/data/T0015/222046/b14710b/RBUS/utils/dataProvider/dmValue.cpp
2025-11-10 16:41:00,923 - Knowledge - INFO - Worker kw18 processing /app/data/T0015/222046/b14710b/RBUS/unittests/rbus_test_util.h
2025-11-10 16:41:01,000 - Knowledge - INFO - Worker kw2 processing /app/data/T0015/222046/b14710b/RBUS/utils/dataProvider/data/Device.WiFi.X_RDKCENTRAL-COM_Lnf.json
2025-11-10 16:41:01,118 - Knowledge - INFO - Worker kw4 processing /app/data/T0015/222046/b14710b/RBUS/unittests/rbus_unit_test_event_server.cpp
2025-11-10 16:41:01,196 - Knowledge - INFO - Worker kw19 processing /app/data/T0015/222046/b14710b/RBUS/unittests/rbusFilterTest.cpp
2025-11-10 16:41:01,266 - Knowledge - INFO - Fast-tracked /app/data/T0015/222046/b14710b/RBUS/utils/dataProvider/data/Device.DeviceInfo.X_RDKCENTRAL-COM_xOpsDeviceMgmt.json (ext=.json, size=153)
2025-11-10 16:41:01,343 - Knowledge - INFO - Worker kw3 processing /app/data/T0015/222046/b14710b/RBUS/utils/dataProvider/dmQuery.h
2025-11-10 16:41:01,435 - Knowledge - INFO - Worker kw20 processing /app/data/T0015/222046/b14710b/RBUS/README.md
2025-11-10 16:41:01,509 - Knowledge - INFO - Worker kw18 processing /app/data/T0015/222046/b14710b/RBUS/unittests/rbusSessionTest.cpp
2025-11-10 16:41:01,600 - Knowledge - INFO - Fast-tracked /app/data/T0015/222046/b14710b/RBUS/utils/dataProvider/data/Device.WiFi.X_RDKCENTRAL-COM_Lnf.json (ext=.json, size=221)
2025-11-10 16:41:01,678 - Knowledge - INFO - Worker kw4 processing /app/data/T0015/222046/b14710b/RBUS/unittests/rbusValueTest.cpp
2025-11-10 16:41:01,766 - Knowledge - INFO - Worker kw19 processing /app/data/T0015/222046/b14710b/RBUS/unittests/rbusElementTest.cpp
2025-11-10 16:41:01,853 - Knowledge - INFO - Async storage completed for 15 embeddings
2025-11-10 16:41:01,945 - Knowledge - INFO - Fast-tracked /app/data/T0015/222046/b14710b/RBUS/utils/dataProvider/dmQuery.h (ext=.h, size=1214)
2025-11-10 16:41:02,022 - Knowledge - INFO - Fast-tracked /app/data/T0015/222046/b14710b/RBUS/README.md (ext=.md, size=3696)
2025-11-10 16:41:02,091 - Knowledge - INFO - Worker kw18 processing /app/data/T0015/222046/b14710b/RBUS/unittests/rbusApiNegTest.cpp
2025-11-10 16:41:02,170 - Knowledge - INFO - Worker kw2 processing /app/data/T0015/222046/b14710b/RBUS/utils/dataProvider/data/Device.DeviceInfo.Webpa.json
2025-11-10 16:41:02,238 - Knowledge - INFO - Worker kw4 processing /app/data/T0015/222046/b14710b/RBUS/unittests/rbus_unit_test_event_client.cpp
2025-11-10 16:41:02,322 - Knowledge - INFO - Worker kw19 processing /app/data/T0015/222046/b14710b/RBUS/unittests/rbus_unit_test_multiple_servers.cpp
2025-11-10 16:41:02,390 - Knowledge - INFO - Processing batch of 10 files
2025-11-10 16:41:02,474 - Knowledge - INFO - Worker kw3 processing /app/data/T0015/222046/b14710b/RBUS/utils/dataProvider/dmProvider.cpp
2025-11-10 16:41:02,562 - Knowledge - INFO - Worker kw20 processing /app/data/T0015/222046/b14710b/RBUS/unittests/rbusProvider.cpp
2025-11-10 16:41:02,640 - Knowledge - INFO - Worker kw18 processing /app/data/T0015/222046/b14710b/RBUS/unittests/rbus_unit_test_server.cpp
2025-11-10 16:41:02,716 - Knowledge - INFO - Fast-tracked /app/data/T0015/222046/b14710b/RBUS/utils/dataProvider/data/Device.DeviceInfo.Webpa.json (ext=.json, size=598)
2025-11-10 16:41:02,805 - Knowledge - INFO - Worker kw4 processing /app/data/T0015/222046/b14710b/RBUS/unittests/rbus_unit_test_nested_servers.cpp
2025-11-10 16:41:02,848 - Knowledge - INFO - Fast-tracked /app/data/T0015/222046/b14710b/RBUS/src/rtmessage/rtsub.c (small file (2429 bytes))
2025-11-10 16:41:02,915 - Knowledge - INFO - Worker kw19 processing /app/data/T0015/222046/b14710b/RBUS/unittests/rbus_unit_test_multiple_objects.cpp
2025-11-10 16:41:02,986 - Knowledge - INFO - process ingested knowledge for /app/data/T0015/222046/b14710b/RBUS/utils/dataProvider/data/Device.X_RDKCENTRAL-COM_Camera.Stream.json
2025-11-10 16:41:03,085 - Knowledge - INFO - Worker kw3 processing /app/data/T0015/222046/b14710b/RBUS/utils/dataProvider/dmPropertyInfo.cpp
2025-11-10 16:41:03,211 - Knowledge - INFO - Worker kw20 processing /app/data/T0015/222046/b14710b/RBUS/unittests/rbusObjectTest.cpp
2025-11-10 16:41:03,280 - Knowledge - INFO - Worker kw18 processing /app/data/T0015/222046/b14710b/RBUS/unittests/rbus_test_util.c
2025-11-10 16:41:03,404 - Knowledge - INFO - Worker kw2 processing /app/data/T0015/222046/b14710b/RBUS/utils/dataProvider/sample_provider_gen.cpp
2025-11-10 16:41:03,485 - Knowledge - INFO - Worker kw4 processing /app/data/T0015/222046/b14710b/RBUS/unittests/rbusFunctionalityTest.cpp
2025-11-10 16:41:03,676 - Knowledge - INFO - Worker kw19 processing /app/data/T0015/222046/b14710b/RBUS/unittests/util.cpp
2025-11-10 16:41:03,742 - Knowledge - INFO - process ingested knowledge for /app/data/T0015/222046/b14710b/RBUS/utils/dataProvider/data/Device.DeviceInfo.MemoryStatus.json
2025-11-10 16:41:03,820 - Knowledge - INFO - Fast-tracked /app/data/T0015/222046/b14710b/RBUS/utils/dataProvider/dmPropertyInfo.cpp (ext=.cpp, size=1361)
2025-11-10 16:41:03,892 - Knowledge - INFO - Worker kw20 processing /app/data/T0015/222046/b14710b/RBUS/unittests/rbus_event_server.c
2025-11-10 16:41:04,007 - Knowledge - INFO - Worker kw18 processing /app/data/T0015/222046/b14710b/RBUS/unittests/rbusConsumer.cpp
2025-11-10 16:41:04,091 - Knowledge - INFO - Worker kw2 processing /app/data/T0015/222046/b14710b/RBUS/utils/dataProvider/dmClient.h
2025-11-10 16:41:04,171 - Knowledge - INFO - Worker kw4 processing /app/data/T0015/222046/b14710b/RBUS/unittests/main.cpp
2025-11-10 16:41:04,290 - Knowledge - INFO - Worker kw19 processing /app/data/T0015/222046/b14710b/RBUS/CONTRIBUTING.md
2025-11-10 16:41:04,371 - Knowledge - INFO - process ingested knowledge for /app/data/T0015/222046/b14710b/RBUS/utils/dataProvider/data/Device.X_RDKCENTRAL-COM_Camera.Thumbnail.json
2025-11-10 16:41:04,435 - Knowledge - INFO - Fast-tracked /app/data/T0015/222046/b14710b/RBUS/src/rtmessage/local_benchmarking.h (small file (2643 bytes))
2025-11-10 16:41:04,452 - Knowledge - INFO - Worker kw3 processing /app/data/T0015/222046/b14710b/RBUS/utils/dataProvider/dmProviderOperation.h
2025-11-10 16:41:04,530 - Knowledge - INFO - Worker kw20 processing /app/data/T0015/222046/b14710b/RBUS/unittests/rbus_unit_test_marshalling.cpp
2025-11-10 16:41:04,610 - Knowledge - INFO - Worker kw18 processing /app/data/T0015/222046/b14710b/RBUS/unittests/rbus_unit_test_client.cpp
2025-11-10 16:41:04,686 - Knowledge - INFO - Fast-tracked /app/data/T0015/222046/b14710b/RBUS/utils/dataProvider/dmClient.h (ext=.h, size=1674)
2025-11-10 16:41:04,779 - Knowledge - INFO - Fast-tracked /app/data/T0015/222046/b14710b/RBUS/unittests/main.cpp (ext=.cpp, size=1107)
2025-11-10 16:41:04,863 - Knowledge - INFO - Fast-tracked /app/data/T0015/222046/b14710b/RBUS/CONTRIBUTING.md (ext=.md, size=240)
2025-11-10 16:41:04,956 - Knowledge - INFO - process ingested knowledge for /app/data/T0015/222046/b14710b/RBUS/utils/dataProvider/data/Device.Services.CVR.json
2025-11-10 16:41:05,108 - Knowledge - INFO - Fast-tracked /app/data/T0015/222046/b14710b/RBUS/utils/dataProvider/dmProviderOperation.h (ext=.h, size=1014)
2025-11-10 16:41:05,179 - Knowledge - INFO - Worker kw20 processing /app/data/T0015/222046/b14710b/RBUS/unittests/rbusMessageTest.cpp
2025-11-10 16:41:05,257 - Knowledge - INFO - Worker kw18 processing /app/data/T0015/222046/b14710b/RBUS/unittests/rbusProviderConsumer.h
2025-11-10 16:41:05,337 - Knowledge - INFO - Worker kw2 processing /app/data/T0015/222046/b14710b/RBUS/utils/dataProvider/dmValueType.h
2025-11-10 16:41:05,449 - Knowledge - INFO - Worker kw4 processing /app/data/T0015/222046/b14710b/RBUS/unittests/rbusTokenTest.cpp
2025-11-10 16:41:05,540 - Knowledge - INFO - Worker kw19 processing /app/data/T0015/222046/b14710b/RBUS/build_dependencies.sh
2025-11-10 16:41:05,648 - Knowledge - INFO - process ingested knowledge for /app/data/T0015/222046/b14710b/RBUS/utils/dataProvider/data/Device.DeviceInfo.X_RDKCENTRAL-COM_RFC.Feature.AutoReboot.json
2025-11-10 16:41:05,738 - Knowledge - INFO - Worker kw3 processing /app/data/T0015/222046/b14710b/RBUS/utils/dataProvider/sample_provider_wifi.cpp
2025-11-10 16:41:05,816 - Knowledge - INFO - Async storage completed for 10 embeddings
2025-11-10 16:41:05,892 - Knowledge - INFO - Worker kw18 processing /app/data/T0015/222046/b14710b/RBUS/unittests/rbus_unit_stresstest_server.cpp
2025-11-10 16:41:05,956 - Knowledge - INFO - Fast-tracked /app/data/T0015/222046/b14710b/RBUS/utils/dataProvider/dmValueType.h (ext=.h, size=1320)
2025-11-10 16:41:06,039 - Knowledge - INFO - Worker kw4 processing /app/data/T0015/222046/b14710b/RBUS/unittests/CMakeLists.txt
2025-11-10 16:41:06,107 - Knowledge - INFO - Fast-tracked /app/data/T0015/222046/b14710b/RBUS/build_dependencies.sh (ext=.sh, size=434)
2025-11-10 16:41:06,182 - Knowledge - INFO - process ingested knowledge for /app/data/T0015/222046/b14710b/RBUS/utils/dataProvider/data/Device.WiFi.EndPoint.Interface.json
2025-11-10 16:41:06,279 - Knowledge - INFO - Worker kw3 processing /app/data/T0015/222046/b14710b/RBUS/utils/dataProvider/dmUtility.h
2025-11-10 16:41:06,431 - Knowledge - INFO - Worker kw18 processing /app/data/T0015/222046/b14710b/RBUS/unittests/gtest_app.h
2025-11-10 16:41:06,532 - Knowledge - INFO - Worker kw2 processing /app/data/T0015/222046/b14710b/RBUS/utils/dataProvider/dmProviderInfo.h
2025-11-10 16:41:06,644 - Knowledge - INFO - Fast-tracked /app/data/T0015/222046/b14710b/RBUS/unittests/CMakeLists.txt (ext=.txt, size=4333)
2025-11-10 16:41:06,724 - Knowledge - INFO - Worker kw19 processing /app/data/T0015/222046/b14710b/RBUS/memoryleak.sh
2025-11-10 16:41:06,801 - Knowledge - INFO - process ingested knowledge for /app/data/T0015/222046/b14710b/RBUS/utils/dataProvider/data/Device.WiFi.EndPoint.Adapter.json
2025-11-10 16:41:06,876 - Knowledge - INFO - Async storage completed for 15 embeddings
2025-11-10 16:41:06,976 - Knowledge - INFO - Fast-tracked /app/data/T0015/222046/b14710b/RBUS/unittests/gtest_app.h (ext=.h, size=879)
2025-11-10 16:41:07,061 - Knowledge - INFO - Async storage completed for 15 embeddings
2025-11-10 16:41:07,142 - Knowledge - INFO - Async storage completed for 15 embeddings
2025-11-10 16:41:07,223 - Knowledge - INFO - Fast-tracked /app/data/T0015/222046/b14710b/RBUS/memoryleak.sh (ext=.sh, size=1793)
2025-11-10 16:41:07,303 - Knowledge - INFO - process ingested knowledge for /app/data/T0015/222046/b14710b/RBUS/utils/dataProvider/data/Device.DeviceInfo.ProcessStatus.json
2025-11-10 16:41:07,494 - Knowledge - INFO - Async storage completed for 12 embeddings
2025-11-10 16:41:07,584 - Knowledge - INFO - Fast-tracked /app/data/T0015/222046/b14710b/RBUS/utils/dataProvider/sample_provider_gen.cpp (small file (2204 bytes))
2025-11-10 16:41:07,742 - Knowledge - INFO - Async storage completed for 12 embeddings
2025-11-10 16:41:07,815 - Knowledge - INFO - process ingested knowledge for /app/data/T0015/222046/b14710b/RBUS/utils/dataProvider/data/Device.WiFi.X_RDKCENTRAL-COM_Lnf.Psk.json
2025-11-10 16:41:08,014 - Knowledge - INFO - Fast-tracked /app/data/T0015/222046/b14710b/RBUS/utils/dataProvider/dmProviderInfo.h (small file (2117 bytes))
2025-11-10 16:41:08,180 - Knowledge - INFO - process ingested knowledge for /app/data/T0015/222046/b14710b/RBUS/utils/dataProvider/data/Device.DeviceInfo.X_RDKCENTRAL-COM_xOpsDeviceMgmt.json
2025-11-10 16:41:08,307 - Knowledge - INFO - Processing batch of 10 files
2025-11-10 16:41:08,492 - Knowledge - INFO - process ingested knowledge for /app/data/T0015/222046/b14710b/RBUS/utils/dataProvider/data/Device.X_RDKCENTRAL-COM_Camera.json
2025-11-10 16:41:08,679 - Knowledge - INFO - process ingested knowledge for /app/data/T0015/222046/b14710b/RBUS/utils/dataProvider/data/Device.DeviceInfo.X_RDKCENTRAL-COM_RFC.json
2025-11-10 16:41:08,840 - Knowledge - INFO - process ingested knowledge for /app/data/T0015/222046/b14710b/RBUS/utils/dataProvider/data/Device.Devicecontrol.json
2025-11-10 16:41:09,041 - Knowledge - INFO - process ingested knowledge for /app/data/T0015/222046/b14710b/RBUS/utils/dataProvider/data/Device.WiFi.Radio.Stats.json
2025-11-10 16:41:09,252 - Knowledge - INFO - process ingested knowledge for /app/data/T0015/222046/b14710b/RBUS/utils/dataProvider/data/Device.WiFi.X_RDKCENTRAL-COM_Lnf.json
2025-11-10 16:41:09,444 - Knowledge - INFO - process ingested knowledge for /app/data/T0015/222046/b14710b/RBUS/utils/dataProvider/data/Device.DeviceInfo.Webpa.json
2025-11-10 16:41:09,455 - Knowledge - INFO - [WEBSOCKET] Sent: Type=progress_update, Size: 292, Duration: 0ms
2025-11-10 16:41:09,623 - Knowledge - INFO - process ingested knowledge for /app/data/T0015/222046/b14710b/RBUS/utils/dataProvider/sample_provider_gen.cpp
2025-11-10 16:41:09,700 - Knowledge - INFO - [WEBSOCKET] Sent: Type=unknown, Size: ?, Duration: 245ms
2025-11-10 16:41:09,786 - Knowledge - INFO - process ingested knowledge for /app/data/T0015/222046/b14710b/RBUS/utils/dataProvider/dmClient.h
2025-11-10 16:41:09,861 - Knowledge - INFO - Progress: 33.6% | Files: 114/339 | Rate: 1.32 files/sec | Queue: 0
2025-11-10 16:41:09,927 - Knowledge - INFO - process ingested knowledge for /app/data/T0015/222046/b14710b/RBUS/utils/dataProvider/dmValueType.h
2025-11-10 16:41:10,171 - Knowledge - INFO - process ingested knowledge for /app/data/T0015/222046/b14710b/RBUS/utils/dataProvider/dmProviderInfo.h
2025-11-10 16:41:16,576 - Knowledge - INFO - Fast-tracked /app/data/T0015/222046/b14710b/RBUS/sampleapps/provider/utilities.c (small file (2495 bytes))
2025-11-10 16:41:18,843 - Knowledge - INFO - Fast-tracked /app/data/T0015/222046/b14710b/RBUS/src/core/rbuscore_message.h (small file (2329 bytes))
2025-11-10 16:41:21,072 - Knowledge - INFO - Fast-tracked /app/data/T0015/222046/b14710b/RBUS/utils/dataProvider/dmQueryResult.cpp (small file (2201 bytes))
2025-11-10 16:41:24,886 - Knowledge - INFO - Fast-tracked /app/data/T0015/222046/b14710b/RBUS/unittests/rbus_test_server.c (small file (2877 bytes))
2025-11-10 16:41:26,909 - Knowledge - INFO - [LLM_CALL] Completed: dmcli.cpp:chunk1, Duration: 24630ms, PromptTokens: 3878, CompletionTokens: 303, Cost: $0.00051
2025-11-10 16:41:27,083 - Knowledge - INFO - done ingest for /app/data/T0015/222046/b14710b/RBUS/utils/dataProvider/dmcli.cpp
2025-11-10 16:41:29,449 - Knowledge - INFO - [LLM_CALL] Completed: Sample_rbus.c:chunk1, Duration: 20098ms, PromptTokens: 13446, CompletionTokens: 631, Cost: $0.00160
2025-11-10 16:41:29,604 - Knowledge - INFO - done ingest for /app/data/T0015/222046/b14710b/RBUS/utils/codegen/ccsp_style_generator/sampleapp/codegen/Sample_rbus.c
2025-11-10 16:41:30,882 - Knowledge - INFO - [LLM_CALL] Completed: dmProviderDatabase.cpp:chunk1, Duration: 38731ms, PromptTokens: 10678, CompletionTokens: 747, Cost: $0.00137
2025-11-10 16:41:31,067 - Knowledge - INFO - done ingest for /app/data/T0015/222046/b14710b/RBUS/utils/dataProvider/dmProviderDatabase.cpp
2025-11-10 16:41:31,954 - Knowledge - INFO - Processing batch of 12 files
2025-11-10 16:41:32,157 - Knowledge - INFO - process ingested knowledge for /app/data/T0015/222046/b14710b/RBUS/utils/codegen/ccsp_style_generator/sampleapp/build.sh
2025-11-10 16:41:32,305 - Knowledge - INFO - process ingested knowledge for /app/data/T0015/222046/b14710b/RBUS/utils/codegen/ccsp_style_generator/sampleapp/codegen/Sample_rbus.c
2025-11-10 16:41:32,445 - Knowledge - INFO - process ingested knowledge for /app/data/T0015/222046/b14710b/RBUS/utils/codegen/ccsp_style_generator/sampleapp/codegen/Sample_app.c
2025-11-10 16:41:32,661 - Knowledge - INFO - process ingested knowledge for /app/data/T0015/222046/b14710b/RBUS/utils/codegen/ccsp_style_generator/sampleapp/codegen/Sample_rbus.h
2025-11-10 16:41:32,878 - Knowledge - INFO - process ingested knowledge for /app/data/T0015/222046/b14710b/RBUS/utils/dataProvider/dmProviderHost.h
2025-11-10 16:41:33,030 - Knowledge - INFO - process ingested knowledge for /app/data/T0015/222046/b14710b/RBUS/utils/dataProvider/dmPropertyInfo.h
2025-11-10 16:41:33,208 - Knowledge - INFO - process ingested knowledge for /app/data/T0015/222046/b14710b/RBUS/utils/dataProvider/dmValue.h
2025-11-10 16:41:33,250 - Knowledge - INFO - Split /app/data/T0015/222046/b14710b/RBUS/include/rbus.h (95895 bytes) into 3 chunks of ~32KB
2025-11-10 16:41:33,373 - Knowledge - INFO - process ingested knowledge for /app/data/T0015/222046/b14710b/RBUS/utils/dataProvider/dmQueryResult.h
2025-11-10 16:41:33,617 - Knowledge - INFO - process ingested knowledge for /app/data/T0015/222046/b14710b/RBUS/utils/dataProvider/dmError.cpp
2025-11-10 16:41:33,794 - Knowledge - INFO - [LLM_CALL] Completed: CodeCoverage.cmake:chunk1, Duration: 21539ms, PromptTokens: 10402, CompletionTokens: 117, Cost: $0.00109
2025-11-10 16:41:33,864 - Knowledge - INFO - process ingested knowledge for /app/data/T0015/222046/b14710b/RBUS/utils/dataProvider/dmProvider.h
2025-11-10 16:41:34,016 - Knowledge - INFO - done ingest for /app/data/T0015/222046/b14710b/RBUS/cmake/CodeCoverage.cmake
2025-11-10 16:41:34,087 - Knowledge - INFO - process ingested knowledge for /app/data/T0015/222046/b14710b/RBUS/utils/dataProvider/dmProviderDatabase.cpp
2025-11-10 16:41:34,327 - Knowledge - INFO - process ingested knowledge for /app/data/T0015/222046/b14710b/RBUS/utils/dataProvider/dmcli.cpp
2025-11-10 16:41:36,081 - Knowledge - INFO - [WEBSOCKET] Sent: Type=progress_update, Size: 289, Duration: 0ms
2025-11-10 16:41:36,169 - Knowledge - INFO - Fast-tracked /app/data/T0015/222046/b14710b/RBUS/src/rtmessage/rtSemaphore.h (small file (2767 bytes))
2025-11-10 16:41:36,246 - Knowledge - INFO - [WEBSOCKET] Sent: Type=unknown, Size: ?, Duration: 165ms
2025-11-10 16:41:36,380 - Knowledge - ERROR - Timeout processing /app/data/T0015/222046/b14710b/RBUS/src/rbus/rbus_element.h after 90s
2025-11-10 16:41:36,447 - Knowledge - INFO - Progress: 37.2% | Files: 126/339 | Rate: 1.12 files/sec | Queue: 0
2025-11-10 16:41:36,529 - Knowledge - ERROR - Timeout processing /app/data/T0015/222046/b14710b/RBUS/src/rbus/rbus_valuechange.c after 90s
2025-11-10 16:41:38,564 - Knowledge - INFO - [LLM_CALL] Completed: rtsend.c:chunk1, Duration: 45656ms, PromptTokens: 3062, CompletionTokens: 343, Cost: $0.00044
2025-11-10 16:41:38,719 - Knowledge - INFO - done ingest for /app/data/T0015/222046/b14710b/RBUS/sampleapps/rtmessage/rtsend.c
2025-11-10 16:41:41,550 - Knowledge - INFO - [LLM_CALL] Completed: sample_super.c:chunk1, Duration: 59856ms, PromptTokens: 9868, CompletionTokens: 749, Cost: $0.00129
2025-11-10 16:41:41,909 - Knowledge - INFO - done ingest for /app/data/T0015/222046/b14710b/RBUS/sampleapps/rtmessage/sample_super.c
2025-11-10 16:41:41,918 - Knowledge - INFO - [LLM_CALL] Completed: rbuscore_types.h:chunk1, Duration: 22921ms, PromptTokens: 2348, CompletionTokens: 369, Cost: $0.00038
2025-11-10 16:41:42,324 - Knowledge - INFO - done ingest for /app/data/T0015/222046/b14710b/RBUS/src/core/rbuscore_types.h
2025-11-10 16:41:42,404 - Knowledge - INFO - Processing batch of 12 files
2025-11-10 16:41:42,563 - Knowledge - INFO - process ingested knowledge for /app/data/T0015/222046/b14710b/RBUS/sampleapps/rtmessage/sample_super.c
2025-11-10 16:41:42,705 - Knowledge - INFO - process ingested knowledge for /app/data/T0015/222046/b14710b/RBUS/sampleapps/rtmessage/rtsend.c
2025-11-10 16:41:42,845 - Knowledge - INFO - process ingested knowledge for /app/data/T0015/222046/b14710b/RBUS/conf/rbus_log_capture.sh
2025-11-10 16:41:43,005 - Knowledge - INFO - process ingested knowledge for /app/data/T0015/222046/b14710b/RBUS/CMakeLists.txt
2025-11-10 16:41:43,157 - Knowledge - INFO - process ingested knowledge for /app/data/T0015/222046/b14710b/RBUS/cmake/Findbreakpad.cmake
2025-11-10 16:41:43,309 - Knowledge - INFO - process ingested knowledge for /app/data/T0015/222046/b14710b/RBUS/cmake/Findmsgpack.cmake
2025-11-10 16:41:43,469 - Knowledge - INFO - process ingested knowledge for /app/data/T0015/222046/b14710b/RBUS/cmake/CodeCoverage.cmake
2025-11-10 16:41:43,656 - Knowledge - INFO - process ingested knowledge for /app/data/T0015/222046/b14710b/RBUS/cmake/Findlinenoise.cmake
2025-11-10 16:41:44,102 - Knowledge - INFO - process ingested knowledge for /app/data/T0015/222046/b14710b/RBUS/cmake/Findrdklogger.cmake
2025-11-10 16:41:44,407 - Knowledge - INFO - process ingested knowledge for /app/data/T0015/222046/b14710b/RBUS/cmake/FindcJSON.cmake
2025-11-10 16:41:44,802 - Knowledge - INFO - process ingested knowledge for /app/data/T0015/222046/b14710b/RBUS/utils/rbuscli/CMakeLists.txt
2025-11-10 16:41:45,108 - Knowledge - INFO - process ingested knowledge for /app/data/T0015/222046/b14710b/RBUS/utils/rbuscli/rbuscli.c
2025-11-10 16:41:45,255 - Knowledge - INFO - [LLM_CALL] Completed: rtTime.c:chunk1, Duration: 69048ms, PromptTokens: 2536, CompletionTokens: 439, Cost: $0.00043
2025-11-10 16:41:45,409 - Knowledge - INFO - done ingest for /app/data/T0015/222046/b14710b/RBUS/src/rtmessage/rtTime.c
2025-11-10 16:41:52,994 - Knowledge - INFO - [WEBSOCKET] Sent: Type=progress_update, Size: 290, Duration: 0ms
2025-11-10 16:41:53,308 - Knowledge - INFO - [WEBSOCKET] Sent: Type=unknown, Size: ?, Duration: 314ms
2025-11-10 16:41:53,544 - Knowledge - INFO - Progress: 40.7% | Files: 138/339 | Rate: 1.06 files/sec | Queue: 0
2025-11-10 16:41:53,731 - Knowledge - ERROR - Timeout processing /app/data/T0015/222046/b14710b/RBUS/src/rbus/rbus_tokenchain.c after 90s
2025-11-10 16:41:53,953 - Knowledge - INFO - [LLM_CALL] Completed: rtrouteBase.c:chunk1, Duration: 58964ms, PromptTokens: 11426, CompletionTokens: 1281, Cost: $0.00165
2025-11-10 16:41:54,233 - Knowledge - INFO - done ingest for /app/data/T0015/222046/b14710b/RBUS/src/rtmessage/rtrouteBase.c
2025-11-10 16:41:56,058 - Knowledge - INFO - [LLM_CALL] Completed: rtError.c:chunk1, Duration: 41990ms, PromptTokens: 3062, CompletionTokens: 527, Cost: $0.00052
2025-11-10 16:41:56,458 - Knowledge - INFO - done ingest for /app/data/T0015/222046/b14710b/RBUS/src/rtmessage/rtError.c
2025-11-10 16:41:56,802 - Knowledge - ERROR - Timeout processing /app/data/T0015/222046/b14710b/RBUS/src/rtmessage/rtLog.h after 90s
2025-11-10 16:42:03,572 - Knowledge - INFO - Fast-tracked /app/data/T0015/222046/b14710b/RBUS/sampleapps/rtmessage/sample_send.c (small file (2083 bytes))
2025-11-10 16:42:04,162 - Knowledge - ERROR - Timeout processing /app/data/T0015/222046/b14710b/RBUS/sampleapps/provider/rbusBlockingProvider.c after 90s
2025-11-10 16:42:04,396 - Knowledge - INFO - [LLM_CALL] Completed: rtMessage.h:chunk1, Duration: 60833ms, PromptTokens: 4906, CompletionTokens: 1280, Cost: $0.00100
2025-11-10 16:42:04,424 - Knowledge - ERROR - Timeout processing /app/data/T0015/222046/b14710b/RBUS/sampleapps/provider/rbusCSIEventProvider.c after 90s
2025-11-10 16:42:04,618 - Knowledge - INFO - done ingest for /app/data/T0015/222046/b14710b/RBUS/src/rtmessage/rtMessage.h
2025-11-10 16:42:04,839 - Knowledge - ERROR - Timeout processing /app/data/T0015/222046/b14710b/RBUS/sampleapps/provider/rbusMethodProvider.c after 90s
2025-11-10 16:42:05,168 - Knowledge - ERROR - Timeout processing /app/data/T0015/222046/b14710b/RBUS/sampleapps/provider/rbusIntervalProvider.c after 90s
2025-11-10 16:42:05,418 - Knowledge - ERROR - Timeout processing /app/data/T0015/222046/b14710b/RBUS/sampleapps/provider/rbusValueChangeProvider.c after 90s
2025-11-10 16:42:06,066 - Knowledge - WARNING - File /app/data/T0015/222046/b14710b/RBUS/sampleapps/provider/rbusBlockingProvider.c not successfully processed
2025-11-10 16:42:06,366 - Knowledge - WARNING - File /app/data/T0015/222046/b14710b/RBUS/sampleapps/provider/rbusCSIEventProvider.c not successfully processed
2025-11-10 16:42:06,631 - Knowledge - WARNING - File /app/data/T0015/222046/b14710b/RBUS/src/rtmessage/rtLog.h not successfully processed
2025-11-10 16:42:06,673 - Knowledge - WARNING - File /app/data/T0015/222046/b14710b/RBUS/sampleapps/provider/rbusMethodProvider.c not successfully processed
2025-11-10 16:42:06,992 - Knowledge - ERROR - Timeout processing /app/data/T0015/222046/b14710b/RBUS/sampleapps/consumer/rbusValueChangeConsumer.c after 90s
2025-11-10 16:42:07,182 - Knowledge - WARNING - File /app/data/T0015/222046/b14710b/RBUS/sampleapps/provider/rbusIntervalProvider.c not successfully processed
2025-11-10 16:42:07,221 - Knowledge - ERROR - Timeout processing /app/data/T0015/222046/b14710b/RBUS/sampleapps/consumer/rbusOpenTelemetry.c after 90s
2025-11-10 16:42:07,404 - Knowledge - WARNING - File /app/data/T0015/222046/b14710b/RBUS/sampleapps/provider/rbusValueChangeProvider.c not successfully processed
2025-11-10 16:42:07,608 - Knowledge - ERROR - Timeout processing /app/data/T0015/222046/b14710b/RBUS/sampleapps/consumer/rbusMethodConsumer.c after 90s
2025-11-10 16:42:07,865 - Knowledge - ERROR - Timeout processing /app/data/T0015/222046/b14710b/RBUS/sampleapps/consumer/rbusCSIEventConsumer.c after 90s
2025-11-10 16:42:08,177 - Knowledge - ERROR - Timeout processing /app/data/T0015/222046/b14710b/RBUS/sampleapps/consumer/rbusIntervalConsumer.c after 90s
2025-11-10 16:42:08,253 - Knowledge - INFO - Processing batch of 7 files
2025-11-10 16:42:08,414 - Knowledge - ERROR - Timeout processing /app/data/T0015/222046/b14710b/RBUS/sampleapps/consumer/rbusTableConsumer.c after 90s
2025-11-10 16:42:08,566 - Knowledge - INFO - process ingested knowledge for /app/data/T0015/222046/b14710b/RBUS/sampleapps/provider/rbusValueChangeMultiProvider.c
2025-11-10 16:42:08,718 - Knowledge - ERROR - Timeout processing /app/data/T0015/222046/b14710b/RBUS/sampleapps/consumer/rbusGeneralEventConsumer.c after 90s
2025-11-10 16:42:09,023 - Knowledge - ERROR - Timeout processing /app/data/T0015/222046/b14710b/RBUS/sampleapps/consumer/rbusRawDataConsumer.c after 90s
2025-11-10 16:42:09,206 - Knowledge - INFO - Processing batch of 14 files
2025-11-10 16:42:09,245 - Knowledge - INFO - process ingested knowledge for /app/data/T0015/222046/b14710b/RBUS/sampleapps/provider/utilities.c
2025-11-10 16:42:09,272 - Knowledge - ERROR - Timeout processing /app/data/T0015/222046/b14710b/RBUS/sampleapps/consumer/rbusSampleConsumer.c after 90s
2025-11-10 16:42:09,415 - Knowledge - INFO - process ingested knowledge for /app/data/T0015/222046/b14710b/RBUS/src/rtmessage/rtTime.c
2025-11-10 16:42:09,756 - Knowledge - ERROR - Timeout processing /app/data/T0015/222046/b14710b/RBUS/sampleapps/consumer/rbusEventConsumer.c after 90s
2025-11-10 16:42:09,801 - Knowledge - INFO - process ingested knowledge for /app/data/T0015/222046/b14710b/RBUS/sampleapps/rtmessage/sample_send.c
2025-11-10 16:42:09,962 - Knowledge - WARNING - File /app/data/T0015/222046/b14710b/RBUS/sampleapps/consumer/rbusValueChangeConsumer.c not successfully processed
2025-11-10 16:42:09,970 - Knowledge - INFO - process ingested knowledge for /app/data/T0015/222046/b14710b/RBUS/src/rtmessage/rtError.h
2025-11-10 16:42:10,447 - Knowledge - INFO - process ingested knowledge for /app/data/T0015/222046/b14710b/RBUS/sampleapps/rtmessage/sample_res.c
2025-11-10 16:42:10,615 - Knowledge - WARNING - File /app/data/T0015/222046/b14710b/RBUS/sampleapps/consumer/rbusOpenTelemetry.c not successfully processed
2025-11-10 16:42:10,633 - Knowledge - INFO - process ingested knowledge for /app/data/T0015/222046/b14710b/RBUS/src/rtmessage/rtRetainable.c
2025-11-10 16:42:10,667 - Knowledge - INFO - [LLM_CALL] Completed: rbus_context_helpers.c:chunk1, Duration: 75299ms, PromptTokens: 4472, CompletionTokens: 700, Cost: $0.00073
2025-11-10 16:42:10,779 - Knowledge - INFO - process ingested knowledge for /app/data/T0015/222046/b14710b/RBUS/sampleapps/rtmessage/sample_recv.c
2025-11-10 16:42:10,894 - Knowledge - WARNING - File /app/data/T0015/222046/b14710b/RBUS/sampleapps/consumer/rbusMethodConsumer.c not successfully processed
2025-11-10 16:42:11,118 - Knowledge - INFO - process ingested knowledge for /app/data/T0015/222046/b14710b/RBUS/src/rtmessage/rtThreadPool.h
2025-11-10 16:42:11,269 - Knowledge - INFO - done ingest for /app/data/T0015/222046/b14710b/RBUS/utils/codegen/ccsp_style_generator/src/rbus_context_helpers.c
2025-11-10 16:42:11,513 - Knowledge - INFO - process ingested knowledge for /app/data/T0015/222046/b14710b/RBUS/sampleapps/rtmessage/sample_req.c
2025-11-10 16:42:11,535 - Knowledge - WARNING - File /app/data/T0015/222046/b14710b/RBUS/sampleapps/consumer/rbusCSIEventConsumer.c not successfully processed
2025-11-10 16:42:11,896 - Knowledge - INFO - process ingested knowledge for /app/data/T0015/222046/b14710b/RBUS/src/rtmessage/rtString.c
2025-11-10 16:42:12,278 - Knowledge - INFO - process ingested knowledge for /app/data/T0015/222046/b14710b/RBUS/sampleapps/rtmessage/CMakeLists.txt
2025-11-10 16:42:12,507 - Knowledge - INFO - process ingested knowledge for /app/data/T0015/222046/b14710b/RBUS/src/rtmessage/CMakeLists.txt
2025-11-10 16:42:12,528 - Knowledge - WARNING - File /app/data/T0015/222046/b14710b/RBUS/sampleapps/consumer/rbusIntervalConsumer.c not successfully processed
2025-11-10 16:42:12,843 - Knowledge - INFO - process ingested knowledge for /app/data/T0015/222046/b14710b/RBUS/src/rtmessage/rtDebug.c
2025-11-10 16:42:12,931 - Knowledge - WARNING - File /app/data/T0015/222046/b14710b/RBUS/sampleapps/consumer/rbusTableConsumer.c not successfully processed
2025-11-10 16:42:12,933 - Knowledge - ERROR - Timeout processing /app/data/T0015/222046/b14710b/RBUS/src/session_manager/session_manager.c after 90s
2025-11-10 16:42:13,229 - Knowledge - WARNING - File /app/data/T0015/222046/b14710b/RBUS/sampleapps/consumer/rbusGeneralEventConsumer.c not successfully processed
2025-11-10 16:42:13,299 - Knowledge - INFO - process ingested knowledge for /app/data/T0015/222046/b14710b/RBUS/src/rtmessage/rtHashMap.h
2025-11-10 16:42:13,442 - Knowledge - INFO - [LLM_CALL] Completed: Sample_hal.c:chunk1, Duration: 51906ms, PromptTokens: 3176, CompletionTokens: 740, Cost: $0.00061
2025-11-10 16:42:13,531 - Knowledge - WARNING - File /app/data/T0015/222046/b14710b/RBUS/sampleapps/consumer/rbusRawDataConsumer.c not successfully processed
2025-11-10 16:42:13,636 - Knowledge - INFO - process ingested knowledge for /app/data/T0015/222046/b14710b/RBUS/src/rtmessage/rtBuffer.c
2025-11-10 16:42:13,648 - Knowledge - ERROR - Timeout processing /app/data/T0015/222046/b14710b/RBUS/src/rtmessage/rtThreadPool.c after 90s
2025-11-10 16:42:13,758 - Knowledge - INFO - done ingest for /app/data/T0015/222046/b14710b/RBUS/utils/codegen/ccsp_style_generator/sampleapp/final/Sample_hal.c
2025-11-10 16:42:13,944 - Knowledge - WARNING - File /app/data/T0015/222046/b14710b/RBUS/sampleapps/consumer/rbusSampleConsumer.c not successfully processed
2025-11-10 16:42:14,181 - Knowledge - ERROR - Timeout processing /app/data/T0015/222046/b14710b/RBUS/src/rtmessage/rtLog.c after 90s
2025-11-10 16:42:14,182 - Knowledge - INFO - process ingested knowledge for /app/data/T0015/222046/b14710b/RBUS/src/rtmessage/rtrouteBase.c
2025-11-10 16:42:14,397 - Knowledge - WARNING - File /app/data/T0015/222046/b14710b/RBUS/sampleapps/consumer/rbusEventConsumer.c not successfully processed
2025-11-10 16:42:14,635 - Knowledge - ERROR - Timeout processing /app/data/T0015/222046/b14710b/RBUS/src/rtmessage/rtHashMap.c after 90s
2025-11-10 16:42:14,846 - Knowledge - INFO - Processing batch of 2 files
2025-11-10 16:42:14,952 - Knowledge - ERROR - Timeout processing /app/data/T0015/222046/b14710b/RBUS/src/rtmessage/rtMessageHeader.c after 90s
2025-11-10 16:42:14,964 - Knowledge - INFO - process ingested knowledge for /app/data/T0015/222046/b14710b/RBUS/src/rtmessage/rtsub.c
2025-11-10 16:42:15,157 - Knowledge - INFO - process ingested knowledge for /app/data/T0015/222046/b14710b/RBUS/sampleapps/consumer/rbusBlockingConsumer.c
2025-11-10 16:42:15,251 - Knowledge - ERROR - Timeout processing /app/data/T0015/222046/b14710b/RBUS/src/rtmessage/diag_probe.c after 90s
2025-11-10 16:42:15,612 - Knowledge - INFO - process ingested knowledge for /app/data/T0015/222046/b14710b/RBUS/src/rtmessage/rtMessage.h
2025-11-10 16:42:15,664 - Knowledge - INFO - [LLM_CALL] Completed: rbuscore.h:chunk1, Duration: 68687ms, PromptTokens: 8358, CompletionTokens: 2162, Cost: $0.00170
2025-11-10 16:42:15,754 - Knowledge - ERROR - Timeout processing /app/data/T0015/222046/b14710b/RBUS/src/rtmessage/rtList.c after 90s
2025-11-10 16:42:15,985 - Knowledge - INFO - process ingested knowledge for /app/data/T0015/222046/b14710b/RBUS/src/rtmessage/rtError.c
2025-11-10 16:42:15,988 - Knowledge - INFO - process ingested knowledge for /app/data/T0015/222046/b14710b/RBUS/sampleapps/consumer/sample_rbus_session_mgr.c
2025-11-10 16:42:16,381 - Knowledge - INFO - done ingest for /app/data/T0015/222046/b14710b/RBUS/src/core/rbuscore.h
2025-11-10 16:42:16,953 - Knowledge - ERROR - Timeout processing /app/data/T0015/222046/b14710b/RBUS/src/core/rbuscore_message.c after 90s
2025-11-10 16:42:17,038 - Knowledge - INFO - process ingested knowledge for /app/data/T0015/222046/b14710b/RBUS/src/rtmessage/rtrouter_diag.h
2025-11-10 16:42:17,249 - Knowledge - WARNING - File /app/data/T0015/222046/b14710b/RBUS/src/rtmessage/rtThreadPool.c not successfully processed
2025-11-10 16:42:17,266 - Knowledge - INFO - [WEBSOCKET] Sent: Type=progress_update, Size: 293, Duration: 0ms
2025-11-10 16:42:17,414 - Knowledge - WARNING - File /app/data/T0015/222046/b14710b/RBUS/src/rbus/rbus_element.h not successfully processed
2025-11-10 16:42:17,674 - Knowledge - INFO - [WEBSOCKET] Sent: Type=unknown, Size: ?, Duration: 409ms
2025-11-10 16:42:17,997 - Knowledge - WARNING - File /app/data/T0015/222046/b14710b/RBUS/src/rbus/rbus_valuechange.c not successfully processed
2025-11-10 16:42:18,045 - Knowledge - INFO - Progress: 47.8% | Files: 163/339 | Rate: 1.06 files/sec | Queue: 0
2025-11-10 16:42:18,138 - Knowledge - WARNING - File /app/data/T0015/222046/b14710b/RBUS/src/rtmessage/rtLog.c not successfully processed
2025-11-10 16:42:18,142 - Knowledge - ERROR - Timeout processing /app/data/T0015/222046/b14710b/RBUS/utils/codegen/ccsp_style_generator/scripts/rbus_code_generator_ccsp_style.py after 90s
2025-11-10 16:42:18,511 - Knowledge - ERROR - Timeout processing /app/data/T0015/222046/b14710b/RBUS/sampleapps/consumer/rbusValueChangeMultiConsumer.c after 90s
2025-11-10 16:42:18,848 - Knowledge - ERROR - Timeout processing /app/data/T0015/222046/b14710b/RBUS/utils/codegen/ccsp_style_generator/src/rbus_context_helpers.h after 90s
2025-11-10 16:42:18,989 - Knowledge - ERROR - Timeout processing /app/data/T0015/222046/b14710b/RBUS/sampleapps/provider/rbusTableProvider.c after 90s
2025-11-10 16:42:19,282 - Knowledge - ERROR - Timeout processing /app/data/T0015/222046/b14710b/RBUS/utils/codegen/ccsp_style_generator/sampleapp/final/Sample_rbus.c after 90s
2025-11-10 16:42:19,419 - Knowledge - WARNING - File /app/data/T0015/222046/b14710b/RBUS/src/rtmessage/rtHashMap.c not successfully processed
2025-11-10 16:42:19,447 - Knowledge - ERROR - Timeout processing /app/data/T0015/222046/b14710b/RBUS/sampleapps/provider/rbusGeneralEventProvider.c after 90s
2025-11-10 16:42:19,572 - Knowledge - INFO - Fast-tracked /app/data/T0015/222046/b14710b/RBUS/unittests/rbus_event_server.c (small file (2640 bytes))
2025-11-10 16:42:19,690 - Knowledge - WARNING - File /app/data/T0015/222046/b14710b/RBUS/src/rtmessage/rtMessageHeader.c not successfully processed
2025-11-10 16:42:19,918 - Knowledge - ERROR - Timeout processing /app/data/T0015/222046/b14710b/RBUS/sampleapps/provider/rbusRawDataProvider.c after 90s
2025-11-10 16:42:20,158 - Knowledge - WARNING - File /app/data/T0015/222046/b14710b/RBUS/utils/codegen/ccsp_style_generator/scripts/rbus_code_generator_ccsp_style.py not successfully processed
2025-11-10 16:42:20,220 - Knowledge - WARNING - File /app/data/T0015/222046/b14710b/RBUS/src/session_manager/session_manager.c not successfully processed
2025-11-10 16:42:20,515 - Knowledge - ERROR - Timeout processing /app/data/T0015/222046/b14710b/RBUS/sampleapps/provider/rbusSampleTableProvider.c after 90s
2025-11-10 16:42:20,652 - Knowledge - WARNING - File /app/data/T0015/222046/b14710b/RBUS/utils/codegen/ccsp_style_generator/src/rbus_context_helpers.h not successfully processed
2025-11-10 16:42:20,664 - Knowledge - INFO - Fast-tracked /app/data/T0015/222046/b14710b/RBUS/src/rtmessage/rtMessageHeader.h (small file (2663 bytes))
2025-11-10 16:42:20,912 - Knowledge - ERROR - Timeout processing /app/data/T0015/222046/b14710b/RBUS/sampleapps/provider/rbusEventProvider.c after 90s
2025-11-10 16:42:21,489 - Knowledge - INFO - Fast-tracked /app/data/T0015/222046/b14710b/RBUS/src/rtmessage/rtrouteBase.h (small file (2494 bytes))
2025-11-10 16:42:21,574 - Knowledge - WARNING - File /app/data/T0015/222046/b14710b/RBUS/src/core/rbuscore_message.c not successfully processed
2025-11-10 16:42:21,589 - Knowledge - ERROR - Timeout processing /app/data/T0015/222046/b14710b/RBUS/sampleapps/provider/rbusSampleProvider.c after 90s
2025-11-10 16:42:21,913 - Knowledge - ERROR - Timeout processing /app/data/T0015/222046/b14710b/RBUS/src/rtmessage/rtSocket.c after 90s
2025-11-10 16:42:22,088 - Knowledge - WARNING - File /app/data/T0015/222046/b14710b/RBUS/sampleapps/consumer/rbusValueChangeMultiConsumer.c not successfully processed
2025-11-10 16:42:22,172 - Knowledge - ERROR - Timeout processing /app/data/T0015/222046/b14710b/RBUS/src/rtmessage/rtRoutingTree.h after 90s
2025-11-10 16:42:22,186 - Knowledge - WARNING - File /app/data/T0015/222046/b14710b/RBUS/utils/codegen/ccsp_style_generator/sampleapp/final/Sample_rbus.c not successfully processed
2025-11-10 16:42:22,265 - Knowledge - INFO - [LLM_CALL] Completed: rbus_asyncsubscribe.c:chunk1, Duration: 80266ms, PromptTokens: 8014, CompletionTokens: 1133, Cost: $0.00125
2025-11-10 16:42:22,377 - Knowledge - ERROR - Timeout processing /app/data/T0015/222046/b14710b/RBUS/src/rtmessage/rtMessage.c after 90s
2025-11-10 16:42:22,586 - Knowledge - INFO - done ingest for /app/data/T0015/222046/b14710b/RBUS/src/rbus/rbus_asyncsubscribe.c
2025-11-10 16:42:22,650 - Knowledge - ERROR - Timeout processing /app/data/T0015/222046/b14710b/RBUS/src/rtmessage/rtBase64.c after 90s
2025-11-10 16:42:22,652 - Knowledge - WARNING - File /app/data/T0015/222046/b14710b/RBUS/src/rtmessage/diag_probe.c not successfully processed
2025-11-10 16:42:22,872 - Knowledge - ERROR - Timeout processing /app/data/T0015/222046/b14710b/RBUS/src/rtmessage/rtConnection.h after 90s
2025-11-10 16:42:22,938 - Knowledge - WARNING - File /app/data/T0015/222046/b14710b/RBUS/sampleapps/provider/rbusTableProvider.c not successfully processed
2025-11-10 16:42:23,138 - Knowledge - ERROR - Timeout processing /app/data/T0015/222046/b14710b/RBUS/src/rtmessage/rtCipher.c after 90s
2025-11-10 16:42:23,274 - Knowledge - WARNING - File /app/data/T0015/222046/b14710b/RBUS/sampleapps/provider/rbusGeneralEventProvider.c not successfully processed
2025-11-10 16:42:23,393 - Knowledge - ERROR - Timeout processing /app/data/T0015/222046/b14710b/RBUS/src/rtmessage/rtrouted.c after 90s
2025-11-10 16:42:23,395 - Knowledge - INFO - Processing batch of 9 files
2025-11-10 16:42:23,483 - Knowledge - WARNING - File /app/data/T0015/222046/b14710b/RBUS/sampleapps/provider/rbusRawDataProvider.c not successfully processed
2025-11-10 16:42:23,622 - Knowledge - ERROR - Timeout processing /app/data/T0015/222046/b14710b/RBUS/src/rtmessage/rtVector.c after 90s
2025-11-10 16:42:23,698 - Knowledge - INFO - process ingested knowledge for /app/data/T0015/222046/b14710b/RBUS/utils/CMakeLists.txt
2025-11-10 16:42:24,476 - Knowledge - WARNING - File /app/data/T0015/222046/b14710b/RBUS/sampleapps/provider/rbusSampleTableProvider.c not successfully processed
2025-11-10 16:42:24,772 - Knowledge - WARNING - File /app/data/T0015/222046/b14710b/RBUS/sampleapps/provider/rbusEventProvider.c not successfully processed
2025-11-10 16:42:24,985 - Knowledge - INFO - Processing batch of 11 files
2025-11-10 16:42:24,988 - Knowledge - INFO - process ingested knowledge for /app/data/T0015/222046/b14710b/RBUS/utils/codegen/ccsp_style_generator/scripts/rbus_code_generator_ccsp_style.sh
2025-11-10 16:42:24,994 - Knowledge - ERROR - Timeout processing /app/data/T0015/222046/b14710b/RBUS/src/rbus/rbus_handle.c after 90s
2025-11-10 16:42:25,001 - Knowledge - WARNING - File /app/data/T0015/222046/b14710b/RBUS/src/rtmessage/rtSocket.c not successfully processed
2025-11-10 16:42:25,001 - Knowledge - WARNING - File /app/data/T0015/222046/b14710b/RBUS/src/rtmessage/rtList.c not successfully processed
2025-11-10 16:42:25,020 - Knowledge - WARNING - File /app/data/T0015/222046/b14710b/RBUS/sampleapps/provider/rbusSampleProvider.c not successfully processed
2025-11-10 16:42:25,152 - Knowledge - INFO - process ingested knowledge for /app/data/T0015/222046/b14710b/RBUS/src/session_manager/test/sample_client.c
2025-11-10 16:42:25,240 - Knowledge - INFO - process ingested knowledge for /app/data/T0015/222046/b14710b/RBUS/utils/codegen/ccsp_style_generator/src/rbus_context_helpers.c
2025-11-10 16:42:25,247 - Knowledge - INFO - [WEBSOCKET] Sent: Type=progress_update, Size: 293, Duration: 0ms
2025-11-10 16:42:25,367 - Knowledge - ERROR - Timeout processing /app/data/T0015/222046/b14710b/RBUS/src/rbus/rbus_subscriptions.c after 90s
2025-11-10 16:42:25,836 - Knowledge - INFO - process ingested knowledge for /app/data/T0015/222046/b14710b/RBUS/src/session_manager/rbus_session_mgr.h
2025-11-10 16:42:25,888 - Knowledge - INFO - process ingested knowledge for /app/data/T0015/222046/b14710b/RBUS/utils/codegen/ccsp_style_generator/sampleapp/final/Sample_hal.h
2025-11-10 16:42:25,965 - Knowledge - INFO - Processing batch of 9 files
2025-11-10 16:42:25,965 - Knowledge - INFO - Processing batch of 5 files
2025-11-10 16:42:25,965 - Knowledge - INFO - [WEBSOCKET] Sent: Type=unknown, Size: ?, Duration: 718ms
2025-11-10 16:42:26,073 - Knowledge - ERROR - Timeout processing /app/data/T0015/222046/b14710b/RBUS/src/rbus/rbus_filter.c after 90s
2025-11-10 16:42:26,218 - Knowledge - INFO - process ingested knowledge for /app/data/T0015/222046/b14710b/RBUS/src/session_manager/CMakeLists.txt
2025-11-10 16:42:26,310 - Knowledge - INFO - process ingested knowledge for /app/data/T0015/222046/b14710b/RBUS/utils/codegen/ccsp_style_generator/sampleapp/final/Sample_app.c
2025-11-10 16:42:26,409 - Knowledge - INFO - process ingested knowledge for /app/data/T0015/222046/b14710b/RBUS/src/rtmessage/rtBase64.h
2025-11-10 16:42:26,543 - Knowledge - INFO - process ingested knowledge for /app/data/T0015/222046/b14710b/RBUS/sampleapps/consumer/rbusDmlBlockingConsumer.c
2025-11-10 16:42:26,654 - Knowledge - INFO - Progress: 57.8% | Files: 197/339 | Rate: 1.22 files/sec | Queue: 0
2025-11-10 16:42:26,661 - Knowledge - WARNING - File /app/data/T0015/222046/b14710b/RBUS/src/rtmessage/rtRoutingTree.h not successfully processed
2025-11-10 16:42:26,767 - Knowledge - ERROR - Timeout processing /app/data/T0015/222046/b14710b/RBUS/src/rbus/rbus_buffer.c after 90s
2025-11-10 16:42:26,967 - Knowledge - INFO - process ingested knowledge for /app/data/T0015/222046/b14710b/RBUS/src/CMakeLists.txt
2025-11-10 16:42:27,021 - Knowledge - INFO - process ingested knowledge for /app/data/T0015/222046/b14710b/RBUS/utils/codegen/ccsp_style_generator/sampleapp/final/Sample_rbus.h
2025-11-10 16:42:27,260 - Knowledge - INFO - process ingested knowledge for /app/data/T0015/222046/b14710b/RBUS/src/rtmessage/rtAtomic.h
2025-11-10 16:42:27,274 - Knowledge - INFO - process ingested knowledge for /app/data/T0015/222046/b14710b/RBUS/sampleapps/CMakeLists.txt
2025-11-10 16:42:27,516 - Knowledge - INFO - [LLM_CALL] Completed: dmProvider.cpp:chunk1, Duration: 66598ms, PromptTokens: 2720, CompletionTokens: 367, Cost: $0.00042
2025-11-10 16:42:27,683 - Knowledge - INFO - process ingested knowledge for /app/data/T0015/222046/b14710b/RBUS/src/core/rbuscore_logger.h
2025-11-10 16:42:27,758 - Knowledge - INFO - process ingested knowledge for /app/data/T0015/222046/b14710b/RBUS/utils/codegen/ccsp_style_generator/sampleapp/final/Sample_hal.c
2025-11-10 16:42:27,849 - Knowledge - INFO - process ingested knowledge for /app/data/T0015/222046/b14710b/RBUS/src/rtmessage/rtm_discovery_api.h
2025-11-10 16:42:27,938 - Knowledge - INFO - process ingested knowledge for /app/data/T0015/222046/b14710b/RBUS/sampleapps/message/rbusMessageListener.c
2025-11-10 16:42:28,011 - Knowledge - ERROR - Timeout processing /app/data/T0015/222046/b14710b/RBUS/src/rbus/rbus_object.c after 90s
2025-11-10 16:42:28,045 - Knowledge - INFO - done ingest for /app/data/T0015/222046/b14710b/RBUS/utils/dataProvider/dmProvider.cpp
2025-11-10 16:42:28,097 - Knowledge - WARNING - File /app/data/T0015/222046/b14710b/RBUS/src/rtmessage/rtMessage.c not successfully processed
2025-11-10 16:42:28,125 - Knowledge - WARNING - File /app/data/T0015/222046/b14710b/RBUS/src/rbus/rbus_tokenchain.c not successfully processed
2025-11-10 16:42:28,130 - Knowledge - INFO - process ingested knowledge for /app/data/T0015/222046/b14710b/RBUS/src/core/rbuscore.c
2025-11-10 16:42:28,200 - Knowledge - INFO - process ingested knowledge for /app/data/T0015/222046/b14710b/RBUS/utils/codegen/ccsp_style_generator/sampleapp/codegen.sh
2025-11-10 16:42:28,271 - Knowledge - INFO - process ingested knowledge for /app/data/T0015/222046/b14710b/RBUS/src/rtmessage/local_benchmarking.h
2025-11-10 16:42:28,343 - Knowledge - INFO - process ingested knowledge for /app/data/T0015/222046/b14710b/RBUS/sampleapps/message/rbusMessageSender.c
2025-11-10 16:42:28,959 - Knowledge - INFO - process ingested knowledge for /app/data/T0015/222046/b14710b/RBUS/src/core/CMakeLists.txt
2025-11-10 16:42:28,690 - Knowledge - WARNING - File /app/data/T0015/222046/b14710b/RBUS/src/rtmessage/rtBase64.c not successfully processed
2025-11-10 16:42:28,820 - Knowledge - WARNING - File /app/data/T0015/222046/b14710b/RBUS/src/rbus/rbus_handle.c not successfully processed
2025-11-10 16:42:28,428 - Knowledge - ERROR - Timeout processing /app/data/T0015/222046/b14710b/RBUS/src/rbus/rbus_message.h after 90s
2025-11-10 16:42:29,109 - Knowledge - INFO - process ingested knowledge for /app/data/T0015/222046/b14710b/RBUS/utils/codegen/ccsp_style_generator/sampleapp/Sample_dm.xml
2025-11-10 16:42:29,156 - Knowledge - INFO - process ingested knowledge for /app/data/T0015/222046/b14710b/RBUS/src/rtmessage/rtMemory.h
2025-11-10 16:42:29,404 - Knowledge - INFO - process ingested knowledge for /app/data/T0015/222046/b14710b/RBUS/sampleapps/provider/utilities.h
2025-11-10 16:42:29,489 - Knowledge - INFO - process ingested knowledge for /app/data/T0015/222046/b14710b/RBUS/src/core/rbuscore.h
2025-11-10 16:42:29,880 - Knowledge - ERROR - Timeout processing /app/data/T0015/222046/b14710b/RBUS/src/rbus/rbus_intervalsubscription.c after 90s
2025-11-10 16:42:29,935 - Knowledge - WARNING - File /app/data/T0015/222046/b14710b/RBUS/src/rbus/rbus_subscriptions.c not successfully processed
2025-11-10 16:42:29,973 - Knowledge - WARNING - File /app/data/T0015/222046/b14710b/RBUS/src/rtmessage/rtConnection.h not successfully processed
2025-11-10 16:42:30,386 - Knowledge - INFO - process ingested knowledge for /app/data/T0015/222046/b14710b/RBUS/src/rtmessage/rtSocket.h
2025-11-10 16:42:30,632 - Knowledge - ERROR - Timeout processing /app/data/T0015/222046/b14710b/RBUS/src/rbus/rbus_element.c after 90s
2025-11-10 16:42:30,995 - Knowledge - WARNING - File /app/data/T0015/222046/b14710b/RBUS/src/rtmessage/rtCipher.c not successfully processed
2025-11-10 16:42:31,616 - Knowledge - ERROR - Timeout processing /app/data/T0015/222046/b14710b/RBUS/src/rbus/rbus_message.c after 90s
2025-11-10 16:42:31,724 - Knowledge - WARNING - File /app/data/T0015/222046/b14710b/RBUS/src/rtmessage/rtrouted.c not successfully processed
2025-11-10 16:42:31,793 - Knowledge - INFO - process ingested knowledge for /app/data/T0015/222046/b14710b/RBUS/src/core/rbuscore_message.h
2025-11-10 16:42:31,802 - Knowledge - INFO - process ingested knowledge for /app/data/T0015/222046/b14710b/RBUS/src/rtmessage/rtAdvisory.h
2025-11-10 16:42:31,897 - Knowledge - ERROR - Timeout processing /app/data/T0015/222046/b14710b/RBUS/src/rbus/rbus_property.c after 90s
2025-11-10 16:42:31,966 - Knowledge - WARNING - File /app/data/T0015/222046/b14710b/RBUS/src/rbus/rbus_filter.c not successfully processed
2025-11-10 16:42:32,104 - Knowledge - WARNING - File /app/data/T0015/222046/b14710b/RBUS/src/rtmessage/rtVector.c not successfully processed
2025-11-10 16:42:32,461 - Knowledge - ERROR - Timeout processing /app/data/T0015/222046/b14710b/RBUS/utils/dataProvider/dmProviderHost.cpp after 90s
2025-11-10 16:42:32,532 - Knowledge - ERROR - Timeout processing /app/data/T0015/222046/b14710b/RBUS/src/rbus/rbus_value.c after 90s
2025-11-10 16:42:32,652 - Knowledge - WARNING - File /app/data/T0015/222046/b14710b/RBUS/src/rbus/rbus_buffer.c not successfully processed
2025-11-10 16:42:32,698 - Knowledge - INFO - process ingested knowledge for /app/data/T0015/222046/b14710b/RBUS/src/core/rbuscore_types.h
2025-11-10 16:42:32,793 - Knowledge - INFO - process ingested knowledge for /app/data/T0015/222046/b14710b/RBUS/src/rtmessage/rtString.h
2025-11-10 16:42:32,819 - Knowledge - INFO - Fast-tracked /app/data/T0015/222046/b14710b/RBUS/unittests/rbusTokenTest.cpp (small file (2501 bytes))
2025-11-10 16:42:32,926 - Knowledge - ERROR - Timeout processing /app/data/T0015/222046/b14710b/RBUS/utils/dataProvider/dmValue.cpp after 90s
2025-11-10 16:42:33,013 - Knowledge - INFO - [LLM_CALL] Completed: dmUtility.h:chunk1, Duration: 30446ms, PromptTokens: 2736, CompletionTokens: 456, Cost: $0.00046
2025-11-10 16:42:33,072 - Knowledge - ERROR - Timeout processing /app/data/T0015/222046/b14710b/RBUS/src/rbus/rbus_subscriptions.h after 90s
2025-11-10 16:42:33,661 - Knowledge - INFO - process ingested knowledge for /app/data/T0015/222046/b14710b/RBUS/src/rtmessage/rtDebug.h
2025-11-10 16:42:33,781 - Knowledge - ERROR - Timeout processing /app/data/T0015/222046/b14710b/RBUS/unittests/rbusPropertyTest.cpp after 90s
2025-11-10 16:42:33,843 - Knowledge - INFO - done ingest for /app/data/T0015/222046/b14710b/RBUS/utils/dataProvider/dmUtility.h
2025-11-10 16:42:33,844 - Knowledge - INFO - process ingested knowledge for /app/data/T0015/222046/b14710b/RBUS/src/rtmessage/rtSemaphore.h
2025-11-10 16:42:33,855 - Knowledge - INFO - Processing batch of 10 files
2025-11-10 16:42:33,886 - Knowledge - ERROR - Timeout processing /app/data/T0015/222046/b14710b/RBUS/unittests/rbusProvider.cpp after 90s
2025-11-10 16:42:33,949 - Knowledge - ERROR - Timeout processing /app/data/T0015/222046/b14710b/RBUS/src/rbus/rbus_handle.h after 90s
2025-11-10 16:42:34,246 - Knowledge - ERROR - Timeout processing /app/data/T0015/222046/b14710b/RBUS/unittests/rbus_unit_test_event_server.cpp after 90s
2025-11-10 16:42:34,705 - Knowledge - INFO - process ingested knowledge for /app/data/T0015/222046/b14710b/RBUS/test/core/rbus_client_utility.c
2025-11-10 16:42:34,877 - Knowledge - INFO - Fast-tracked /app/data/T0015/222046/b14710b/RBUS/unittests/rbusProviderConsumer.h (small file (3017 bytes))
2025-11-10 16:42:35,025 - Knowledge - ERROR - Timeout processing /app/data/T0015/222046/b14710b/RBUS/unittests/rbusObjectTest.cpp after 90s
2025-11-10 16:42:35,123 - Knowledge - WARNING - File /app/data/T0015/222046/b14710b/RBUS/src/rbus/rbus_message.h not successfully processed
2025-11-10 16:42:35,202 - Knowledge - ERROR - Timeout processing /app/data/T0015/222046/b14710b/RBUS/unittests/rbusValueTest.cpp after 90s
2025-11-10 16:42:35,859 - Knowledge - WARNING - File /app/data/T0015/222046/b14710b/RBUS/src/rbus/rbus_intervalsubscription.c not successfully processed
2025-11-10 16:42:35,866 - Knowledge - ERROR - Timeout processing /app/data/T0015/222046/b14710b/RBUS/unittests/rbus_unit_test_marshalling.cpp after 90s
2025-11-10 16:42:36,017 - Knowledge - ERROR - Timeout processing /app/data/T0015/222046/b14710b/RBUS/unittests/rbus_unit_test_event_client.cpp after 90s
2025-11-10 16:42:36,188 - Knowledge - WARNING - File /app/data/T0015/222046/b14710b/RBUS/src/rbus/rbus_element.c not successfully processed
2025-11-10 16:42:36,366 - Knowledge - ERROR - Timeout processing /app/data/T0015/222046/b14710b/RBUS/unittests/rbusMessageTest.cpp after 90s
2025-11-10 16:42:36,431 - Knowledge - ERROR - Timeout processing /app/data/T0015/222046/b14710b/RBUS/unittests/rbus_unit_test_nested_servers.cpp after 90s
2025-11-10 16:42:36,588 - Knowledge - INFO - [WEBSOCKET] Sent: Type=progress_update, Size: 293, Duration: 0ms
2025-11-10 16:42:36,746 - Knowledge - WARNING - File /app/data/T0015/222046/b14710b/RBUS/utils/dataProvider/dmProviderHost.cpp not successfully processed
2025-11-10 16:42:36,884 - Knowledge - WARNING - File /app/data/T0015/222046/b14710b/RBUS/src/rbus/rbus_message.c not successfully processed
2025-11-10 16:42:36,988 - Knowledge - ERROR - Timeout processing /app/data/T0015/222046/b14710b/RBUS/unittests/rbusFunctionalityTest.cpp after 90s
2025-11-10 16:42:37,015 - Knowledge - ERROR - Timeout processing /app/data/T0015/222046/b14710b/RBUS/src/rtmessage/rtSemaphore.c after 90s
2025-11-10 16:42:37,022 - Knowledge - INFO - process ingested knowledge for /app/data/T0015/222046/b14710b/RBUS/test/core/CMakeLists.txt
2025-11-10 16:42:37,171 - Knowledge - INFO - [WEBSOCKET] Sent: Type=unknown, Size: ?, Duration: 584ms
2025-11-10 16:42:37,335 - Knowledge - WARNING - File /app/data/T0015/222046/b14710b/RBUS/src/rbus/rbus_property.c not successfully processed
2025-11-10 16:42:37,520 - Knowledge - WARNING - File /app/data/T0015/222046/b14710b/RBUS/unittests/rbusPropertyTest.cpp not successfully processed
2025-11-10 16:42:37,629 - Knowledge - ERROR - Timeout processing /app/data/T0015/222046/b14710b/RBUS/src/rtmessage/rtTime.h after 90s
2025-11-10 16:42:37,807 - Knowledge - ERROR - Timeout processing /app/data/T0015/222046/b14710b/RBUS/unittests/rbus_test_util.h after 90s
2025-11-10 16:42:38,043 - Knowledge - INFO - Progress: 62.2% | Files: 213/339 | Rate: 1.24 files/sec | Queue: 0
2025-11-10 16:42:38,058 - Knowledge - INFO - Processing batch of 7 files
2025-11-10 16:42:38,530 - Knowledge - INFO - [LLM_CALL] Completed: util.cpp:chunk1, Duration: 21977ms, PromptTokens: 2814, CompletionTokens: 297, Cost: $0.00040
2025-11-10 16:42:38,616 - Knowledge - ERROR - Timeout processing /app/data/T0015/222046/b14710b/RBUS/src/rtmessage/rtConnection.c after 90s
2025-11-10 16:42:38,629 - Knowledge - INFO - process ingested knowledge for /app/data/T0015/222046/b14710b/RBUS/test/core/loadtest.cpp
2025-11-10 16:42:38,710 - Knowledge - ERROR - Timeout processing /app/data/T0015/222046/b14710b/RBUS/unittests/rbusSessionTest.cpp after 90s
2025-11-10 16:42:38,863 - Knowledge - INFO - process ingested knowledge for /app/data/T0015/222046/b14710b/RBUS/src/rtmessage/rtMemory.c
2025-11-10 16:42:38,948 - Knowledge - INFO - done ingest for /app/data/T0015/222046/b14710b/RBUS/unittests/util.cpp
2025-11-10 16:42:38,948 - Knowledge - INFO - [LLM_CALL] Completed: sample_provider_wifi.cpp:chunk1, Duration: 58140ms, PromptTokens: 3944, CompletionTokens: 576, Cost: $0.00062
2025-11-10 16:42:39,045 - Knowledge - ERROR - Timeout processing /app/data/T0015/222046/b14710b/RBUS/src/rtmessage/rtRoutingTree.c after 90s
2025-11-10 16:42:39,224 - Knowledge - ERROR - Timeout processing /app/data/T0015/222046/b14710b/RBUS/unittests/rbusApiNegTest.cpp after 90s
2025-11-10 16:42:39,569 - Knowledge - INFO - done ingest for /app/data/T0015/222046/b14710b/RBUS/utils/dataProvider/sample_provider_wifi.cpp
2025-11-10 16:42:39,590 - Knowledge - INFO - process ingested knowledge for /app/data/T0015/222046/b14710b/RBUS/test/core/sample_client.c
2025-11-10 16:42:39,626 - Knowledge - WARNING - File /app/data/T0015/222046/b14710b/RBUS/unittests/rbus_unit_test_event_server.cpp not successfully processed
2025-11-10 16:42:39,626 - Knowledge - INFO - process ingested knowledge for /app/data/T0015/222046/b14710b/RBUS/src/rtmessage/rtList.h
2025-11-10 16:42:39,653 - Knowledge - ERROR - Timeout processing /app/data/T0015/222046/b14710b/RBUS/include/rbus_object.h after 90s
2025-11-10 16:42:39,704 - Knowledge - WARNING - File /app/data/T0015/222046/b14710b/RBUS/src/rbus/rbus_value.c not successfully processed
2025-11-10 16:42:39,722 - Knowledge - INFO - [LLM_CALL] Completed: rbusElementTest.cpp:chunk1, Duration: 77738ms, PromptTokens: 8762, CompletionTokens: 571, Cost: $0.00110
2025-11-10 16:42:39,819 - Knowledge - ERROR - Timeout processing /app/data/T0015/222046/b14710b/RBUS/unittests/rbus_unit_test_server.cpp after 90s
2025-11-10 16:42:39,911 - Knowledge - ERROR - Timeout processing /app/data/T0015/222046/b14710b/RBUS/utils/dataProvider/dmClient.cpp after 90s
2025-11-10 16:42:40,051 - Knowledge - WARNING - File /app/data/T0015/222046/b14710b/RBUS/unittests/rbusValueTest.cpp not successfully processed
2025-11-10 16:42:40,222 - Knowledge - INFO - process ingested knowledge for /app/data/T0015/222046/b14710b/RBUS/test/core/rbus_perf.cpp
2025-11-10 16:42:40,223 - Knowledge - ERROR - Timeout processing /app/data/T0015/222046/b14710b/RBUS/include/rbus.h after 90s
2025-11-10 16:42:40,223 - Knowledge - INFO - process ingested knowledge for /app/data/T0015/222046/b14710b/RBUS/src/rtmessage/local_benchmarking.c
2025-11-10 16:42:40,342 - Knowledge - WARNING - File /app/data/T0015/222046/b14710b/RBUS/src/rbus/rbus_subscriptions.h not successfully processed
2025-11-10 16:42:40,412 - Knowledge - INFO - done ingest for /app/data/T0015/222046/b14710b/RBUS/unittests/rbusElementTest.cpp
2025-11-10 16:42:40,432 - Knowledge - WARNING - File /app/data/T0015/222046/b14710b/RBUS/utils/dataProvider/dmValue.cpp not successfully processed
2025-11-10 16:42:40,497 - Knowledge - ERROR - Timeout processing /app/data/T0015/222046/b14710b/RBUS/unittests/rbus_test_util.c after 90s
2025-11-10 16:42:40,648 - Knowledge - WARNING - File /app/data/T0015/222046/b14710b/RBUS/unittests/rbus_unit_test_event_client.cpp not successfully processed
2025-11-10 16:42:40,657 - Knowledge - WARNING - File /app/data/T0015/222046/b14710b/RBUS/utils/dataProvider/dmClient.cpp not successfully processed
2025-11-10 16:42:40,782 - Knowledge - INFO - process ingested knowledge for /app/data/T0015/222046/b14710b/RBUS/test/core/sample_server.c
2025-11-10 16:42:40,853 - Knowledge - INFO - [WEBSOCKET] Sent: Type=progress_update, Size: 290, Duration: 0ms
2025-11-10 16:42:40,856 - Knowledge - ERROR - Timeout processing /app/data/T0015/222046/b14710b/RBUS/include/rbus_property.h after 90s
2025-11-10 16:42:40,991 - Knowledge - INFO - process ingested knowledge for /app/data/T0015/222046/b14710b/RBUS/src/rtmessage/rtEncoder.h
2025-11-10 16:42:41,330 - Knowledge - WARNING - File /app/data/T0015/222046/b14710b/RBUS/unittests/rbusProvider.cpp not successfully processed
2025-11-10 16:42:41,395 - Knowledge - ERROR - Timeout processing /app/data/T0015/222046/b14710b/RBUS/unittests/rbusConsumer.cpp after 90s
2025-11-10 16:42:41,510 - Knowledge - WARNING - File /app/data/T0015/222046/b14710b/RBUS/unittests/rbus_unit_test_nested_servers.cpp not successfully processed
2025-11-10 16:42:41,714 - Knowledge - INFO - process ingested knowledge for /app/data/T0015/222046/b14710b/RBUS/test/core/bin_header.h
2025-11-10 16:42:41,853 - Knowledge - INFO - [LLM_CALL] Completed: rbus_unit_test_multiple_objects.cpp:chunk1, Duration: 39415ms, PromptTokens: 11802, CompletionTokens: 443, Cost: $0.00136
2025-11-10 16:42:42,000 - Knowledge - ERROR - Timeout processing /app/data/T0015/222046/b14710b/RBUS/include/rbus_value.h after 90s
2025-11-10 16:42:42,081 - Knowledge - INFO - process ingested knowledge for /app/data/T0015/222046/b14710b/RBUS/src/rtmessage/rtMessageHeader.h
2025-11-10 16:42:42,147 - Knowledge - WARNING - File /app/data/T0015/222046/b14710b/RBUS/unittests/rbusObjectTest.cpp not successfully processed
2025-11-10 16:42:42,216 - Knowledge - ERROR - Timeout processing /app/data/T0015/222046/b14710b/RBUS/unittests/rbus_unit_test_client.cpp after 90s
2025-11-10 16:42:42,316 - Knowledge - WARNING - File /app/data/T0015/222046/b14710b/RBUS/unittests/rbusFunctionalityTest.cpp not successfully processed
2025-11-10 16:42:42,430 - Knowledge - INFO - process ingested knowledge for /app/data/T0015/222046/b14710b/RBUS/cov_build.sh
2025-11-10 16:42:42,531 - Knowledge - INFO - done ingest for /app/data/T0015/222046/b14710b/RBUS/unittests/rbus_unit_test_multiple_objects.cpp
2025-11-10 16:42:42,541 - Knowledge - INFO - [WEBSOCKET] Sent: Type=unknown, Size: ?, Duration: 1688ms
2025-11-10 16:42:42,612 - Knowledge - ERROR - Timeout processing /app/data/T0015/222046/b14710b/RBUS/include/rbus_buffer.h after 90s
2025-11-10 16:42:42,728 - Knowledge - INFO - process ingested knowledge for /app/data/T0015/222046/b14710b/RBUS/src/rtmessage/rtBuffer.h
2025-11-10 16:42:42,879 - Knowledge - ERROR - Timeout processing /app/data/T0015/222046/b14710b/RBUS/unittests/rbus_unit_stresstest_server.cpp after 90s
2025-11-10 16:42:43,069 - Knowledge - INFO - process ingested knowledge for /app/data/T0015/222046/b14710b/RBUS/src/rbus/rbus_valuechange.h
2025-11-10 16:42:43,165 - Knowledge - ERROR - Timeout processing /app/data/T0015/222046/b14710b/RBUS/unittests/rbusFilterTest.cpp after 90s
2025-11-10 16:42:43,239 - Knowledge - INFO - Progress: 64.3% | Files: 223/339 | Rate: 1.26 files/sec | Queue: 0
2025-11-10 16:42:43,243 - Knowledge - WARNING - File /app/data/T0015/222046/b14710b/RBUS/src/rbus/rbus_handle.h not successfully processed
2025-11-10 16:42:43,273 - Knowledge - WARNING - File /app/data/T0015/222046/b14710b/RBUS/unittests/rbus_unit_test_marshalling.cpp not successfully processed
2025-11-10 16:42:43,281 - Knowledge - INFO - Processing batch of 4 files
2025-11-10 16:42:43,316 - Knowledge - INFO - Processing batch of 9 files
2025-11-10 16:42:43,318 - Knowledge - ERROR - Timeout processing /app/data/T0015/222046/b14710b/RBUS/include/rbus_filter.h after 90s
2025-11-10 16:42:43,446 - Knowledge - INFO - process ingested knowledge for /app/data/T0015/222046/b14710b/RBUS/src/rtmessage/rtrouteBase.h
2025-11-10 16:42:43,522 - Knowledge - WARNING - File /app/data/T0015/222046/b14710b/RBUS/unittests/rbus_test_util.h not successfully processed
2025-11-10 16:42:43,601 - Knowledge - INFO - process ingested knowledge for /app/data/T0015/222046/b14710b/RBUS/src/rbus/rbus_asyncsubscribe.c
2025-11-10 16:42:43,671 - Knowledge - ERROR - Timeout processing /app/data/T0015/222046/b14710b/RBUS/unittests/rbus_unit_test_multiple_servers.cpp after 90s
2025-11-10 16:42:43,878 - Knowledge - WARNING - File /app/data/T0015/222046/b14710b/RBUS/src/rbus/rbus_object.c not successfully processed
2025-11-10 16:42:43,950 - Knowledge - WARNING - File /app/data/T0015/222046/b14710b/RBUS/unittests/rbusMessageTest.cpp not successfully processed
2025-11-10 16:42:44,053 - Knowledge - INFO - process ingested knowledge for /app/data/T0015/222046/b14710b/RBUS/unittests/rbus_test_server.c
2025-11-10 16:42:44,157 - Knowledge - INFO - process ingested knowledge for /app/data/T0015/222046/b14710b/RBUS/utils/dataProvider/CMakeLists.txt
2025-11-10 16:42:44,260 - Knowledge - ERROR - Timeout processing /app/data/T0015/222046/b14710b/RBUS/sampleapps/consumer/rbusDirectConsumer.c after 90s
2025-11-10 16:42:44,446 - Knowledge - WARNING - File /app/data/T0015/222046/b14710b/RBUS/unittests/rbusSessionTest.cpp not successfully processed
2025-11-10 16:42:44,635 - Knowledge - WARNING - File /app/data/T0015/222046/b14710b/RBUS/unittests/rbusFilterTest.cpp not successfully processed
2025-11-10 16:42:44,837 - Knowledge - INFO - Processing batch of 4 files
2025-11-10 16:42:44,899 - Knowledge - INFO - Processing batch of 6 files
2025-11-10 16:42:44,976 - Knowledge - INFO - process ingested knowledge for /app/data/T0015/222046/b14710b/RBUS/unittests/main.cpp
2025-11-10 16:42:45,053 - Knowledge - INFO - process ingested knowledge for /app/data/T0015/222046/b14710b/RBUS/utils/dataProvider/dmError.h
2025-11-10 16:42:45,171 - Knowledge - WARNING - File /app/data/T0015/222046/b14710b/RBUS/unittests/rbusApiNegTest.cpp not successfully processed
2025-11-10 16:42:45,215 - Knowledge - WARNING - File /app/data/T0015/222046/b14710b/RBUS/src/rtmessage/rtSemaphore.c not successfully processed
2025-11-10 16:42:45,321 - Knowledge - INFO - process ingested knowledge for /app/data/T0015/222046/b14710b/RBUS/utils/dataProvider/dmQueryResult.cpp
2025-11-10 16:42:45,395 - Knowledge - INFO - process ingested knowledge for /app/data/T0015/222046/b14710b/RBUS/src/rbus/CMakeLists.txt
2025-11-10 16:42:45,440 - Knowledge - INFO - [WEBSOCKET] Sent: Type=progress_update, Size: 293, Duration: 0ms
2025-11-10 16:42:45,568 - Knowledge - INFO - process ingested knowledge for /app/data/T0015/222046/b14710b/RBUS/unittests/rbusTokenTest.cpp
2025-11-10 16:42:45,677 - Knowledge - INFO - process ingested knowledge for /app/data/T0015/222046/b14710b/RBUS/utils/dataProvider/dmProviderInfo.cpp
2025-11-10 16:42:45,713 - Knowledge - WARNING - File /app/data/T0015/222046/b14710b/RBUS/unittests/rbus_unit_test_server.cpp not successfully processed
2025-11-10 16:42:45,839 - Knowledge - WARNING - File /app/data/T0015/222046/b14710b/RBUS/src/rtmessage/rtTime.h not successfully processed
2025-11-10 16:42:45,924 - Knowledge - INFO - process ingested knowledge for /app/data/T0015/222046/b14710b/RBUS/utils/dataProvider/dmProviderDatabase.h
2025-11-10 16:42:46,000 - Knowledge - INFO - process ingested knowledge for /app/data/T0015/222046/b14710b/RBUS/src/rbus/rbus_asyncsubscribe.h
2025-11-10 16:42:46,075 - Knowledge - WARNING - File /app/data/T0015/222046/b14710b/RBUS/unittests/rbus_unit_test_multiple_servers.cpp not successfully processed
2025-11-10 16:42:46,076 - Knowledge - INFO - [WEBSOCKET] Sent: Type=unknown, Size: ?, Duration: 636ms
2025-11-10 16:42:46,143 - Knowledge - INFO - process ingested knowledge for /app/data/T0015/222046/b14710b/RBUS/unittests/CMakeLists.txt
2025-11-10 16:42:46,216 - Knowledge - INFO - process ingested knowledge for /app/data/T0015/222046/b14710b/RBUS/utils/dataProvider/dmQuery.h
2025-11-10 16:42:46,336 - Knowledge - WARNING - File /app/data/T0015/222046/b14710b/RBUS/unittests/rbus_test_util.c not successfully processed
2025-11-10 16:42:46,505 - Knowledge - INFO - process ingested knowledge for /app/data/T0015/222046/b14710b/RBUS/README.md
2025-11-10 16:42:46,574 - Knowledge - INFO - process ingested knowledge for /app/data/T0015/222046/b14710b/RBUS/src/rbus/rbus_tokenchain.h
2025-11-10 16:42:46,720 - Knowledge - INFO - Progress: 69.9% | Files: 239/339 | Rate: 1.31 files/sec | Queue: 0
2025-11-10 16:42:46,749 - Knowledge - WARNING - File /app/data/T0015/222046/b14710b/RBUS/src/rtmessage/rtConnection.c not successfully processed
2025-11-10 16:42:46,756 - Knowledge - INFO - Processing batch of 6 files
2025-11-10 16:42:46,930 - Knowledge - INFO - process ingested knowledge for /app/data/T0015/222046/b14710b/RBUS/utils/dataProvider/dmProvider.cpp
2025-11-10 16:42:46,993 - Knowledge - WARNING - File /app/data/T0015/222046/b14710b/RBUS/unittests/rbusConsumer.cpp not successfully processed
2025-11-10 16:42:47,078 - Knowledge - INFO - process ingested knowledge for /app/data/T0015/222046/b14710b/RBUS/unittests/rbus_event_server.c
2025-11-10 16:42:47,170 - Knowledge - INFO - process ingested knowledge for /app/data/T0015/222046/b14710b/RBUS/src/rbus/rbus.c
2025-11-10 16:42:47,334 - Knowledge - WARNING - File /app/data/T0015/222046/b14710b/RBUS/src/rtmessage/rtRoutingTree.c not successfully processed
2025-11-10 16:42:47,419 - Knowledge - INFO - process ingested knowledge for /app/data/T0015/222046/b14710b/RBUS/unittests/rbusElementTest.cpp
2025-11-10 16:42:47,491 - Knowledge - INFO - process ingested knowledge for /app/data/T0015/222046/b14710b/RBUS/utils/dataProvider/dmPropertyInfo.cpp
2025-11-10 16:42:47,564 - Knowledge - WARNING - File /app/data/T0015/222046/b14710b/RBUS/unittests/rbus_unit_test_client.cpp not successfully processed
2025-11-10 16:42:47,733 - Knowledge - INFO - process ingested knowledge for /app/data/T0015/222046/b14710b/RBUS/src/rbus/rbus_log.h
2025-11-10 16:42:47,855 - Knowledge - WARNING - File /app/data/T0015/222046/b14710b/RBUS/include/rbus_object.h not successfully processed
2025-11-10 16:42:47,955 - Knowledge - INFO - process ingested knowledge for /app/data/T0015/222046/b14710b/RBUS/unittests/rbus_unit_test_multiple_objects.cpp
2025-11-10 16:42:47,964 - Knowledge - INFO - process ingested knowledge for /app/data/T0015/222046/b14710b/RBUS/utils/dataProvider/dmProviderOperation.h
2025-11-10 16:42:48,113 - Knowledge - WARNING - File /app/data/T0015/222046/b14710b/RBUS/unittests/rbus_unit_stresstest_server.cpp not successfully processed
2025-11-10 16:42:48,153 - Knowledge - INFO - process ingested knowledge for /app/data/T0015/222046/b14710b/RBUS/src/rbus/rbus_intervalsubscription.h
2025-11-10 16:42:48,221 - Knowledge - WARNING - File /app/data/T0015/222046/b14710b/RBUS/include/rbus.h not successfully processed
2025-11-10 16:42:48,348 - Knowledge - INFO - process ingested knowledge for /app/data/T0015/222046/b14710b/RBUS/unittests/util.cpp
2025-11-10 16:42:48,422 - Knowledge - INFO - process ingested knowledge for /app/data/T0015/222046/b14710b/RBUS/utils/dataProvider/sample_provider_wifi.cpp
2025-11-10 16:42:48,511 - Knowledge - INFO - Processing batch of 2 files
2025-11-10 16:42:48,672 - Knowledge - WARNING - File /app/data/T0015/222046/b14710b/RBUS/include/rbus_property.h not successfully processed
2025-11-10 16:42:48,767 - Knowledge - INFO - process ingested knowledge for /app/data/T0015/222046/b14710b/RBUS/CONTRIBUTING.md
2025-11-10 16:42:48,902 - Knowledge - INFO - process ingested knowledge for /app/data/T0015/222046/b14710b/RBUS/unittests/rbusProviderConsumer.h
2025-11-10 16:42:48,909 - Knowledge - INFO - process ingested knowledge for /app/data/T0015/222046/b14710b/RBUS/utils/dataProvider/dmUtility.h
2025-11-10 16:42:48,971 - Knowledge - WARNING - File /app/data/T0015/222046/b14710b/RBUS/include/rbus_value.h not successfully processed
2025-11-10 16:42:49,086 - Knowledge - INFO - process ingested knowledge for /app/data/T0015/222046/b14710b/RBUS/build_dependencies.sh
2025-11-10 16:42:49,186 - Knowledge - INFO - process ingested knowledge for /app/data/T0015/222046/b14710b/RBUS/unittests/gtest_app.h
2025-11-10 16:42:49,309 - Knowledge - WARNING - File /app/data/T0015/222046/b14710b/RBUS/include/rbus_buffer.h not successfully processed
2025-11-10 16:42:49,384 - Knowledge - INFO - [WEBSOCKET] Sent: Type=progress_update, Size: 293, Duration: 0ms
2025-11-10 16:42:49,516 - Knowledge - INFO - process ingested knowledge for /app/data/T0015/222046/b14710b/RBUS/memoryleak.sh
2025-11-10 16:42:49,626 - Knowledge - WARNING - File /app/data/T0015/222046/b14710b/RBUS/include/rbus_filter.h not successfully processed
2025-11-10 16:42:49,729 - Knowledge - INFO - [WEBSOCKET] Sent: Type=unknown, Size: ?, Duration: 345ms
2025-11-10 16:42:49,887 - Knowledge - WARNING - File /app/data/T0015/222046/b14710b/RBUS/sampleapps/consumer/rbusDirectConsumer.c not successfully processed
2025-11-10 16:42:49,996 - Knowledge - INFO - Progress: 72.9% | Files: 247/339 | Rate: 1.33 files/sec | Queue: 0
2025-11-10 16:42:50,068 - Knowledge - INFO - Processing batch of 4 files
2025-11-10 16:42:50,232 - Knowledge - INFO - process ingested knowledge for /app/data/T0015/222046/b14710b/RBUS/src/rtmessage/rtRetainable.h
2025-11-10 16:42:50,427 - Knowledge - INFO - process ingested knowledge for /app/data/T0015/222046/b14710b/RBUS/src/rtmessage/rtEncoder.c
2025-11-10 16:42:50,713 - Knowledge - INFO - process ingested knowledge for /app/data/T0015/222046/b14710b/RBUS/src/rtmessage/rtCipher.h
2025-11-10 16:42:50,867 - Knowledge - INFO - process ingested knowledge for /app/data/T0015/222046/b14710b/RBUS/src/rtmessage/rtVector.h
2025-11-10 16:42:51,402 - Knowledge - INFO - Knowledge creation complete
2025-11-10 16:42:51,600 - Knowledge - INFO - ==================================================
2025-11-10 16:42:51,757 - Knowledge - INFO - KNOWLEDGE GRAPH GENERATION PERFORMANCE SUMMARY
2025-11-10 16:42:51,918 - Knowledge - INFO - ==================================================
2025-11-10 16:42:52,075 - Knowledge - INFO - Total processing time: 188.26 seconds (3.14 minutes)
2025-11-10 16:42:52,253 - Knowledge - INFO - Files processed: 0
2025-11-10 16:42:52,409 - Knowledge - INFO - Processing rate: 0.00 files/second
2025-11-10 16:42:52,552 - Knowledge - INFO - 
[TIME_BREAKDOWN]
2025-11-10 16:42:52,706 - Knowledge - INFO - File Reading: 0.00s (0.0%)
2025-11-10 16:42:52,876 - Knowledge - INFO - LLM Processing: 1034.74s (549.6%)
2025-11-10 16:42:53,041 - Knowledge - INFO - MongoDB Operations: 0.00s (0.0%)
2025-11-10 16:42:53,173 - Knowledge - INFO - Redis Operations: 0.00s (0.0%)
2025-11-10 16:42:53,398 - Knowledge - INFO - WebSocket Communication: 5.28s (2.8%)
2025-11-10 16:42:53,549 - Knowledge - INFO - 
[LLM_STATS]
2025-11-10 16:42:53,705 - Knowledge - INFO - Total LLM calls: 21
2025-11-10 16:42:54,008 - Knowledge - INFO - Average LLM response time: 49273ms
2025-11-10 16:42:54,152 - Knowledge - INFO - Average prompt tokens: 6305.2
2025-11-10 16:42:54,330 - Knowledge - INFO - Average completion tokens: 677.7
2025-11-10 16:42:54,493 - Knowledge - INFO - Total prompt tokens: 132410
2025-11-10 16:42:54,664 - Knowledge - INFO - Total completion tokens: 14231
2025-11-10 16:42:54,858 - Knowledge - INFO - Total LLM cost: $0.0189
2025-11-10 16:42:55,016 - Knowledge - INFO - 
[DATABASE_STATS]
2025-11-10 16:42:55,174 - Knowledge - INFO - MongoDB operations: 0
2025-11-10 16:42:55,400 - Knowledge - INFO - Redis operations: 0
2025-11-10 16:42:55,544 - Knowledge - INFO - 
[COMMUNICATION_STATS]
2025-11-10 16:42:55,709 - Knowledge - INFO - WebSocket messages sent: 20
2025-11-10 16:42:55,902 - Knowledge - INFO - Average message size: 145.8 bytes
2025-11-10 16:42:56,091 - Knowledge - INFO - 
[WORKER_STATS]
2025-11-10 16:42:56,265 - Knowledge - INFO - 
[FILE_TYPE_STATS]
2025-11-10 16:42:56,432 - Knowledge - INFO - 
[SLOWEST_FILES]
2025-11-10 16:42:56,589 - Knowledge - INFO - ==================================================
2025-11-10 16:42:56,767 - Knowledge - INFO - ==================================================
2025-11-10 16:42:56,930 - Knowledge - INFO - KNOWLEDGE GRAPH GENERATION PERFORMANCE SUMMARY
2025-11-10 16:42:57,117 - Knowledge - INFO - ==================================================
2025-11-10 16:42:57,283 - Knowledge - INFO - Total processing time: 193.57 seconds (3.23 minutes)
2025-11-10 16:42:57,426 - Knowledge - INFO - Files processed: 247 of 339
2025-11-10 16:42:57,649 - Knowledge - INFO - Processing rate: 1.28 files/second
2025-11-10 16:42:57,841 - Knowledge - INFO - WebSocket messages sent: 10
2025-11-10 16:42:57,990 - Knowledge - INFO - MongoDB operations: 247
2025-11-10 16:42:58,200 - Knowledge - INFO - Average MongoDB ops per file: 1.00
2025-11-10 16:42:58,400 - Knowledge - INFO - LLM costs: $0.0189
2025-11-10 16:42:58,563 - Knowledge - INFO - Prompt tokens: 132410
2025-11-10 16:42:58,747 - Knowledge - INFO - Completion tokens: 14231
2025-11-10 16:42:58,917 - Knowledge - INFO - Updating org costs, total cost: 0.018933400000000003
2025-11-10 16:43:00,132 - Knowledge - INFO - [WEBSOCKET] Sent: Type=progress_update, Size: 269, Duration: 0ms
2025-11-10 16:43:00,339 - Knowledge - INFO - Saving knowledge to Redis...
2025-11-10 16:43:00,723 - Knowledge - INFO - Knowledge saved to Redis successfully
