2025-11-10 16:39:43,339 - Knowledge - INFO - Created shared MongoDB connection pool
2025-11-10 16:39:43,660 - Knowledge - INFO - Starting Knowledge Graph processing with 20 threads
2025-11-10 16:39:43,842 - Knowledge - INFO - Initial configuration: chunk_size=65536, max_cache_size=500
2025-11-10 16:39:44,024 - Knowledge - INFO - Knowledge Graph concurrency configuration: workers=20, max_batch_size=25, max_concurrent_llm_calls=50
2025-11-10 16:39:45,591 - Knowledge - INFO - 🔍 _load_persisted_knowledge called - checking for Redis optimization
2025-11-10 16:39:45,738 - Knowledge - WARNING - ❌ load_from_redis method not found - Redis support not attached
2025-11-10 16:39:45,936 - Knowledge - INFO - load persisted knowledge: begin
2025-11-10 16:39:46,098 - Knowledge - INFO - Loaded 0 files from persisted knowledge
2025-11-10 16:39:46,248 - Knowledge - INFO - load persisted knowledge: end
2025-11-10 16:39:46,420 - Knowledge - WARNING - No persisted knowledge found. Files will be queued during start()
2025-11-10 16:39:46,580 - Knowledge - INFO - Redis support added with prefix knowledge:b14710b:
2025-11-10 16:39:47,011 - Knowledge - INFO - Starting knowledge initialization for ID: XLlTgq-b14710b
2025-11-10 16:39:47,149 - Knowledge - INFO - 🔍 Checking Redis for build_id: b14710b
2025-11-10 16:39:47,340 - Knowledge - INFO - 🔍 Full session ID: XLlTgq-b14710b
2025-11-10 16:39:47,541 - Knowledge - INFO - 🔍 Redis prefix will be: knowledge:b14710b:
2025-11-10 16:39:47,691 - Knowledge - INFO - 🔍 Using attached load_from_redis() method
2025-11-10 16:39:47,899 - Knowledge - INFO - 🔍 Attempting to load knowledge from Redis...
2025-11-10 16:39:48,099 - Knowledge - INFO - 🔍 Using derived instance_id for Redis lookup: b14710b
2025-11-10 16:39:50,136 - Knowledge - WARNING - ❌ No Redis cache found
2025-11-10 16:39:52,107 - Knowledge - INFO - 📁 Loading knowledge from disk...
2025-11-10 16:39:52,304 - Knowledge - INFO - load persisted docinfo: begin
2025-11-10 16:39:52,454 - Knowledge - INFO - load persisted docinfo: end
2025-11-10 16:39:52,612 - Knowledge - INFO - 🔍 _load_persisted_knowledge called - checking for Redis optimization
2025-11-10 16:39:52,814 - Knowledge - INFO - ✅ load_from_redis method found - attempting Redis load
2025-11-10 16:39:52,967 - Knowledge - INFO - 🔍 Attempting to load knowledge from Redis...
2025-11-10 16:39:53,126 - Knowledge - INFO - 🔍 Using derived instance_id for Redis lookup: b14710b
2025-11-10 16:39:55,217 - Knowledge - WARNING - ❌ No Redis cache found
2025-11-10 16:39:55,414 - Knowledge - INFO - ❌ Redis load returned False - falling back to file loading
2025-11-10 16:39:55,576 - Knowledge - INFO - load persisted knowledge: begin
2025-11-10 16:39:55,742 - Knowledge - INFO - Loaded 0 files from persisted knowledge
2025-11-10 16:39:55,905 - Knowledge - INFO - load persisted knowledge: end
2025-11-10 16:39:56,063 - Knowledge - INFO - 📁 Disk load complete in 3.81s
2025-11-10 16:39:56,256 - Knowledge - INFO - Populating ingest queue with source files...
2025-11-10 16:39:57,224 - Knowledge - INFO - Added 339 files from /app/data/T0015/222046/b14710b/RBUS to ingest queue
2025-11-10 16:39:57,402 - Knowledge - INFO - Worker kw1 created using shared MongoDB connection pool
2025-11-10 16:39:57,556 - Knowledge - INFO - knowledge worker kw1 start
2025-11-10 16:39:57,556 - Knowledge - INFO - Worker kw2 created using shared MongoDB connection pool
2025-11-10 16:39:57,741 - Knowledge - INFO - [kw1] Queue=339, InProgress=0, PendingWorkers=0/1, Completed=0/339 (0.0%)
2025-11-10 16:39:57,828 - Knowledge - INFO - knowledge worker kw2 start
2025-11-10 16:39:57,828 - Knowledge - INFO - Worker kw3 created using shared MongoDB connection pool
2025-11-10 16:39:57,904 - Knowledge - INFO - Batch sizing: calculated=15, max_allowed=25, queue=339, active_workers=0/2
2025-11-10 16:39:58,035 - Knowledge - INFO - [kw2] Queue=339, InProgress=0, PendingWorkers=0/2, Completed=0/339 (0.0%)
2025-11-10 16:39:58,109 - Knowledge - INFO - knowledge worker kw3 start
2025-11-10 16:39:58,109 - Knowledge - INFO - Worker kw4 created using shared MongoDB connection pool
2025-11-10 16:39:58,231 - Knowledge - INFO - Worker kw1 processing /app/data/T0015/222046/b14710b/RBUS/test/rbus/multiRbusOpenRbusGetProvider/multiRbusOpenRbusGetProvider.c
2025-11-10 16:39:58,300 - Knowledge - INFO - Batch sizing: calculated=15, max_allowed=25, queue=339, active_workers=1/3
2025-11-10 16:39:58,420 - Knowledge - INFO - [kw3] Queue=324, InProgress=0, PendingWorkers=1/3, Completed=0/339 (0.0%)
2025-11-10 16:39:58,482 - Knowledge - INFO - knowledge worker kw4 start
2025-11-10 16:39:58,482 - Knowledge - INFO - Worker kw5 created using shared MongoDB connection pool
2025-11-10 16:39:58,568 - Knowledge - INFO - Fast-tracked /app/data/T0015/222046/b14710b/RBUS/test/rbus/multiRbusOpenRbusGetProvider/multiRbusOpenRbusGetProvider.c (ext=.c, size=4960)
2025-11-10 16:39:58,668 - Knowledge - INFO - Worker kw2 processing /app/data/T0015/222046/b14710b/RBUS/test/rbus/consumer/events.c
2025-11-10 16:39:58,766 - Knowledge - INFO - Batch sizing: calculated=15, max_allowed=25, queue=324, active_workers=2/4
2025-11-10 16:39:58,835 - Knowledge - INFO - [kw4] Queue=309, InProgress=0, PendingWorkers=2/4, Completed=0/339 (0.0%)
2025-11-10 16:39:58,915 - Knowledge - INFO - knowledge worker kw5 start
2025-11-10 16:39:58,915 - Knowledge - INFO - Worker kw6 created using shared MongoDB connection pool
2025-11-10 16:39:58,988 - Knowledge - INFO - Worker kw1 processing /app/data/T0015/222046/b14710b/RBUS/test/rbus/rbusGetExtSetMulti/testSetMultiConsumer.c
2025-11-10 16:39:59,098 - Knowledge - INFO - Fast-tracked /app/data/T0015/222046/b14710b/RBUS/test/rbus/consumer/events.c (ext=.c, size=19123)
2025-11-10 16:39:59,222 - Knowledge - INFO - Worker kw3 processing /app/data/T0015/222046/b14710b/RBUS/test/rbus/common/testValueHelper.c
2025-11-10 16:39:59,289 - Knowledge - INFO - Batch sizing: calculated=15, max_allowed=25, queue=309, active_workers=3/5
2025-11-10 16:39:59,360 - Knowledge - INFO - [kw5] Queue=294, InProgress=0, PendingWorkers=3/5, Completed=0/339 (0.0%)
2025-11-10 16:39:59,440 - Knowledge - INFO - knowledge worker kw6 start
2025-11-10 16:39:59,440 - Knowledge - INFO - Worker kw7 created using shared MongoDB connection pool
2025-11-10 16:39:59,518 - Knowledge - INFO - Fast-tracked /app/data/T0015/222046/b14710b/RBUS/test/rbus/rbusGetExtSetMulti/testSetMultiConsumer.c (ext=.c, size=3054)
2025-11-10 16:39:59,591 - Knowledge - INFO - Worker kw2 processing /app/data/T0015/222046/b14710b/RBUS/test/rbus/consumer/value.c
2025-11-10 16:39:59,666 - Knowledge - INFO - Fast-tracked /app/data/T0015/222046/b14710b/RBUS/test/rbus/common/testValueHelper.c (ext=.c, size=18141)
2025-11-10 16:39:59,750 - Knowledge - INFO - Worker kw4 processing /app/data/T0015/222046/b14710b/RBUS/test/core/bin_server.c
2025-11-10 16:39:59,890 - Knowledge - INFO - Batch sizing: calculated=15, max_allowed=25, queue=294, active_workers=4/6
2025-11-10 16:40:00,018 - Knowledge - INFO - [kw6] Queue=279, InProgress=0, PendingWorkers=4/6, Completed=0/339 (0.0%)
2025-11-10 16:40:00,077 - Knowledge - INFO - knowledge worker kw7 start
2025-11-10 16:40:00,077 - Knowledge - INFO - Worker kw8 created using shared MongoDB connection pool
2025-11-10 16:40:00,148 - Knowledge - INFO - Worker kw1 processing /app/data/T0015/222046/b14710b/RBUS/test/rbus/rbusGetExtSetMulti/testSetMultiProvider.c
2025-11-10 16:40:00,227 - Knowledge - INFO - Fast-tracked /app/data/T0015/222046/b14710b/RBUS/test/rbus/consumer/value.c (ext=.c, size=6591)
2025-11-10 16:40:00,306 - Knowledge - INFO - Worker kw3 processing /app/data/T0015/222046/b14710b/RBUS/test/rbus/common/runningParamHelper.c
2025-11-10 16:40:00,424 - Knowledge - INFO - Fast-tracked /app/data/T0015/222046/b14710b/RBUS/test/core/bin_server.c (ext=.c, size=3925)
2025-11-10 16:40:00,511 - Knowledge - INFO - Worker kw5 processing /app/data/T0015/222046/b14710b/RBUS/test/core/rbus_client_utility.c
2025-11-10 16:40:00,590 - Knowledge - INFO - Batch sizing: calculated=15, max_allowed=25, queue=279, active_workers=5/7
2025-11-10 16:40:00,666 - Knowledge - INFO - [kw7] Queue=264, InProgress=0, PendingWorkers=5/7, Completed=0/339 (0.0%)
2025-11-10 16:40:00,740 - Knowledge - INFO - knowledge worker kw8 start
2025-11-10 16:40:00,740 - Knowledge - INFO - Worker kw9 created using shared MongoDB connection pool
2025-11-10 16:40:00,818 - Knowledge - INFO - Fast-tracked /app/data/T0015/222046/b14710b/RBUS/test/rbus/rbusGetExtSetMulti/testSetMultiProvider.c (ext=.c, size=4355)
2025-11-10 16:40:00,934 - Knowledge - INFO - Worker kw2 processing /app/data/T0015/222046/b14710b/RBUS/test/rbus/consumer/rbusTestConsumer.c
2025-11-10 16:40:01,003 - Knowledge - INFO - Fast-tracked /app/data/T0015/222046/b14710b/RBUS/test/rbus/common/runningParamHelper.c (ext=.c, size=3903)
2025-11-10 16:40:01,079 - Knowledge - INFO - Worker kw4 processing /app/data/T0015/222046/b14710b/RBUS/test/core/bin_client.c
2025-11-10 16:40:01,181 - Knowledge - INFO - Fast-tracked /app/data/T0015/222046/b14710b/RBUS/test/core/rbus_client_utility.c (ext=.c, size=2003)
2025-11-10 16:40:01,260 - Knowledge - INFO - Worker kw6 processing /app/data/T0015/222046/b14710b/RBUS/src/rbus/rbus_message.h
2025-11-10 16:40:01,370 - Knowledge - INFO - Batch sizing: calculated=15, max_allowed=25, queue=264, active_workers=6/8
2025-11-10 16:40:01,436 - Knowledge - INFO - [kw8] Queue=249, InProgress=0, PendingWorkers=6/8, Completed=0/339 (0.0%)
2025-11-10 16:40:01,521 - Knowledge - INFO - knowledge worker kw9 start
2025-11-10 16:40:01,522 - Knowledge - INFO - Worker kw10 created using shared MongoDB connection pool
2025-11-10 16:40:01,592 - Knowledge - INFO - Worker kw1 processing /app/data/T0015/222046/b14710b/RBUS/test/rbus/rbus_test.sh
2025-11-10 16:40:01,670 - Knowledge - INFO - Fast-tracked /app/data/T0015/222046/b14710b/RBUS/test/rbus/consumer/rbusTestConsumer.c (ext=.c, size=8877)
2025-11-10 16:40:01,745 - Knowledge - INFO - Worker kw3 processing /app/data/T0015/222046/b14710b/RBUS/test/rbus/common/testValueHelper.h
2025-11-10 16:40:01,814 - Knowledge - INFO - Fast-tracked /app/data/T0015/222046/b14710b/RBUS/test/core/bin_client.c (ext=.c, size=3213)
2025-11-10 16:40:01,883 - Knowledge - INFO - Worker kw5 processing /app/data/T0015/222046/b14710b/RBUS/test/core/CMakeLists.txt
2025-11-10 16:40:02,016 - Knowledge - INFO - Worker kw6 processing /app/data/T0015/222046/b14710b/RBUS/src/rbus/rbus_intervalsubscription.c
2025-11-10 16:40:02,129 - Knowledge - INFO - Worker kw7 processing /app/data/T0015/222046/b14710b/RBUS/src/rbus/rbus_element.h
2025-11-10 16:40:02,202 - Knowledge - INFO - Batch sizing: calculated=15, max_allowed=25, queue=249, active_workers=7/9
2025-11-10 16:40:02,274 - Knowledge - INFO - [kw9] Queue=234, InProgress=0, PendingWorkers=7/9, Completed=0/339 (0.0%)
2025-11-10 16:40:02,426 - Knowledge - INFO - knowledge worker kw10 start
2025-11-10 16:40:02,426 - Knowledge - INFO - Worker kw11 created using shared MongoDB connection pool
2025-11-10 16:40:02,514 - Knowledge - INFO - Fast-tracked /app/data/T0015/222046/b14710b/RBUS/test/rbus/rbus_test.sh (ext=.sh, size=3578)
2025-11-10 16:40:02,616 - Knowledge - INFO - Worker kw2 processing /app/data/T0015/222046/b14710b/RBUS/test/rbus/consumer/methods.c
2025-11-10 16:40:02,700 - Knowledge - INFO - Fast-tracked /app/data/T0015/222046/b14710b/RBUS/test/rbus/common/testValueHelper.h (ext=.h, size=1130)
2025-11-10 16:40:02,807 - Knowledge - INFO - Worker kw4 processing /app/data/T0015/222046/b14710b/RBUS/test/core/test_obj_lookup.c
2025-11-10 16:40:02,894 - Knowledge - INFO - Fast-tracked /app/data/T0015/222046/b14710b/RBUS/test/core/CMakeLists.txt (ext=.txt, size=3737)
2025-11-10 16:40:03,003 - Knowledge - INFO - Worker kw6 processing /app/data/T0015/222046/b14710b/RBUS/src/rbus/rbus_element.c
2025-11-10 16:40:03,106 - Knowledge - INFO - Worker kw7 processing /app/data/T0015/222046/b14710b/RBUS/src/rbus/rbus_valuechange.c
2025-11-10 16:40:03,178 - Knowledge - INFO - Worker kw8 processing /app/data/T0015/222046/b14710b/RBUS/src/rtmessage/rtMemory.c
2025-11-10 16:40:03,269 - Knowledge - INFO - Batch sizing: calculated=15, max_allowed=25, queue=234, active_workers=8/10
2025-11-10 16:40:03,389 - Knowledge - INFO - [kw10] Queue=219, InProgress=0, PendingWorkers=8/10, Completed=0/339 (0.0%)
2025-11-10 16:40:03,484 - Knowledge - INFO - knowledge worker kw11 start
2025-11-10 16:40:03,484 - Knowledge - INFO - Worker kw12 created using shared MongoDB connection pool
2025-11-10 16:40:03,570 - Knowledge - INFO - Worker kw1 processing /app/data/T0015/222046/b14710b/RBUS/test/rbus/multiRbusOpenProvider/rbusOpenRegRbusOpenProvider.c
2025-11-10 16:40:03,675 - Knowledge - INFO - Fast-tracked /app/data/T0015/222046/b14710b/RBUS/test/rbus/consumer/methods.c (ext=.c, size=12572)
2025-11-10 16:40:03,744 - Knowledge - INFO - Worker kw3 processing /app/data/T0015/222046/b14710b/RBUS/test/rbus/multiRbusOpenConsumer/multiRbusOpenConsumer.c
2025-11-10 16:40:03,844 - Knowledge - INFO - Fast-tracked /app/data/T0015/222046/b14710b/RBUS/test/core/test_obj_lookup.c (ext=.c, size=4111)
2025-11-10 16:40:03,915 - Knowledge - INFO - Worker kw5 processing /app/data/T0015/222046/b14710b/RBUS/test/core/loadtest.cpp
2025-11-10 16:40:04,006 - Knowledge - INFO - Worker kw6 processing /app/data/T0015/222046/b14710b/RBUS/src/rbus/CMakeLists.txt
2025-11-10 16:40:04,100 - Knowledge - INFO - Worker kw7 processing /app/data/T0015/222046/b14710b/RBUS/src/session_manager/test/sample_client.c
2025-11-10 16:40:04,214 - Knowledge - INFO - Worker kw8 processing /app/data/T0015/222046/b14710b/RBUS/src/rtmessage/rtSocket.c
2025-11-10 16:40:04,360 - Knowledge - INFO - Worker kw9 processing /app/data/T0015/222046/b14710b/RBUS/src/rtmessage/rtTime.c
2025-11-10 16:40:04,441 - Knowledge - INFO - Batch sizing: calculated=15, max_allowed=25, queue=219, active_workers=9/11
2025-11-10 16:40:04,515 - Knowledge - INFO - [kw11] Queue=204, InProgress=0, PendingWorkers=9/11, Completed=0/339 (0.0%)
2025-11-10 16:40:04,594 - Knowledge - INFO - knowledge worker kw12 start
2025-11-10 16:40:04,594 - Knowledge - INFO - Worker kw13 created using shared MongoDB connection pool
2025-11-10 16:40:04,673 - Knowledge - INFO - Fast-tracked /app/data/T0015/222046/b14710b/RBUS/test/rbus/multiRbusOpenProvider/rbusOpenRegRbusOpenProvider.c (ext=.c, size=3526)
2025-11-10 16:40:04,783 - Knowledge - INFO - Worker kw2 processing /app/data/T0015/222046/b14710b/RBUS/test/rbus/consumer/subscribe.c
2025-11-10 16:40:04,863 - Knowledge - INFO - Fast-tracked /app/data/T0015/222046/b14710b/RBUS/test/rbus/multiRbusOpenConsumer/multiRbusOpenConsumer.c (ext=.c, size=5033)
2025-11-10 16:40:04,958 - Knowledge - INFO - Worker kw4 processing /app/data/T0015/222046/b14710b/RBUS/test/core/sample_wildcard_server2.c
2025-11-10 16:40:05,045 - Knowledge - INFO - Fast-tracked /app/data/T0015/222046/b14710b/RBUS/test/core/loadtest.cpp (ext=.cpp, size=7024)
2025-11-10 16:40:05,158 - Knowledge - INFO - Fast-tracked /app/data/T0015/222046/b14710b/RBUS/src/rbus/CMakeLists.txt (ext=.txt, size=1973)
2025-11-10 16:40:05,254 - Knowledge - INFO - Fast-tracked /app/data/T0015/222046/b14710b/RBUS/src/session_manager/test/sample_client.c (ext=.c, size=4226)
2025-11-10 16:40:05,323 - Knowledge - INFO - Worker kw8 processing /app/data/T0015/222046/b14710b/RBUS/src/rtmessage/rtList.h
2025-11-10 16:40:05,395 - Knowledge - INFO - Worker kw9 processing /app/data/T0015/222046/b14710b/RBUS/src/rtmessage/rtError.h
2025-11-10 16:40:05,468 - Knowledge - INFO - Worker kw10 processing /app/data/T0015/222046/b14710b/RBUS/src/rtmessage/rtBase64.h
2025-11-10 16:40:05,579 - Knowledge - INFO - Batch sizing: calculated=15, max_allowed=25, queue=204, active_workers=10/12
2025-11-10 16:40:05,664 - Knowledge - INFO - [kw12] Queue=189, InProgress=0, PendingWorkers=10/12, Completed=0/339 (0.0%)
2025-11-10 16:40:05,750 - Knowledge - INFO - knowledge worker kw13 start
2025-11-10 16:40:05,750 - Knowledge - INFO - Worker kw14 created using shared MongoDB connection pool
2025-11-10 16:40:05,825 - Knowledge - INFO - Worker kw1 processing /app/data/T0015/222046/b14710b/RBUS/test/rbus/multiRbusOpenProvider/multiRbusOpenProvider.c
2025-11-10 16:40:05,900 - Knowledge - INFO - Fast-tracked /app/data/T0015/222046/b14710b/RBUS/test/rbus/consumer/subscribe.c (ext=.c, size=16805)
2025-11-10 16:40:05,974 - Knowledge - INFO - Worker kw3 processing /app/data/T0015/222046/b14710b/RBUS/test/rbus/multiRbusOpenConsumer/rbusOpenSubRbusOpenConsumer.c
2025-11-10 16:40:06,043 - Knowledge - INFO - Fast-tracked /app/data/T0015/222046/b14710b/RBUS/test/core/sample_wildcard_server2.c (ext=.c, size=4480)
2025-11-10 16:40:06,117 - Knowledge - INFO - Worker kw5 processing /app/data/T0015/222046/b14710b/RBUS/test/core/sample_client.c
2025-11-10 16:40:06,199 - Knowledge - INFO - Worker kw6 processing /app/data/T0015/222046/b14710b/RBUS/src/rbus/rbus_message.c
2025-11-10 16:40:06,265 - Knowledge - INFO - Worker kw7 processing /app/data/T0015/222046/b14710b/RBUS/src/session_manager/rbus_session_mgr.h
2025-11-10 16:40:06,333 - Knowledge - INFO - Worker kw8 processing /app/data/T0015/222046/b14710b/RBUS/src/rtmessage/rtRoutingTree.h
2025-11-10 16:40:06,427 - Knowledge - INFO - Worker kw9 processing /app/data/T0015/222046/b14710b/RBUS/src/rtmessage/rtRetainable.c
2025-11-10 16:40:06,550 - Knowledge - INFO - Fast-tracked /app/data/T0015/222046/b14710b/RBUS/src/rtmessage/rtBase64.h (ext=.h, size=1483)
2025-11-10 16:40:06,630 - Knowledge - INFO - Worker kw11 processing /app/data/T0015/222046/b14710b/RBUS/src/rtmessage/rtRetainable.h
2025-11-10 16:40:06,715 - Knowledge - INFO - Batch sizing: calculated=12, max_allowed=25, queue=189, active_workers=11/13
2025-11-10 16:40:06,795 - Knowledge - INFO - [kw13] Queue=174, InProgress=0, PendingWorkers=11/13, Completed=0/339 (0.0%)
2025-11-10 16:40:06,882 - Knowledge - INFO - knowledge worker kw14 start
2025-11-10 16:40:06,882 - Knowledge - INFO - Worker kw15 created using shared MongoDB connection pool
2025-11-10 16:40:06,965 - Knowledge - INFO - Fast-tracked /app/data/T0015/222046/b14710b/RBUS/test/rbus/multiRbusOpenProvider/multiRbusOpenProvider.c (ext=.c, size=4655)
2025-11-10 16:40:07,086 - Knowledge - INFO - Worker kw2 processing /app/data/T0015/222046/b14710b/RBUS/test/rbus/consumer/partialPath.c
2025-11-10 16:40:07,169 - Knowledge - INFO - Fast-tracked /app/data/T0015/222046/b14710b/RBUS/test/rbus/multiRbusOpenConsumer/rbusOpenSubRbusOpenConsumer.c (ext=.c, size=3661)
2025-11-10 16:40:07,248 - Knowledge - INFO - Worker kw4 processing /app/data/T0015/222046/b14710b/RBUS/test/core/sample_wildcard_server.c
2025-11-10 16:40:07,343 - Knowledge - INFO - Fast-tracked /app/data/T0015/222046/b14710b/RBUS/test/core/sample_client.c (ext=.c, size=2727)
2025-11-10 16:40:07,419 - Knowledge - INFO - Worker kw6 processing /app/data/T0015/222046/b14710b/RBUS/src/rbus/rbus_property.c
2025-11-10 16:40:07,493 - Knowledge - INFO - Fast-tracked /app/data/T0015/222046/b14710b/RBUS/src/session_manager/rbus_session_mgr.h (ext=.h, size=1282)
2025-11-10 16:40:07,612 - Knowledge - INFO - Worker kw8 processing /app/data/T0015/222046/b14710b/RBUS/src/rtmessage/local_benchmarking.c
2025-11-10 16:40:07,698 - Knowledge - INFO - Fast-tracked /app/data/T0015/222046/b14710b/RBUS/src/rtmessage/rtRetainable.c (ext=.c, size=1167)
2025-11-10 16:40:07,772 - Knowledge - INFO - Worker kw10 processing /app/data/T0015/222046/b14710b/RBUS/src/rtmessage/rtThreadPool.c
2025-11-10 16:40:07,886 - Knowledge - INFO - Fast-tracked /app/data/T0015/222046/b14710b/RBUS/src/rtmessage/rtRetainable.h (ext=.h, size=1397)
2025-11-10 16:40:07,967 - Knowledge - INFO - Worker kw12 processing /app/data/T0015/222046/b14710b/RBUS/sampleapps/consumer/rbusValueChangeConsumer.c
2025-11-10 16:40:08,037 - Knowledge - INFO - Batch sizing: calculated=12, max_allowed=25, queue=174, active_workers=12/14
2025-11-10 16:40:08,161 - Knowledge - INFO - [kw14] Queue=162, InProgress=0, PendingWorkers=12/14, Completed=0/339 (0.0%)
2025-11-10 16:40:08,243 - Knowledge - INFO - knowledge worker kw15 start
2025-11-10 16:40:08,244 - Knowledge - INFO - Worker kw16 created using shared MongoDB connection pool
2025-11-10 16:40:08,327 - Knowledge - INFO - Worker kw1 processing /app/data/T0015/222046/b14710b/RBUS/test/rbus/multiProviderThreadsForSingleEvent/multiProviderThreadsForSingleEvent.c
2025-11-10 16:40:08,414 - Knowledge - INFO - Fast-tracked /app/data/T0015/222046/b14710b/RBUS/test/rbus/consumer/partialPath.c (ext=.c, size=16061)
2025-11-10 16:40:08,481 - Knowledge - INFO - Worker kw3 processing /app/data/T0015/222046/b14710b/RBUS/test/rbus/multiRbusOpenMethodProvider/multiRbusOpenMethodProvider.c
2025-11-10 16:40:08,553 - Knowledge - INFO - Fast-tracked /app/data/T0015/222046/b14710b/RBUS/test/core/sample_wildcard_server.c (ext=.c, size=4302)
2025-11-10 16:40:08,627 - Knowledge - INFO - Worker kw5 processing /app/data/T0015/222046/b14710b/RBUS/test/core/rbus_perf.cpp
2025-11-10 16:40:08,747 - Knowledge - INFO - Worker kw6 processing /app/data/T0015/222046/b14710b/RBUS/src/rbus/rbus_asyncsubscribe.h
2025-11-10 16:40:08,834 - Knowledge - INFO - Worker kw7 processing /app/data/T0015/222046/b14710b/RBUS/src/session_manager/CMakeLists.txt
2025-11-10 16:40:08,922 - Knowledge - INFO - Fast-tracked /app/data/T0015/222046/b14710b/RBUS/src/rtmessage/local_benchmarking.c (ext=.c, size=1680)
2025-11-10 16:40:08,996 - Knowledge - INFO - Worker kw9 processing /app/data/T0015/222046/b14710b/RBUS/src/rtmessage/rtThreadPool.h
2025-11-10 16:40:09,077 - Knowledge - INFO - Worker kw10 processing /app/data/T0015/222046/b14710b/RBUS/src/rtmessage/rtAtomic.h
2025-11-10 16:40:09,155 - Knowledge - INFO - Worker kw11 processing /app/data/T0015/222046/b14710b/RBUS/src/rtmessage/rtSemaphore.c
2025-11-10 16:40:09,265 - Knowledge - INFO - Worker kw12 processing /app/data/T0015/222046/b14710b/RBUS/sampleapps/consumer/rbusBlockingConsumer.c
2025-11-10 16:40:09,344 - Knowledge - INFO - Worker kw13 processing /app/data/T0015/222046/b14710b/RBUS/sampleapps/consumer/rbusValueChangeMultiConsumer.c
2025-11-10 16:40:09,428 - Knowledge - INFO - Batch sizing: calculated=12, max_allowed=25, queue=162, active_workers=13/15
2025-11-10 16:40:09,497 - Knowledge - INFO - [kw15] Queue=150, InProgress=0, PendingWorkers=13/15, Completed=0/339 (0.0%)
2025-11-10 16:40:09,566 - Knowledge - INFO - knowledge worker kw16 start
2025-11-10 16:40:09,566 - Knowledge - INFO - Worker kw17 created using shared MongoDB connection pool
2025-11-10 16:40:09,647 - Knowledge - INFO - Fast-tracked /app/data/T0015/222046/b14710b/RBUS/test/rbus/multiProviderThreadsForSingleEvent/multiProviderThreadsForSingleEvent.c (ext=.c, size=3404)
2025-11-10 16:40:09,722 - Knowledge - INFO - Worker kw2 processing /app/data/T0015/222046/b14710b/RBUS/test/rbus/consumer/elementTree.c
2025-11-10 16:40:09,805 - Knowledge - INFO - Fast-tracked /app/data/T0015/222046/b14710b/RBUS/test/rbus/multiRbusOpenMethodProvider/multiRbusOpenMethodProvider.c (ext=.c, size=5944)
2025-11-10 16:40:09,879 - Knowledge - INFO - Worker kw4 processing /app/data/T0015/222046/b14710b/RBUS/test/core/sample_event_client.c
2025-11-10 16:40:09,950 - Knowledge - INFO - Fast-tracked /app/data/T0015/222046/b14710b/RBUS/test/core/rbus_perf.cpp (ext=.cpp, size=9418)
2025-11-10 16:40:10,063 - Knowledge - INFO - Fast-tracked /app/data/T0015/222046/b14710b/RBUS/src/rbus/rbus_asyncsubscribe.h (ext=.h, size=1246)
2025-11-10 16:40:10,178 - Knowledge - INFO - Fast-tracked /app/data/T0015/222046/b14710b/RBUS/src/session_manager/CMakeLists.txt (ext=.txt, size=1520)
2025-11-10 16:40:10,264 - Knowledge - INFO - Worker kw8 processing /app/data/T0015/222046/b14710b/RBUS/src/rtmessage/rtMessage.c
2025-11-10 16:40:10,378 - Knowledge - INFO - Fast-tracked /app/data/T0015/222046/b14710b/RBUS/src/rtmessage/rtThreadPool.h (ext=.h, size=1489)
2025-11-10 16:40:10,445 - Knowledge - INFO - Worker kw10 processing /app/data/T0015/222046/b14710b/RBUS/src/rtmessage/rtLog.c
2025-11-10 16:40:10,522 - Knowledge - INFO - Worker kw11 processing /app/data/T0015/222046/b14710b/RBUS/src/rtmessage/rtTime.h
2025-11-10 16:40:10,600 - Knowledge - INFO - Worker kw12 processing /app/data/T0015/222046/b14710b/RBUS/sampleapps/consumer/rbusOpenTelemetry.c
2025-11-10 16:40:10,674 - Knowledge - INFO - Worker kw13 processing /app/data/T0015/222046/b14710b/RBUS/sampleapps/consumer/rbusDmlBlockingConsumer.c
2025-11-10 16:40:10,751 - Knowledge - INFO - Worker kw14 processing /app/data/T0015/222046/b14710b/RBUS/sampleapps/provider/rbusValueChangeMultiProvider.c
2025-11-10 16:40:10,831 - Knowledge - INFO - Batch sizing: calculated=12, max_allowed=25, queue=150, active_workers=14/16
2025-11-10 16:40:10,909 - Knowledge - INFO - [kw16] Queue=138, InProgress=0, PendingWorkers=14/16, Completed=0/339 (0.0%)
2025-11-10 16:40:10,985 - Knowledge - INFO - knowledge worker kw17 start
2025-11-10 16:40:10,985 - Knowledge - INFO - Worker kw18 created using shared MongoDB connection pool
2025-11-10 16:40:11,054 - Knowledge - INFO - Worker kw1 processing /app/data/T0015/222046/b14710b/RBUS/test/rbus/consumer/subscribeEx.c
2025-11-10 16:40:11,130 - Knowledge - INFO - Fast-tracked /app/data/T0015/222046/b14710b/RBUS/test/rbus/consumer/elementTree.c (ext=.c, size=18226)
2025-11-10 16:40:11,205 - Knowledge - INFO - Worker kw3 processing /app/data/T0015/222046/b14710b/RBUS/test/rbus/multiRbusOpenRbusSetConsumer/multiRbusOpenRbusSetConsumer.c
2025-11-10 16:40:11,290 - Knowledge - INFO - Fast-tracked /app/data/T0015/222046/b14710b/RBUS/test/core/sample_event_client.c (ext=.c, size=5265)
2025-11-10 16:40:11,368 - Knowledge - INFO - Worker kw5 processing /app/data/T0015/222046/b14710b/RBUS/test/core/sample_server.c
2025-11-10 16:40:11,488 - Knowledge - INFO - Worker kw6 processing /app/data/T0015/222046/b14710b/RBUS/src/rbus/rbus_value.c
2025-11-10 16:40:11,606 - Knowledge - INFO - Worker kw7 processing /app/data/T0015/222046/b14710b/RBUS/src/session_manager/session_manager.c
2025-11-10 16:40:11,722 - Knowledge - INFO - Worker kw8 processing /app/data/T0015/222046/b14710b/RBUS/src/rtmessage/rtBase64.c
2025-11-10 16:40:11,798 - Knowledge - INFO - Worker kw9 processing /app/data/T0015/222046/b14710b/RBUS/src/rtmessage/rtLog.h
2025-11-10 16:40:11,899 - Knowledge - INFO - Worker kw10 processing /app/data/T0015/222046/b14710b/RBUS/src/rtmessage/rtm_discovery_api.h
2025-11-10 16:40:12,011 - Knowledge - INFO - Worker kw11 processing /app/data/T0015/222046/b14710b/RBUS/src/rtmessage/rtEncoder.c
2025-11-10 16:40:12,099 - Knowledge - INFO - Worker kw12 processing /app/data/T0015/222046/b14710b/RBUS/sampleapps/consumer/rbusMethodConsumer.c
2025-11-10 16:40:12,176 - Knowledge - INFO - Fast-tracked /app/data/T0015/222046/b14710b/RBUS/sampleapps/consumer/rbusDmlBlockingConsumer.c (ext=.c, size=1951)
2025-11-10 16:40:12,251 - Knowledge - INFO - Worker kw14 processing /app/data/T0015/222046/b14710b/RBUS/sampleapps/provider/rbusBlockingProvider.c
2025-11-10 16:40:12,347 - Knowledge - INFO - Worker kw15 processing /app/data/T0015/222046/b14710b/RBUS/sampleapps/rtmessage/sample_super.c
2025-11-10 16:40:12,417 - Knowledge - INFO - Batch sizing: calculated=12, max_allowed=25, queue=138, active_workers=15/17
2025-11-10 16:40:12,481 - Knowledge - INFO - [kw17] Queue=126, InProgress=0, PendingWorkers=15/17, Completed=0/339 (0.0%)
2025-11-10 16:40:12,588 - Knowledge - INFO - knowledge worker kw18 start
2025-11-10 16:40:12,588 - Knowledge - INFO - Worker kw19 created using shared MongoDB connection pool
2025-11-10 16:40:12,657 - Knowledge - INFO - Fast-tracked /app/data/T0015/222046/b14710b/RBUS/test/rbus/consumer/subscribeEx.c (ext=.c, size=3126)
2025-11-10 16:40:12,757 - Knowledge - INFO - Worker kw2 processing /app/data/T0015/222046/b14710b/RBUS/test/rbus/consumer/filter.c
2025-11-10 16:40:12,867 - Knowledge - INFO - Fast-tracked /app/data/T0015/222046/b14710b/RBUS/test/rbus/multiRbusOpenRbusSetConsumer/multiRbusOpenRbusSetConsumer.c (ext=.c, size=2884)
2025-11-10 16:40:12,944 - Knowledge - INFO - Worker kw4 processing /app/data/T0015/222046/b14710b/RBUS/test/core/every_client.c
2025-11-10 16:40:13,058 - Knowledge - INFO - Fast-tracked /app/data/T0015/222046/b14710b/RBUS/test/core/sample_server.c (ext=.c, size=3880)
2025-11-10 16:40:13,130 - Knowledge - INFO - Worker kw6 processing /app/data/T0015/222046/b14710b/RBUS/src/rbus/rbus_subscriptions.h
2025-11-10 16:40:13,218 - Knowledge - INFO - Worker kw7 processing /app/data/T0015/222046/b14710b/RBUS/src/CMakeLists.txt
2025-11-10 16:40:13,300 - Knowledge - INFO - Worker kw8 processing /app/data/T0015/222046/b14710b/RBUS/src/rtmessage/rtEncoder.h
2025-11-10 16:40:13,391 - Knowledge - INFO - Worker kw9 processing /app/data/T0015/222046/b14710b/RBUS/src/rtmessage/rtString.c
2025-11-10 16:40:13,465 - Knowledge - INFO - Fast-tracked /app/data/T0015/222046/b14710b/RBUS/src/rtmessage/rtm_discovery_api.h (ext=.h, size=1361)
2025-11-10 16:40:13,550 - Knowledge - INFO - Worker kw11 processing /app/data/T0015/222046/b14710b/RBUS/src/rtmessage/rtCipher.h
2025-11-10 16:40:13,669 - Knowledge - INFO - Worker kw12 processing /app/data/T0015/222046/b14710b/RBUS/sampleapps/consumer/rbusCSIEventConsumer.c
2025-11-10 16:40:13,756 - Knowledge - INFO - Worker kw13 processing /app/data/T0015/222046/b14710b/RBUS/sampleapps/CMakeLists.txt
2025-11-10 16:40:13,840 - Knowledge - INFO - Worker kw14 processing /app/data/T0015/222046/b14710b/RBUS/sampleapps/provider/rbusCSIEventProvider.c
2025-11-10 16:40:13,919 - Knowledge - INFO - Worker kw15 processing /app/data/T0015/222046/b14710b/RBUS/sampleapps/rtmessage/rtsend.c
2025-11-10 16:40:14,009 - Knowledge - INFO - Worker kw16 processing /app/data/T0015/222046/b14710b/RBUS/utils/CMakeLists.txt
2025-11-10 16:40:14,114 - Knowledge - INFO - Batch sizing: calculated=12, max_allowed=25, queue=126, active_workers=16/18
2025-11-10 16:40:14,198 - Knowledge - INFO - [kw18] Queue=114, InProgress=0, PendingWorkers=16/18, Completed=0/339 (0.0%)
2025-11-10 16:40:14,276 - Knowledge - INFO - knowledge worker kw19 start
2025-11-10 16:40:14,278 - Knowledge - INFO - Worker kw20 created using shared MongoDB connection pool
2025-11-10 16:40:14,358 - Knowledge - INFO - Worker kw1 processing /app/data/T0015/222046/b14710b/RBUS/test/rbus/consumer/propertyAPI.c
2025-11-10 16:40:14,452 - Knowledge - INFO - Fast-tracked /app/data/T0015/222046/b14710b/RBUS/test/rbus/consumer/filter.c (ext=.c, size=3949)
2025-11-10 16:40:14,514 - Knowledge - INFO - Worker kw3 processing /app/data/T0015/222046/b14710b/RBUS/test/rbus/multiConsumerThreadsForSingleEvent/multiConsumerThreadsForSingleEvent.c
2025-11-10 16:40:14,604 - Knowledge - INFO - Fast-tracked /app/data/T0015/222046/b14710b/RBUS/test/core/every_client.c (ext=.c, size=1815)
2025-11-10 16:40:14,672 - Knowledge - INFO - Worker kw5 processing /app/data/T0015/222046/b14710b/RBUS/test/core/bin_header.h
2025-11-10 16:40:14,753 - Knowledge - INFO - Worker kw6 processing /app/data/T0015/222046/b14710b/RBUS/src/rbus/rbus_tokenchain.h
2025-11-10 16:40:14,831 - Knowledge - INFO - Fast-tracked /app/data/T0015/222046/b14710b/RBUS/src/CMakeLists.txt (ext=.txt, size=1049)
2025-11-10 16:40:14,913 - Knowledge - INFO - Fast-tracked /app/data/T0015/222046/b14710b/RBUS/src/rtmessage/rtEncoder.h (ext=.h, size=1613)
2025-11-10 16:40:15,014 - Knowledge - INFO - Fast-tracked /app/data/T0015/222046/b14710b/RBUS/src/rtmessage/rtString.c (ext=.c, size=524)
2025-11-10 16:40:15,099 - Knowledge - INFO - Worker kw10 processing /app/data/T0015/222046/b14710b/RBUS/src/rtmessage/local_benchmarking.h
2025-11-10 16:40:15,194 - Knowledge - INFO - Worker kw11 processing /app/data/T0015/222046/b14710b/RBUS/src/rtmessage/rtConnection.c
2025-11-10 16:40:15,298 - Knowledge - INFO - Worker kw12 processing /app/data/T0015/222046/b14710b/RBUS/sampleapps/consumer/sample_rbus_session_mgr.c
2025-11-10 16:40:15,369 - Knowledge - INFO - Fast-tracked /app/data/T0015/222046/b14710b/RBUS/sampleapps/CMakeLists.txt (ext=.txt, size=5985)
2025-11-10 16:40:15,471 - Knowledge - INFO - Worker kw14 processing /app/data/T0015/222046/b14710b/RBUS/sampleapps/provider/rbusMethodProvider.c
2025-11-10 16:40:15,539 - Knowledge - INFO - Worker kw15 processing /app/data/T0015/222046/b14710b/RBUS/conf/rbus_log_capture.sh
2025-11-10 16:40:15,614 - Knowledge - INFO - Fast-tracked /app/data/T0015/222046/b14710b/RBUS/utils/CMakeLists.txt (ext=.txt, size=987)
2025-11-10 16:40:15,732 - Knowledge - INFO - Worker kw17 processing /app/data/T0015/222046/b14710b/RBUS/utils/codegen/ccsp_style_generator/sampleapp/build.sh
2025-11-10 16:40:15,845 - Knowledge - INFO - Batch sizing: calculated=12, max_allowed=25, queue=114, active_workers=17/19
2025-11-10 16:40:15,926 - Knowledge - INFO - [kw19] Queue=102, InProgress=0, PendingWorkers=17/19, Completed=0/339 (0.0%)
2025-11-10 16:40:16,010 - Knowledge - INFO - knowledge worker kw20 start
2025-11-10 16:40:16,087 - Knowledge - INFO - Fast-tracked /app/data/T0015/222046/b14710b/RBUS/test/rbus/consumer/propertyAPI.c (ext=.c, size=14676)
2025-11-10 16:40:16,170 - Knowledge - INFO - Worker kw2 processing /app/data/T0015/222046/b14710b/RBUS/test/rbus/rbusTestValue.c
2025-11-10 16:40:16,234 - Knowledge - INFO - Fast-tracked /app/data/T0015/222046/b14710b/RBUS/test/rbus/multiConsumerThreadsForSingleEvent/multiConsumerThreadsForSingleEvent.c (ext=.c, size=1843)
2025-11-10 16:40:16,312 - Knowledge - INFO - Worker kw4 processing /app/data/T0015/222046/b14710b/RBUS/test/core/sample_event_server.c
2025-11-10 16:40:16,405 - Knowledge - INFO - Fast-tracked /app/data/T0015/222046/b14710b/RBUS/test/core/bin_header.h (ext=.h, size=838)
2025-11-10 16:40:16,497 - Knowledge - INFO - Fast-tracked /app/data/T0015/222046/b14710b/RBUS/src/rbus/rbus_tokenchain.h (ext=.h, size=1802)
2025-11-10 16:40:16,572 - Knowledge - INFO - Worker kw7 processing /app/data/T0015/222046/b14710b/RBUS/src/core/rbuscore_logger.h
2025-11-10 16:40:16,656 - Knowledge - INFO - Worker kw8 processing /app/data/T0015/222046/b14710b/RBUS/src/rtmessage/rtConnection.h
2025-11-10 16:40:16,731 - Knowledge - INFO - Worker kw9 processing /app/data/T0015/222046/b14710b/RBUS/src/rtmessage/CMakeLists.txt
2025-11-10 16:40:16,811 - Knowledge - INFO - Worker kw10 processing /app/data/T0015/222046/b14710b/RBUS/src/rtmessage/rtHashMap.c
2025-11-10 16:40:16,888 - Knowledge - INFO - Worker kw11 processing /app/data/T0015/222046/b14710b/RBUS/src/rtmessage/rtRoutingTree.c
2025-11-10 16:40:16,961 - Knowledge - INFO - Fast-tracked /app/data/T0015/222046/b14710b/RBUS/sampleapps/consumer/sample_rbus_session_mgr.c (ext=.c, size=1292)
2025-11-10 16:40:17,029 - Knowledge - INFO - Worker kw13 processing /app/data/T0015/222046/b14710b/RBUS/sampleapps/message/rbusMessageListener.c
2025-11-10 16:40:17,104 - Knowledge - INFO - Worker kw14 processing /app/data/T0015/222046/b14710b/RBUS/sampleapps/provider/utilities.c
2025-11-10 16:40:17,172 - Knowledge - INFO - Fast-tracked /app/data/T0015/222046/b14710b/RBUS/conf/rbus_log_capture.sh (ext=.sh, size=558)
2025-11-10 16:40:17,263 - Knowledge - INFO - Worker kw16 processing /app/data/T0015/222046/b14710b/RBUS/utils/codegen/ccsp_style_generator/scripts/rbus_code_generator_ccsp_style.sh
2025-11-10 16:40:17,371 - Knowledge - INFO - Fast-tracked /app/data/T0015/222046/b14710b/RBUS/utils/codegen/ccsp_style_generator/sampleapp/build.sh (ext=.sh, size=1006)
2025-11-10 16:40:17,440 - Knowledge - INFO - Worker kw18 processing /app/data/T0015/222046/b14710b/RBUS/utils/dataProvider/data/Device.X_RDKCENTRAL-COM_Camera.Thumbnail.Upload.json
2025-11-10 16:40:17,547 - Knowledge - INFO - Batch sizing: calculated=12, max_allowed=25, queue=102, active_workers=18/20
2025-11-10 16:40:17,626 - Knowledge - INFO - [kw20] Queue=90, InProgress=0, PendingWorkers=18/20, Completed=0/339 (0.0%)
2025-11-10 16:40:17,715 - Knowledge - INFO - Worker kw1 processing /app/data/T0015/222046/b14710b/RBUS/test/rbus/consumer/rbusRecoveryConsumer.c
2025-11-10 16:40:17,793 - Knowledge - INFO - Fast-tracked /app/data/T0015/222046/b14710b/RBUS/test/rbus/rbusTestValue.c (ext=.c, size=49472)
2025-11-10 16:40:17,850 - Knowledge - INFO - Worker kw3 processing /app/data/T0015/222046/b14710b/RBUS/test/rbus/rbusTestTimeoutValues/testTimeoutValuesConsumer.c
2025-11-10 16:40:17,922 - Knowledge - INFO - Fast-tracked /app/data/T0015/222046/b14710b/RBUS/test/core/sample_event_server.c (ext=.c, size=5929)
2025-11-10 16:40:18,041 - Knowledge - INFO - Worker kw5 processing /app/data/T0015/222046/b14710b/RBUS/cov_build.sh
2025-11-10 16:40:18,115 - Knowledge - INFO - Worker kw6 processing /app/data/T0015/222046/b14710b/RBUS/src/rbus/rbus_handle.h
2025-11-10 16:40:18,182 - Knowledge - INFO - Fast-tracked /app/data/T0015/222046/b14710b/RBUS/src/core/rbuscore_logger.h (ext=.h, size=1333)
2025-11-10 16:40:18,258 - Knowledge - INFO - Worker kw8 processing /app/data/T0015/222046/b14710b/RBUS/src/rtmessage/rtCipher.c
2025-11-10 16:40:18,353 - Knowledge - INFO - Fast-tracked /app/data/T0015/222046/b14710b/RBUS/src/rtmessage/CMakeLists.txt (ext=.txt, size=4862)
2025-11-10 16:40:18,426 - Knowledge - INFO - Worker kw10 processing /app/data/T0015/222046/b14710b/RBUS/src/rtmessage/rtMessageHeader.c
2025-11-10 16:40:18,512 - Knowledge - INFO - Worker kw11 processing /app/data/T0015/222046/b14710b/RBUS/src/rtmessage/rtVector.h
2025-11-10 16:40:18,598 - Knowledge - INFO - Worker kw12 processing /app/data/T0015/222046/b14710b/RBUS/sampleapps/consumer/rbusIntervalConsumer.c
2025-11-10 16:40:18,667 - Knowledge - INFO - Fast-tracked /app/data/T0015/222046/b14710b/RBUS/sampleapps/message/rbusMessageListener.c (ext=.c, size=1576)
2025-11-10 16:40:18,749 - Knowledge - INFO - Worker kw14 processing /app/data/T0015/222046/b14710b/RBUS/sampleapps/provider/rbusIntervalProvider.c
2025-11-10 16:40:18,820 - Knowledge - INFO - Worker kw15 processing /app/data/T0015/222046/b14710b/RBUS/CMakeLists.txt
2025-11-10 16:40:18,901 - Knowledge - INFO - Fast-tracked /app/data/T0015/222046/b14710b/RBUS/utils/codegen/ccsp_style_generator/scripts/rbus_code_generator_ccsp_style.sh (ext=.sh, size=1303)
2025-11-10 16:40:19,003 - Knowledge - INFO - Worker kw17 processing /app/data/T0015/222046/b14710b/RBUS/utils/codegen/ccsp_style_generator/sampleapp/codegen/Sample_rbus.c
2025-11-10 16:40:19,114 - Knowledge - INFO - Fast-tracked /app/data/T0015/222046/b14710b/RBUS/utils/dataProvider/data/Device.X_RDKCENTRAL-COM_Camera.Thumbnail.Upload.json (ext=.json, size=362)
2025-11-10 16:40:19,199 - Knowledge - INFO - Worker kw19 processing /app/data/T0015/222046/b14710b/RBUS/utils/dataProvider/data/Device.X_RDKCENTRAL-COM_Camera.LiveStream.EvoStream.VideoConfig.json
2025-11-10 16:40:19,278 - Knowledge - INFO - Batch sizing: calculated=10, max_allowed=25, queue=90, active_workers=19/20
2025-11-10 16:40:19,351 - Knowledge - INFO - Fast-tracked /app/data/T0015/222046/b14710b/RBUS/test/rbus/consumer/rbusRecoveryConsumer.c (ext=.c, size=13058)
2025-11-10 16:40:19,421 - Knowledge - INFO - Worker kw2 processing /app/data/T0015/222046/b14710b/RBUS/test/rbus/multiRbusOpenEventProvider/multiRbusOpenEventProvider.c
2025-11-10 16:40:19,488 - Knowledge - INFO - Fast-tracked /app/data/T0015/222046/b14710b/RBUS/test/rbus/rbusTestTimeoutValues/testTimeoutValuesConsumer.c (ext=.c, size=3761)
2025-11-10 16:40:19,599 - Knowledge - INFO - Worker kw4 processing /app/data/T0015/222046/b14710b/RBUS/test/core/sample_wildcard_client.c
2025-11-10 16:40:19,671 - Knowledge - INFO - Fast-tracked /app/data/T0015/222046/b14710b/RBUS/cov_build.sh (ext=.sh, size=757)
2025-11-10 16:40:19,745 - Knowledge - INFO - Worker kw6 processing /app/data/T0015/222046/b14710b/RBUS/src/rbus/rbus.c
2025-11-10 16:40:19,853 - Knowledge - INFO - Worker kw7 processing /app/data/T0015/222046/b14710b/RBUS/src/core/rbuscore_message.c
2025-11-10 16:40:19,958 - Knowledge - INFO - Worker kw8 processing /app/data/T0015/222046/b14710b/RBUS/src/rtmessage/rtrouted.c
2025-11-10 16:40:20,071 - Knowledge - INFO - Worker kw9 processing /app/data/T0015/222046/b14710b/RBUS/src/rtmessage/rtDebug.c
2025-11-10 16:40:20,171 - Knowledge - INFO - Worker kw10 processing /app/data/T0015/222046/b14710b/RBUS/src/rtmessage/rtMemory.h
2025-11-10 16:40:20,271 - Knowledge - INFO - Fast-tracked /app/data/T0015/222046/b14710b/RBUS/src/rtmessage/rtVector.h (ext=.h, size=1902)
2025-11-10 16:40:20,350 - Knowledge - INFO - Worker kw12 processing /app/data/T0015/222046/b14710b/RBUS/sampleapps/consumer/rbusTableConsumer.c
2025-11-10 16:40:20,413 - Knowledge - INFO - Worker kw13 processing /app/data/T0015/222046/b14710b/RBUS/sampleapps/message/rbusMessageSender.c
2025-11-10 16:40:20,515 - Knowledge - INFO - Worker kw14 processing /app/data/T0015/222046/b14710b/RBUS/sampleapps/provider/rbusValueChangeProvider.c
2025-11-10 16:40:20,626 - Knowledge - INFO - Fast-tracked /app/data/T0015/222046/b14710b/RBUS/CMakeLists.txt (ext=.txt, size=7477)
2025-11-10 16:40:20,728 - Knowledge - INFO - Worker kw16 processing /app/data/T0015/222046/b14710b/RBUS/utils/codegen/ccsp_style_generator/scripts/rbus_code_generator_ccsp_style.py
2025-11-10 16:40:20,841 - Knowledge - INFO - Worker kw17 processing /app/data/T0015/222046/b14710b/RBUS/utils/codegen/ccsp_style_generator/sampleapp/codegen/Sample_app.c
2025-11-10 16:40:20,917 - Knowledge - INFO - Worker kw18 processing /app/data/T0015/222046/b14710b/RBUS/utils/dataProvider/data/Device.DeviceInfo.ProcessStatus.Process.json
2025-11-10 16:40:20,989 - Knowledge - INFO - Fast-tracked /app/data/T0015/222046/b14710b/RBUS/utils/dataProvider/data/Device.X_RDKCENTRAL-COM_Camera.LiveStream.EvoStream.VideoConfig.json (ext=.json, size=1037)
2025-11-10 16:40:21,066 - Knowledge - INFO - Worker kw20 processing /app/data/T0015/222046/b14710b/RBUS/utils/dataProvider/data/Device.WiFi.X_RDKCENTRAL-COM_BandSteering.BandSetting.json
2025-11-10 16:40:21,140 - Knowledge - INFO - Worker kw1 processing /app/data/T0015/222046/b14710b/RBUS/test/rbus/consumer/valueAPI.c
2025-11-10 16:40:21,224 - Knowledge - INFO - Fast-tracked /app/data/T0015/222046/b14710b/RBUS/test/rbus/multiRbusOpenEventProvider/multiRbusOpenEventProvider.c (ext=.c, size=3049)
2025-11-10 16:40:21,295 - Knowledge - INFO - Worker kw3 processing /app/data/T0015/222046/b14710b/RBUS/test/rbus/rbusTestTimeoutValues/testTimeoutValuesProvider.c
2025-11-10 16:40:21,382 - Knowledge - INFO - Fast-tracked /app/data/T0015/222046/b14710b/RBUS/test/core/sample_wildcard_client.c (ext=.c, size=3304)
2025-11-10 16:40:21,494 - Knowledge - INFO - Worker kw5 processing /app/data/T0015/222046/b14710b/RBUS/src/rbus/rbus_tokenchain.c
2025-11-10 16:40:21,604 - Knowledge - INFO - Fast-tracked /app/data/T0015/222046/b14710b/RBUS/src/rbus/rbus.c (ext=.c, size=235734)
2025-11-10 16:40:21,677 - Knowledge - INFO - Worker kw7 processing /app/data/T0015/222046/b14710b/RBUS/src/core/rbuscore.c
2025-11-10 16:40:21,752 - Knowledge - INFO - Worker kw8 processing /app/data/T0015/222046/b14710b/RBUS/src/rtmessage/rtVector.c
2025-11-10 16:40:21,838 - Knowledge - INFO - Fast-tracked /app/data/T0015/222046/b14710b/RBUS/src/rtmessage/rtDebug.c (ext=.c, size=1194)
2025-11-10 16:40:21,911 - Knowledge - INFO - Fast-tracked /app/data/T0015/222046/b14710b/RBUS/src/rtmessage/rtMemory.h (ext=.h, size=1746)
2025-11-10 16:40:21,980 - Knowledge - INFO - Worker kw11 processing /app/data/T0015/222046/b14710b/RBUS/include/rbus_object.h
2025-11-10 16:40:22,047 - Knowledge - INFO - Worker kw12 processing /app/data/T0015/222046/b14710b/RBUS/sampleapps/consumer/rbusGeneralEventConsumer.c
2025-11-10 16:40:22,130 - Knowledge - INFO - Fast-tracked /app/data/T0015/222046/b14710b/RBUS/sampleapps/message/rbusMessageSender.c (ext=.c, size=1765)
2025-11-10 16:40:22,206 - Knowledge - INFO - Worker kw14 processing /app/data/T0015/222046/b14710b/RBUS/sampleapps/rtmessage/sample_send.c
2025-11-10 16:40:22,285 - Knowledge - INFO - Worker kw15 processing /app/data/T0015/222046/b14710b/RBUS/cmake/Findbreakpad.cmake
2025-11-10 16:40:22,403 - Knowledge - INFO - Worker kw16 processing /app/data/T0015/222046/b14710b/RBUS/utils/codegen/ccsp_style_generator/src/rbus_context_helpers.h
2025-11-10 16:40:22,476 - Knowledge - INFO - Fast-tracked /app/data/T0015/222046/b14710b/RBUS/utils/codegen/ccsp_style_generator/sampleapp/codegen/Sample_app.c (ext=.c, size=1319)
2025-11-10 16:40:22,548 - Knowledge - INFO - Fast-tracked /app/data/T0015/222046/b14710b/RBUS/utils/dataProvider/data/Device.DeviceInfo.ProcessStatus.Process.json (ext=.json, size=728)
2025-11-10 16:40:22,623 - Knowledge - INFO - Worker kw19 processing /app/data/T0015/222046/b14710b/RBUS/utils/dataProvider/data/Device.X_COMCAST-COM_Xcalibur.json
2025-11-10 16:40:22,698 - Knowledge - INFO - Fast-tracked /app/data/T0015/222046/b14710b/RBUS/utils/dataProvider/data/Device.WiFi.X_RDKCENTRAL-COM_BandSteering.BandSetting.json (ext=.json, size=560)
2025-11-10 16:40:22,800 - Knowledge - INFO - Fast-tracked /app/data/T0015/222046/b14710b/RBUS/test/rbus/consumer/valueAPI.c (ext=.c, size=43184)
2025-11-10 16:40:22,880 - Knowledge - INFO - Worker kw2 processing /app/data/T0015/222046/b14710b/RBUS/test/rbus/multiRbusOpenMethodConsumer/multiRbusOpenMethodConsumer.c
2025-11-10 16:40:22,954 - Knowledge - INFO - Fast-tracked /app/data/T0015/222046/b14710b/RBUS/test/rbus/rbusTestTimeoutValues/testTimeoutValuesProvider.c (ext=.c, size=3507)
2025-11-10 16:40:23,052 - Knowledge - INFO - Worker kw4 processing /app/data/T0015/222046/b14710b/RBUS/test/core/sample_datamodel.txt
2025-11-10 16:40:23,129 - Knowledge - INFO - Worker kw5 processing /app/data/T0015/222046/b14710b/RBUS/src/rbus/rbus_handle.c
2025-11-10 16:40:23,207 - Knowledge - INFO - Worker kw6 processing /app/data/T0015/222046/b14710b/RBUS/src/rbus/rbus_log.h
2025-11-10 16:40:23,312 - Knowledge - INFO - Fast-tracked /app/data/T0015/222046/b14710b/RBUS/src/core/rbuscore.c (ext=.c, size=100703)
2025-11-10 16:40:23,385 - Knowledge - INFO - Worker kw8 processing /app/data/T0015/222046/b14710b/RBUS/src/rtmessage/rtMessageHeader.h
2025-11-10 16:40:23,461 - Knowledge - INFO - Worker kw9 processing /app/data/T0015/222046/b14710b/RBUS/src/rtmessage/rtHashMap.h
2025-11-10 16:40:23,551 - Knowledge - INFO - Worker kw10 processing /app/data/T0015/222046/b14710b/RBUS/src/rtmessage/rtSocket.h
2025-11-10 16:40:23,649 - Knowledge - INFO - Worker kw11 processing /app/data/T0015/222046/b14710b/RBUS/include/rbus.h
2025-11-10 16:40:23,721 - Knowledge - INFO - Worker kw12 processing /app/data/T0015/222046/b14710b/RBUS/sampleapps/consumer/rbusRawDataConsumer.c
2025-11-10 16:40:23,804 - Knowledge - INFO - Worker kw13 processing /app/data/T0015/222046/b14710b/RBUS/sampleapps/provider/rbusTableProvider.c
2025-11-10 16:40:23,869 - Knowledge - INFO - Worker kw14 processing /app/data/T0015/222046/b14710b/RBUS/sampleapps/rtmessage/sample_res.c
2025-11-10 16:40:23,964 - Knowledge - INFO - Fast-tracked /app/data/T0015/222046/b14710b/RBUS/cmake/Findbreakpad.cmake (ext=.cmake, size=1727)
2025-11-10 16:40:24,074 - Knowledge - INFO - Worker kw16 processing /app/data/T0015/222046/b14710b/RBUS/utils/codegen/ccsp_style_generator/src/rbus_context_helpers.c
2025-11-10 16:40:24,184 - Knowledge - INFO - Worker kw17 processing /app/data/T0015/222046/b14710b/RBUS/utils/codegen/ccsp_style_generator/sampleapp/codegen/Sample_rbus.h
2025-11-10 16:40:24,331 - Knowledge - INFO - Worker kw18 processing /app/data/T0015/222046/b14710b/RBUS/utils/dataProvider/data/Device.DeviceInfo.X_RDKCENTRAL-COM_xOpsDeviceMgmt.Logging.json
2025-11-10 16:40:24,409 - Knowledge - INFO - Fast-tracked /app/data/T0015/222046/b14710b/RBUS/utils/dataProvider/data/Device.X_COMCAST-COM_Xcalibur.json (ext=.json, size=126)
2025-11-10 16:40:24,487 - Knowledge - INFO - Worker kw20 processing /app/data/T0015/222046/b14710b/RBUS/utils/dataProvider/data/Device.DeviceInfo.X_RDKCENTRAL-COM_xOpsDeviceMgmt.RPC.json
2025-11-10 16:40:24,580 - Knowledge - INFO - Worker kw1 processing /app/data/T0015/222046/b14710b/RBUS/test/rbus/consumer/rbusTestMultiConsumer.c
2025-11-10 16:40:24,693 - Knowledge - INFO - Fast-tracked /app/data/T0015/222046/b14710b/RBUS/test/rbus/multiRbusOpenMethodConsumer/multiRbusOpenMethodConsumer.c (ext=.c, size=7147)
2025-11-10 16:40:24,764 - Knowledge - INFO - Worker kw3 processing /app/data/T0015/222046/b14710b/RBUS/test/rbus/provider/rbusTestProvider.c
2025-11-10 16:40:24,855 - Knowledge - INFO - Fast-tracked /app/data/T0015/222046/b14710b/RBUS/test/core/sample_datamodel.txt (ext=.txt, size=233524)
2025-11-10 16:40:24,926 - Knowledge - INFO - Worker kw5 processing /app/data/T0015/222046/b14710b/RBUS/src/rbus/rbus_valuechange.h
2025-11-10 16:40:25,011 - Knowledge - INFO - Fast-tracked /app/data/T0015/222046/b14710b/RBUS/src/rbus/rbus_log.h (ext=.h, size=1570)
2025-11-10 16:40:25,097 - Knowledge - INFO - Worker kw7 processing /app/data/T0015/222046/b14710b/RBUS/src/core/CMakeLists.txt
2025-11-10 16:40:25,211 - Knowledge - INFO - Worker kw8 processing /app/data/T0015/222046/b14710b/RBUS/src/rtmessage/rtBuffer.h
2025-11-10 16:40:25,282 - Knowledge - INFO - Worker kw9 processing /app/data/T0015/222046/b14710b/RBUS/src/rtmessage/rtBuffer.c
2025-11-10 16:40:25,372 - Knowledge - INFO - Fast-tracked /app/data/T0015/222046/b14710b/RBUS/src/rtmessage/rtSocket.h (ext=.h, size=1397)
2025-11-10 16:40:25,442 - Knowledge - INFO - Worker kw11 processing /app/data/T0015/222046/b14710b/RBUS/include/rbus_property.h
2025-11-10 16:40:25,522 - Knowledge - INFO - Worker kw12 processing /app/data/T0015/222046/b14710b/RBUS/sampleapps/consumer/rbusSampleConsumer.c
2025-11-10 16:40:25,609 - Knowledge - INFO - Worker kw13 processing /app/data/T0015/222046/b14710b/RBUS/sampleapps/provider/rbusGeneralEventProvider.c
2025-11-10 16:40:25,694 - Knowledge - INFO - Fast-tracked /app/data/T0015/222046/b14710b/RBUS/sampleapps/rtmessage/sample_res.c (ext=.c, size=1985)
2025-11-10 16:40:25,775 - Knowledge - INFO - Worker kw15 processing /app/data/T0015/222046/b14710b/RBUS/cmake/Findmsgpack.cmake
2025-11-10 16:40:25,859 - Knowledge - INFO - Worker kw16 processing /app/data/T0015/222046/b14710b/RBUS/utils/codegen/ccsp_style_generator/sampleapp/final/Sample_hal.h
2025-11-10 16:40:25,941 - Knowledge - INFO - Fast-tracked /app/data/T0015/222046/b14710b/RBUS/utils/codegen/ccsp_style_generator/sampleapp/codegen/Sample_rbus.h (ext=.h, size=913)
2025-11-10 16:40:26,022 - Knowledge - INFO - Fast-tracked /app/data/T0015/222046/b14710b/RBUS/utils/dataProvider/data/Device.DeviceInfo.X_RDKCENTRAL-COM_xOpsDeviceMgmt.Logging.json (ext=.json, size=382)
2025-11-10 16:40:26,102 - Knowledge - INFO - Worker kw19 processing /app/data/T0015/222046/b14710b/RBUS/utils/dataProvider/data/Device.WiFi.Radio.json
2025-11-10 16:40:26,194 - Knowledge - INFO - Fast-tracked /app/data/T0015/222046/b14710b/RBUS/utils/dataProvider/data/Device.DeviceInfo.X_RDKCENTRAL-COM_xOpsDeviceMgmt.RPC.json (ext=.json, size=1674)
2025-11-10 16:40:26,263 - Knowledge - INFO - Fast-tracked /app/data/T0015/222046/b14710b/RBUS/test/rbus/consumer/rbusTestMultiConsumer.c (ext=.c, size=7181)
2025-11-10 16:40:26,353 - Knowledge - INFO - Worker kw2 processing /app/data/T0015/222046/b14710b/RBUS/test/rbus/CMakeLists.txt
2025-11-10 16:40:26,449 - Knowledge - INFO - Fast-tracked /app/data/T0015/222046/b14710b/RBUS/test/rbus/provider/rbusTestProvider.c (ext=.c, size=61699)
2025-11-10 16:40:26,549 - Knowledge - INFO - Worker kw4 processing /app/data/T0015/222046/b14710b/RBUS/test/core/nested_server.c
2025-11-10 16:40:26,633 - Knowledge - INFO - Fast-tracked /app/data/T0015/222046/b14710b/RBUS/src/rbus/rbus_valuechange.h (ext=.h, size=1108)
2025-11-10 16:40:26,715 - Knowledge - INFO - Worker kw6 processing /app/data/T0015/222046/b14710b/RBUS/src/rbus/rbus_object.c
2025-11-10 16:40:26,795 - Knowledge - INFO - Fast-tracked /app/data/T0015/222046/b14710b/RBUS/src/core/CMakeLists.txt (ext=.txt, size=1415)
2025-11-10 16:40:26,863 - Knowledge - INFO - Fast-tracked /app/data/T0015/222046/b14710b/RBUS/src/rtmessage/rtBuffer.h (ext=.h, size=1523)
2025-11-10 16:40:26,958 - Knowledge - INFO - Worker kw9 processing /app/data/T0015/222046/b14710b/RBUS/src/rtmessage/rtrouteBase.c
2025-11-10 16:40:27,010 - Knowledge - INFO - Worker kw10 processing /app/data/T0015/222046/b14710b/RBUS/src/rtmessage/rtAdvisory.h
2025-11-10 16:40:27,109 - Knowledge - INFO - Worker kw11 processing /app/data/T0015/222046/b14710b/RBUS/include/rbus_value.h
2025-11-10 16:40:27,219 - Knowledge - INFO - Worker kw12 processing /app/data/T0015/222046/b14710b/RBUS/sampleapps/consumer/rbusEventConsumer.c
2025-11-10 16:40:27,299 - Knowledge - INFO - Worker kw13 processing /app/data/T0015/222046/b14710b/RBUS/sampleapps/provider/rbusRawDataProvider.c
2025-11-10 16:40:27,407 - Knowledge - INFO - Worker kw14 processing /app/data/T0015/222046/b14710b/RBUS/sampleapps/rtmessage/sample_recv.c
2025-11-10 16:40:27,490 - Knowledge - INFO - Fast-tracked /app/data/T0015/222046/b14710b/RBUS/cmake/Findmsgpack.cmake (ext=.cmake, size=1482)
2025-11-10 16:40:27,572 - Knowledge - INFO - Fast-tracked /app/data/T0015/222046/b14710b/RBUS/utils/codegen/ccsp_style_generator/sampleapp/final/Sample_hal.h (ext=.h, size=1647)
2025-11-10 16:40:27,666 - Knowledge - INFO - Worker kw17 processing /app/data/T0015/222046/b14710b/RBUS/utils/dataProvider/dmProviderHost.h
2025-11-10 16:40:27,748 - Knowledge - INFO - Worker kw18 processing /app/data/T0015/222046/b14710b/RBUS/utils/dataProvider/data/Device.WiFi.X_RDKCENTRAL-COM_Camera.json
2025-11-10 16:40:27,821 - Knowledge - INFO - Fast-tracked /app/data/T0015/222046/b14710b/RBUS/utils/dataProvider/data/Device.WiFi.Radio.json (ext=.json, size=683)
2025-11-10 16:40:27,897 - Knowledge - INFO - Worker kw20 processing /app/data/T0015/222046/b14710b/RBUS/utils/dataProvider/data/Device.DeviceInfo.X_RDKCENTRAL-COM_Syndication.json
2025-11-10 16:40:27,969 - Knowledge - INFO - Worker kw1 processing /app/data/T0015/222046/b14710b/RBUS/test/rbus/consumer/valueChange.c
2025-11-10 16:40:28,052 - Knowledge - INFO - Fast-tracked /app/data/T0015/222046/b14710b/RBUS/test/rbus/CMakeLists.txt (ext=.txt, size=7325)
2025-11-10 16:40:28,144 - Knowledge - INFO - Worker kw3 processing /app/data/T0015/222046/b14710b/RBUS/test/rbus/provider/rbusTestMultiProvider.c
2025-11-10 16:40:28,234 - Knowledge - INFO - Fast-tracked /app/data/T0015/222046/b14710b/RBUS/test/core/nested_server.c (ext=.c, size=3964)
2025-11-10 16:40:28,312 - Knowledge - INFO - Worker kw5 processing /app/data/T0015/222046/b14710b/RBUS/src/rbus/rbus_subscriptions.c
2025-11-10 16:40:28,433 - Knowledge - INFO - Worker kw6 processing /app/data/T0015/222046/b14710b/RBUS/src/rbus/rbus_intervalsubscription.h
2025-11-10 16:40:28,522 - Knowledge - INFO - Worker kw7 processing /app/data/T0015/222046/b14710b/RBUS/src/core/rbuscore.h
2025-11-10 16:40:28,599 - Knowledge - INFO - Worker kw8 processing /app/data/T0015/222046/b14710b/RBUS/src/rtmessage/rtrouteBase.h
2025-11-10 16:40:28,668 - Knowledge - INFO - Worker kw9 processing /app/data/T0015/222046/b14710b/RBUS/src/rtmessage/rtsub.c
2025-11-10 16:40:28,839 - Knowledge - INFO - Worker kw11 processing /app/data/T0015/222046/b14710b/RBUS/include/rbus_buffer.h
2025-11-10 16:40:28,765 - Knowledge - INFO - Fast-tracked /app/data/T0015/222046/b14710b/RBUS/src/rtmessage/rtAdvisory.h (ext=.h, size=1191)
2025-11-10 16:40:29,023 - Knowledge - INFO - Worker kw13 processing /app/data/T0015/222046/b14710b/RBUS/sampleapps/provider/utilities.h
2025-11-10 16:40:29,084 - Knowledge - INFO - Fast-tracked /app/data/T0015/222046/b14710b/RBUS/sampleapps/rtmessage/sample_recv.c (ext=.c, size=1872)
2025-11-10 16:40:29,162 - Knowledge - INFO - Worker kw15 processing /app/data/T0015/222046/b14710b/RBUS/cmake/CodeCoverage.cmake
2025-11-10 16:40:29,236 - Knowledge - INFO - Worker kw16 processing /app/data/T0015/222046/b14710b/RBUS/utils/codegen/ccsp_style_generator/sampleapp/final/Sample_rbus.c
2025-11-10 16:40:29,331 - Knowledge - INFO - Worker kw17 processing /app/data/T0015/222046/b14710b/RBUS/utils/dataProvider/dmPropertyInfo.h
2025-11-10 16:40:29,445 - Knowledge - INFO - Fast-tracked /app/data/T0015/222046/b14710b/RBUS/utils/dataProvider/data/Device.WiFi.X_RDKCENTRAL-COM_Camera.json (ext=.json, size=324)
2025-11-10 16:40:29,523 - Knowledge - INFO - Worker kw19 processing /app/data/T0015/222046/b14710b/RBUS/utils/dataProvider/data/Device.DeviceInfo.json
2025-11-10 16:40:29,631 - Knowledge - INFO - Fast-tracked /app/data/T0015/222046/b14710b/RBUS/utils/dataProvider/data/Device.DeviceInfo.X_RDKCENTRAL-COM_Syndication.json (ext=.json, size=238)
2025-11-10 16:40:29,716 - Knowledge - INFO - Fast-tracked /app/data/T0015/222046/b14710b/RBUS/test/rbus/consumer/valueChange.c (ext=.c, size=25814)
2025-11-10 16:40:29,796 - Knowledge - INFO - Worker kw2 processing /app/data/T0015/222046/b14710b/RBUS/test/rbus/multiRbusOpenRbusGetConsumer/multiRbusOpenRbusGetConsumer.c
2025-11-10 16:40:29,856 - Knowledge - INFO - Fast-tracked /app/data/T0015/222046/b14710b/RBUS/sampleapps/consumer/rbusBlockingConsumer.c (small file (2960 bytes))
2025-11-10 16:40:29,883 - Knowledge - INFO - Fast-tracked /app/data/T0015/222046/b14710b/RBUS/test/rbus/provider/rbusTestMultiProvider.c (ext=.c, size=10938)
2025-11-10 16:40:29,946 - Knowledge - INFO - Worker kw4 processing /app/data/T0015/222046/b14710b/RBUS/test/core/benchmark_test/rbus_benchmark_test_app.cpp
2025-11-10 16:40:30,027 - Knowledge - INFO - Worker kw5 processing /app/data/T0015/222046/b14710b/RBUS/src/rbus/rbus_asyncsubscribe.c
2025-11-10 16:40:30,099 - Knowledge - INFO - Fast-tracked /app/data/T0015/222046/b14710b/RBUS/src/rbus/rbus_intervalsubscription.h (ext=.h, size=1110)
2025-11-10 16:40:30,168 - Knowledge - INFO - Worker kw7 processing /app/data/T0015/222046/b14710b/RBUS/src/core/rbuscore_message.h
2025-11-10 16:40:30,249 - Knowledge - INFO - Fast-tracked /app/data/T0015/222046/b14710b/RBUS/src/rtmessage/rtMemory.c (small file (2503 bytes))
2025-11-10 16:40:30,348 - Knowledge - INFO - Worker kw9 processing /app/data/T0015/222046/b14710b/RBUS/src/rtmessage/rtMessage.h
2025-11-10 16:40:30,428 - Knowledge - INFO - Worker kw11 processing /app/data/T0015/222046/b14710b/RBUS/include/rbus_filter.h
2025-11-10 16:40:30,493 - Knowledge - INFO - Worker kw10 processing /app/data/T0015/222046/b14710b/RBUS/src/rtmessage/diag_probe.c
2025-11-10 16:40:30,572 - Knowledge - INFO - Fast-tracked /app/data/T0015/222046/b14710b/RBUS/sampleapps/provider/utilities.h (ext=.h, size=1377)
2025-11-10 16:40:30,641 - Knowledge - INFO - Worker kw14 processing /app/data/T0015/222046/b14710b/RBUS/sampleapps/rtmessage/sample_req.c
2025-11-10 16:40:30,729 - Knowledge - INFO - Worker kw15 processing /app/data/T0015/222046/b14710b/RBUS/cmake/Findlinenoise.cmake
2025-11-10 16:40:30,836 - Knowledge - INFO - Worker kw16 processing /app/data/T0015/222046/b14710b/RBUS/utils/codegen/ccsp_style_generator/sampleapp/final/Sample_app.c
2025-11-10 16:40:30,938 - Knowledge - INFO - Fast-tracked /app/data/T0015/222046/b14710b/RBUS/utils/dataProvider/dmPropertyInfo.h (ext=.h, size=1720)
2025-11-10 16:40:31,019 - Knowledge - INFO - Worker kw18 processing /app/data/T0015/222046/b14710b/RBUS/utils/dataProvider/data/Device.X_RDKCENTRAL-COM_Camera.XW.json
2025-11-10 16:40:31,094 - Knowledge - INFO - Fast-tracked /app/data/T0015/222046/b14710b/RBUS/utils/dataProvider/data/Device.DeviceInfo.json (ext=.json, size=1811)
2025-11-10 16:40:31,160 - Knowledge - INFO - Worker kw20 processing /app/data/T0015/222046/b14710b/RBUS/utils/dataProvider/data/Device.DeviceInfo.X_RDKCENTRAL-COM_RFC.Feature.json
2025-11-10 16:40:31,242 - Knowledge - INFO - Worker kw1 processing /app/data/T0015/222046/b14710b/RBUS/test/rbus/consumer/tables.c
2025-11-10 16:40:31,325 - Knowledge - INFO - Fast-tracked /app/data/T0015/222046/b14710b/RBUS/test/rbus/multiRbusOpenRbusGetConsumer/multiRbusOpenRbusGetConsumer.c (ext=.c, size=2849)
2025-11-10 16:40:31,500 - Knowledge - INFO - Worker kw3 processing /app/data/T0015/222046/b14710b/RBUS/test/rbus/multiRbusOpenEventConsumer/multiRbusOpenEventConsumer.c
2025-11-10 16:40:31,580 - Knowledge - INFO - Fast-tracked /app/data/T0015/222046/b14710b/RBUS/test/core/benchmark_test/rbus_benchmark_test_app.cpp (ext=.cpp, size=11658)
2025-11-10 16:40:31,668 - Knowledge - INFO - Worker kw5 processing /app/data/T0015/222046/b14710b/RBUS/src/rbus/rbus_filter.c
2025-11-10 16:40:31,847 - Knowledge - INFO - Worker kw7 processing /app/data/T0015/222046/b14710b/RBUS/src/core/rbuscore_types.h
2025-11-10 16:40:32,043 - Knowledge - INFO - Worker kw9 processing /app/data/T0015/222046/b14710b/RBUS/src/rtmessage/rtError.c
2025-11-10 16:40:32,123 - Knowledge - INFO - Worker kw11 processing /app/data/T0015/222046/b14710b/RBUS/sampleapps/consumer/rbusDirectConsumer.c
2025-11-10 16:40:32,196 - Knowledge - INFO - Worker kw10 processing /app/data/T0015/222046/b14710b/RBUS/src/rtmessage/rtString.h
2025-11-10 16:40:32,260 - Knowledge - INFO - Worker kw13 processing /app/data/T0015/222046/b14710b/RBUS/sampleapps/provider/rbusSampleTableProvider.c
2025-11-10 16:40:32,344 - Knowledge - INFO - Fast-tracked /app/data/T0015/222046/b14710b/RBUS/sampleapps/rtmessage/sample_req.c (ext=.c, size=1704)
2025-11-10 16:40:32,470 - Knowledge - INFO - Fast-tracked /app/data/T0015/222046/b14710b/RBUS/cmake/Findlinenoise.cmake (ext=.cmake, size=1509)
2025-11-10 16:40:32,557 - Knowledge - INFO - Fast-tracked /app/data/T0015/222046/b14710b/RBUS/utils/codegen/ccsp_style_generator/sampleapp/final/Sample_app.c (ext=.c, size=1319)
2025-11-10 16:40:32,637 - Knowledge - INFO - Worker kw17 processing /app/data/T0015/222046/b14710b/RBUS/utils/dataProvider/dmValue.h
2025-11-10 16:40:32,746 - Knowledge - INFO - Fast-tracked /app/data/T0015/222046/b14710b/RBUS/utils/dataProvider/data/Device.X_RDKCENTRAL-COM_Camera.XW.json (ext=.json, size=426)
2025-11-10 16:40:32,811 - Knowledge - INFO - Worker kw19 processing /app/data/T0015/222046/b14710b/RBUS/utils/dataProvider/data/Device.WiFi.EndPoint.Security.json
2025-11-10 16:40:32,916 - Knowledge - INFO - Fast-tracked /app/data/T0015/222046/b14710b/RBUS/utils/dataProvider/data/Device.DeviceInfo.X_RDKCENTRAL-COM_RFC.Feature.json (ext=.json, size=247)
2025-11-10 16:40:33,014 - Knowledge - INFO - Fast-tracked /app/data/T0015/222046/b14710b/RBUS/test/rbus/consumer/tables.c (ext=.c, size=19635)
2025-11-10 16:40:33,092 - Knowledge - INFO - Worker kw2 processing /app/data/T0015/222046/b14710b/RBUS/test/rbus/common/runningParamHelper.h
2025-11-10 16:40:33,168 - Knowledge - INFO - Fast-tracked /app/data/T0015/222046/b14710b/RBUS/test/rbus/multiRbusOpenEventConsumer/multiRbusOpenEventConsumer.c (ext=.c, size=4268)
2025-11-10 16:40:33,246 - Knowledge - INFO - Worker kw4 processing /app/data/T0015/222046/b14710b/RBUS/test/core/benchmark_test/CMakeLists.txt
2025-11-10 16:40:33,320 - Knowledge - INFO - Worker kw5 processing /app/data/T0015/222046/b14710b/RBUS/src/rbus/rbus_buffer.c
2025-11-10 16:40:33,403 - Knowledge - INFO - Worker kw7 processing /app/data/T0015/222046/b14710b/RBUS/src/rtmessage/rtSemaphore.h
2025-11-10 16:40:33,505 - Knowledge - INFO - Worker kw9 processing /app/data/T0015/222046/b14710b/RBUS/src/rtmessage/rtrouter_diag.h
2025-11-10 16:40:33,654 - Knowledge - INFO - Fast-tracked /app/data/T0015/222046/b14710b/RBUS/src/rtmessage/rtString.h (ext=.h, size=358)
2025-11-10 16:40:33,735 - Knowledge - INFO - Worker kw13 processing /app/data/T0015/222046/b14710b/RBUS/sampleapps/provider/rbusEventProvider.c
2025-11-10 16:40:33,813 - Knowledge - INFO - Worker kw14 processing /app/data/T0015/222046/b14710b/RBUS/sampleapps/rtmessage/CMakeLists.txt
2025-11-10 16:40:33,914 - Knowledge - INFO - Worker kw15 processing /app/data/T0015/222046/b14710b/RBUS/cmake/Findrdklogger.cmake
2025-11-10 16:40:34,009 - Knowledge - INFO - Worker kw16 processing /app/data/T0015/222046/b14710b/RBUS/utils/codegen/ccsp_style_generator/sampleapp/final/Sample_rbus.h
2025-11-10 16:40:34,084 - Knowledge - INFO - Worker kw17 processing /app/data/T0015/222046/b14710b/RBUS/utils/dataProvider/dmQueryResult.h
2025-11-10 16:40:34,164 - Knowledge - INFO - Worker kw18 processing /app/data/T0015/222046/b14710b/RBUS/utils/dataProvider/data/Device.DeviceInfo.X_RDKCENTRAL-COM_RFC.Feature.AccountInfo.json
2025-11-10 16:40:34,253 - Knowledge - INFO - Fast-tracked /app/data/T0015/222046/b14710b/RBUS/utils/dataProvider/data/Device.WiFi.EndPoint.Security.json (ext=.json, size=229)
2025-11-10 16:40:34,317 - Knowledge - INFO - Worker kw20 processing /app/data/T0015/222046/b14710b/RBUS/utils/dataProvider/data/Device.WiFi.EndPoint.Stats.json
2025-11-10 16:40:34,329 - Knowledge - INFO - Fast-tracked /app/data/T0015/222046/b14710b/RBUS/src/rtmessage/rtList.h (small file (2707 bytes))
2025-11-10 16:40:34,400 - Knowledge - INFO - Worker kw1 processing /app/data/T0015/222046/b14710b/RBUS/test/rbus/consumer/objectAPI.c
2025-11-10 16:40:34,486 - Knowledge - INFO - Fast-tracked /app/data/T0015/222046/b14710b/RBUS/test/rbus/common/runningParamHelper.h (ext=.h, size=1130)
2025-11-10 16:40:34,553 - Knowledge - INFO - Worker kw3 processing /app/data/T0015/222046/b14710b/RBUS/test/rbus/rbusTestElementTree.c
2025-11-10 16:40:34,623 - Knowledge - INFO - Fast-tracked /app/data/T0015/222046/b14710b/RBUS/test/core/benchmark_test/CMakeLists.txt (ext=.txt, size=1392)
2025-11-10 16:40:34,925 - Knowledge - INFO - Fast-tracked /app/data/T0015/222046/b14710b/RBUS/src/rtmessage/rtrouter_diag.h (ext=.h, size=1943)
2025-11-10 16:40:35,019 - Knowledge - INFO - Worker kw10 processing /app/data/T0015/222046/b14710b/RBUS/src/rtmessage/rtDebug.h
2025-11-10 16:40:35,107 - Knowledge - INFO - Worker kw13 processing /app/data/T0015/222046/b14710b/RBUS/sampleapps/provider/rbusSampleProvider.c
2025-11-10 16:40:35,194 - Knowledge - INFO - Fast-tracked /app/data/T0015/222046/b14710b/RBUS/sampleapps/rtmessage/CMakeLists.txt (ext=.txt, size=1850)
2025-11-10 16:40:35,259 - Knowledge - INFO - Fast-tracked /app/data/T0015/222046/b14710b/RBUS/cmake/Findrdklogger.cmake (ext=.cmake, size=1500)
2025-11-10 16:40:35,375 - Knowledge - INFO - Fast-tracked /app/data/T0015/222046/b14710b/RBUS/utils/codegen/ccsp_style_generator/sampleapp/final/Sample_rbus.h (ext=.h, size=913)
2025-11-10 16:40:35,489 - Knowledge - INFO - Worker kw17 processing /app/data/T0015/222046/b14710b/RBUS/utils/dataProvider/dmError.cpp
2025-11-10 16:40:35,555 - Knowledge - INFO - Fast-tracked /app/data/T0015/222046/b14710b/RBUS/utils/dataProvider/data/Device.DeviceInfo.X_RDKCENTRAL-COM_RFC.Feature.AccountInfo.json (ext=.json, size=250)
2025-11-10 16:40:35,627 - Knowledge - INFO - Worker kw19 processing /app/data/T0015/222046/b14710b/RBUS/utils/dataProvider/data/Device.Services.json
2025-11-10 16:40:35,716 - Knowledge - INFO - Fast-tracked /app/data/T0015/222046/b14710b/RBUS/utils/dataProvider/data/Device.WiFi.EndPoint.Stats.json (ext=.json, size=226)
2025-11-10 16:40:35,881 - Knowledge - INFO - Fast-tracked /app/data/T0015/222046/b14710b/RBUS/test/rbus/consumer/objectAPI.c (ext=.c, size=6342)
2025-11-10 16:40:35,955 - Knowledge - INFO - Worker kw2 processing /app/data/T0015/222046/b14710b/RBUS/test/rbus/common/test_macros.h
2025-11-10 16:40:36,051 - Knowledge - INFO - Fast-tracked /app/data/T0015/222046/b14710b/RBUS/test/rbus/rbusTestElementTree.c (ext=.c, size=4973)
2025-11-10 16:40:36,122 - Knowledge - INFO - Worker kw4 processing /app/data/T0015/222046/b14710b/RBUS/test/core/benchmark_test/rbus_test_util.h
2025-11-10 16:40:36,282 - Knowledge - INFO - Fast-tracked /app/data/T0015/222046/b14710b/RBUS/src/rtmessage/rtDebug.h (ext=.h, size=1058)
2025-11-10 16:40:36,424 - Knowledge - INFO - Fast-tracked /app/data/T0015/222046/b14710b/RBUS/sampleapps/provider/rbusValueChangeMultiProvider.c (small file (2998 bytes))
2025-11-10 16:40:36,536 - Knowledge - INFO - Worker kw15 processing /app/data/T0015/222046/b14710b/RBUS/cmake/FindcJSON.cmake
2025-11-10 16:40:36,604 - Knowledge - INFO - Worker kw16 processing /app/data/T0015/222046/b14710b/RBUS/utils/codegen/ccsp_style_generator/sampleapp/final/Sample_hal.c
2025-11-10 16:40:36,690 - Knowledge - INFO - Fast-tracked /app/data/T0015/222046/b14710b/RBUS/utils/dataProvider/dmError.cpp (ext=.cpp, size=1343)
2025-11-10 16:40:36,755 - Knowledge - INFO - Worker kw18 processing /app/data/T0015/222046/b14710b/RBUS/utils/dataProvider/data/Device.json
2025-11-10 16:40:36,827 - Knowledge - INFO - Fast-tracked /app/data/T0015/222046/b14710b/RBUS/utils/dataProvider/data/Device.Services.json (ext=.json, size=109)
2025-11-10 16:40:36,902 - Knowledge - INFO - Worker kw20 processing /app/data/T0015/222046/b14710b/RBUS/utils/dataProvider/data/Device.X_RDKCENTRAL-COM_Camera.LiveStream.EvoStream.json
2025-11-10 16:40:37,065 - Knowledge - INFO - Fast-tracked /app/data/T0015/222046/b14710b/RBUS/test/rbus/common/test_macros.h (ext=.h, size=3525)
2025-11-10 16:40:37,125 - Knowledge - INFO - Processing batch of 15 files
2025-11-10 16:40:37,136 - Knowledge - INFO - Worker kw3 processing /app/data/T0015/222046/b14710b/RBUS/test/CMakeLists.txt
2025-11-10 16:40:37,208 - Knowledge - INFO - Fast-tracked /app/data/T0015/222046/b14710b/RBUS/test/core/benchmark_test/rbus_test_util.h (ext=.h, size=3533)
2025-11-10 16:40:37,287 - Knowledge - INFO - Worker kw10 processing /app/data/T0015/222046/b14710b/RBUS/src/rtmessage/rtList.c
2025-11-10 16:40:37,435 - Knowledge - INFO - Fast-tracked /app/data/T0015/222046/b14710b/RBUS/cmake/FindcJSON.cmake (ext=.cmake, size=1630)
2025-11-10 16:40:37,510 - Knowledge - INFO - Worker kw16 processing /app/data/T0015/222046/b14710b/RBUS/utils/codegen/ccsp_style_generator/sampleapp/codegen.sh
2025-11-10 16:40:37,577 - Knowledge - INFO - Worker kw17 processing /app/data/T0015/222046/b14710b/RBUS/utils/dataProvider/dmProvider.h
2025-11-10 16:40:37,680 - Knowledge - INFO - Fast-tracked /app/data/T0015/222046/b14710b/RBUS/utils/dataProvider/data/Device.json (ext=.json, size=373)
2025-11-10 16:40:37,749 - Knowledge - INFO - Worker kw19 processing /app/data/T0015/222046/b14710b/RBUS/utils/dataProvider/data/Device.DeviceInfo.X_RDKCENTRAL-COM_xOpsDeviceMgmt.RPC.Feature.ManageableNotification.json
2025-11-10 16:40:37,883 - Knowledge - INFO - Fast-tracked /app/data/T0015/222046/b14710b/RBUS/utils/dataProvider/data/Device.X_RDKCENTRAL-COM_Camera.LiveStream.EvoStream.json (ext=.json, size=630)
2025-11-10 16:40:38,727 - Knowledge - INFO - Fast-tracked /app/data/T0015/222046/b14710b/RBUS/utils/dataProvider/data/Device.DeviceInfo.X_RDKCENTRAL-COM_xOpsDeviceMgmt.RPC.Feature.ManageableNotification.json (ext=.json, size=282)
2025-11-10 16:40:38,040 - Knowledge - INFO - process ingested knowledge for /app/data/T0015/222046/b14710b/RBUS/test/rbus/multiRbusOpenRbusGetProvider/multiRbusOpenRbusGetProvider.c
2025-11-10 16:40:38,117 - Knowledge - INFO - Fast-tracked /app/data/T0015/222046/b14710b/RBUS/test/CMakeLists.txt (ext=.txt, size=965)
2025-11-10 16:40:38,178 - Knowledge - INFO - Worker kw4 processing /app/data/T0015/222046/b14710b/RBUS/test/core/benchmark_test/rbus_test_util.c
2025-11-10 16:40:38,337 - Knowledge - INFO - Worker kw15 processing /app/data/T0015/222046/b14710b/RBUS/utils/rbuscli/CMakeLists.txt
2025-11-10 16:40:38,417 - Knowledge - INFO - Fast-tracked /app/data/T0015/222046/b14710b/RBUS/utils/codegen/ccsp_style_generator/sampleapp/codegen.sh (ext=.sh, size=1149)
2025-11-10 16:40:38,520 - Knowledge - INFO - Worker kw17 processing /app/data/T0015/222046/b14710b/RBUS/utils/dataProvider/dmProviderDatabase.cpp
2025-11-10 16:40:38,639 - Knowledge - INFO - Worker kw18 processing /app/data/T0015/222046/b14710b/RBUS/utils/dataProvider/data/Device.DeviceInfo.X_RDKCENTRAL-COM_xOpsDeviceMgmt.RPC.Feature.json
2025-11-10 16:40:38,027 - Knowledge - INFO - Processing batch of 15 files
2025-11-10 16:40:38,807 - Knowledge - INFO - Worker kw20 processing /app/data/T0015/222046/b14710b/RBUS/utils/dataProvider/data/Device.X_COMCAST-COM_Xcalibur.Client.json
2025-11-10 16:40:38,882 - Knowledge - INFO - Worker kw19 processing /app/data/T0015/222046/b14710b/RBUS/utils/dataProvider/data/Device.DeviceInfo.X_RDKCENTRAL-COM_RFC.Control.json
2025-11-10 16:40:38,953 - Knowledge - INFO - process ingested knowledge for /app/data/T0015/222046/b14710b/RBUS/test/rbus/rbusGetExtSetMulti/testSetMultiConsumer.c
2025-11-10 16:40:39,162 - Knowledge - INFO - Processing batch of 15 files
2025-11-10 16:40:39,164 - Knowledge - INFO - Fast-tracked /app/data/T0015/222046/b14710b/RBUS/test/core/benchmark_test/rbus_test_util.c (ext=.c, size=9224)
2025-11-10 16:40:39,237 - Knowledge - INFO - Fast-tracked /app/data/T0015/222046/b14710b/RBUS/utils/rbuscli/CMakeLists.txt (ext=.txt, size=1452)
2025-11-10 16:40:39,310 - Knowledge - INFO - Worker kw16 processing /app/data/T0015/222046/b14710b/RBUS/utils/codegen/ccsp_style_generator/sampleapp/Sample_dm.xml
2025-11-10 16:40:39,453 - Knowledge - INFO - Worker kw17 processing /app/data/T0015/222046/b14710b/RBUS/utils/dataProvider/dmcli.cpp
2025-11-10 16:40:39,531 - Knowledge - INFO - Fast-tracked /app/data/T0015/222046/b14710b/RBUS/utils/dataProvider/data/Device.DeviceInfo.X_RDKCENTRAL-COM_xOpsDeviceMgmt.RPC.Feature.json (ext=.json, size=169)
2025-11-10 16:40:39,611 - Knowledge - INFO - process ingested knowledge for /app/data/T0015/222046/b14710b/RBUS/test/rbus/consumer/events.c
2025-11-10 16:40:39,728 - Knowledge - INFO - Fast-tracked /app/data/T0015/222046/b14710b/RBUS/utils/dataProvider/data/Device.X_COMCAST-COM_Xcalibur.Client.json (ext=.json, size=234)
2025-11-10 16:40:39,806 - Knowledge - INFO - Fast-tracked /app/data/T0015/222046/b14710b/RBUS/utils/dataProvider/data/Device.DeviceInfo.X_RDKCENTRAL-COM_RFC.Control.json (ext=.json, size=247)
2025-11-10 16:40:39,894 - Knowledge - INFO - process ingested knowledge for /app/data/T0015/222046/b14710b/RBUS/test/rbus/rbusGetExtSetMulti/testSetMultiProvider.c
2025-11-10 16:40:39,963 - Knowledge - INFO - process ingested knowledge for /app/data/T0015/222046/b14710b/RBUS/test/rbus/common/testValueHelper.c
2025-11-10 16:40:40,116 - Knowledge - INFO - Worker kw15 processing /app/data/T0015/222046/b14710b/RBUS/utils/rbuscli/rbuscli.c
2025-11-10 16:40:40,137 - Knowledge - INFO - Processing batch of 15 files
2025-11-10 16:40:40,199 - Knowledge - INFO - Fast-tracked /app/data/T0015/222046/b14710b/RBUS/utils/codegen/ccsp_style_generator/sampleapp/Sample_dm.xml (ext=.xml, size=9860)
2025-11-10 16:40:40,345 - Knowledge - INFO - Worker kw18 processing /app/data/T0015/222046/b14710b/RBUS/utils/dataProvider/data/Device.X_RDKCENTRAL-COM_Camera.Stream.Zoom.json
2025-11-10 16:40:40,455 - Knowledge - INFO - process ingested knowledge for /app/data/T0015/222046/b14710b/RBUS/test/rbus/consumer/value.c
2025-11-10 16:40:40,545 - Knowledge - INFO - Worker kw20 processing /app/data/T0015/222046/b14710b/RBUS/utils/dataProvider/data/Device.X_RDKCENTRAL-COM_Camera.LiveStream.json
2025-11-10 16:40:40,656 - Knowledge - INFO - Worker kw19 processing /app/data/T0015/222046/b14710b/RBUS/utils/dataProvider/data/Device.WiFi.X_RDKCENTRAL-COM_Lnf.EapTls.json
2025-11-10 16:40:40,734 - Knowledge - INFO - process ingested knowledge for /app/data/T0015/222046/b14710b/RBUS/test/rbus/rbus_test.sh
2025-11-10 16:40:40,834 - Knowledge - INFO - process ingested knowledge for /app/data/T0015/222046/b14710b/RBUS/test/rbus/common/runningParamHelper.c
2025-11-10 16:40:40,903 - Knowledge - INFO - Fast-tracked /app/data/T0015/222046/b14710b/RBUS/utils/rbuscli/rbuscli.c (ext=.c, size=101402)
2025-11-10 16:40:40,984 - Knowledge - INFO - process ingested knowledge for /app/data/T0015/222046/b14710b/RBUS/test/core/bin_server.c
2025-11-10 16:40:41,150 - Knowledge - INFO - Fast-tracked /app/data/T0015/222046/b14710b/RBUS/utils/dataProvider/data/Device.X_RDKCENTRAL-COM_Camera.Stream.Zoom.json (ext=.json, size=723)
2025-11-10 16:40:41,266 - Knowledge - INFO - process ingested knowledge for /app/data/T0015/222046/b14710b/RBUS/test/rbus/consumer/rbusTestConsumer.c
2025-11-10 16:40:41,347 - Knowledge - INFO - Fast-tracked /app/data/T0015/222046/b14710b/RBUS/utils/dataProvider/data/Device.X_RDKCENTRAL-COM_Camera.LiveStream.json (ext=.json, size=133)
2025-11-10 16:40:41,422 - Knowledge - INFO - Fast-tracked /app/data/T0015/222046/b14710b/RBUS/utils/dataProvider/data/Device.WiFi.X_RDKCENTRAL-COM_Lnf.EapTls.json (ext=.json, size=228)
2025-11-10 16:40:41,496 - Knowledge - INFO - process ingested knowledge for /app/data/T0015/222046/b14710b/RBUS/test/rbus/multiRbusOpenProvider/rbusOpenRegRbusOpenProvider.c
2025-11-10 16:40:41,607 - Knowledge - INFO - process ingested knowledge for /app/data/T0015/222046/b14710b/RBUS/test/rbus/common/testValueHelper.h
2025-11-10 16:40:41,778 - Knowledge - INFO - process ingested knowledge for /app/data/T0015/222046/b14710b/RBUS/test/core/bin_client.c
2025-11-10 16:40:41,856 - Knowledge - INFO - Worker kw18 processing /app/data/T0015/222046/b14710b/RBUS/utils/dataProvider/data/Device.WiFi.Router.json
2025-11-10 16:40:41,925 - Knowledge - INFO - process ingested knowledge for /app/data/T0015/222046/b14710b/RBUS/test/rbus/consumer/methods.c
2025-11-10 16:40:42,036 - Knowledge - INFO - Worker kw20 processing /app/data/T0015/222046/b14710b/RBUS/utils/dataProvider/data/Device.WiFi.X_RDKCENTRAL-COM_BandSteering.json
2025-11-10 16:40:42,119 - Knowledge - INFO - Worker kw19 processing /app/data/T0015/222046/b14710b/RBUS/utils/dataProvider/data/Device.Services.X_RDKCENTRAL-COM_Overlay.json
2025-11-10 16:40:42,190 - Knowledge - INFO - process ingested knowledge for /app/data/T0015/222046/b14710b/RBUS/test/rbus/multiRbusOpenProvider/multiRbusOpenProvider.c
2025-11-10 16:40:42,261 - Knowledge - INFO - process ingested knowledge for /app/data/T0015/222046/b14710b/RBUS/test/rbus/multiRbusOpenConsumer/multiRbusOpenConsumer.c
2025-11-10 16:40:42,332 - Knowledge - INFO - process ingested knowledge for /app/data/T0015/222046/b14710b/RBUS/test/core/test_obj_lookup.c
2025-11-10 16:40:42,412 - Knowledge - INFO - Fast-tracked /app/data/T0015/222046/b14710b/RBUS/utils/dataProvider/data/Device.WiFi.Router.json (ext=.json, size=210)
2025-11-10 16:40:42,471 - Knowledge - INFO - process ingested knowledge for /app/data/T0015/222046/b14710b/RBUS/test/rbus/consumer/subscribe.c
2025-11-10 16:40:42,586 - Knowledge - INFO - Fast-tracked /app/data/T0015/222046/b14710b/RBUS/utils/dataProvider/data/Device.WiFi.X_RDKCENTRAL-COM_BandSteering.json (ext=.json, size=322)
2025-11-10 16:40:42,673 - Knowledge - INFO - Fast-tracked /app/data/T0015/222046/b14710b/RBUS/utils/dataProvider/data/Device.Services.X_RDKCENTRAL-COM_Overlay.json (ext=.json, size=540)
2025-11-10 16:40:42,742 - Knowledge - INFO - process ingested knowledge for /app/data/T0015/222046/b14710b/RBUS/test/rbus/multiProviderThreadsForSingleEvent/multiProviderThreadsForSingleEvent.c
2025-11-10 16:40:42,858 - Knowledge - INFO - process ingested knowledge for /app/data/T0015/222046/b14710b/RBUS/test/rbus/multiRbusOpenConsumer/rbusOpenSubRbusOpenConsumer.c
2025-11-10 16:40:42,948 - Knowledge - INFO - process ingested knowledge for /app/data/T0015/222046/b14710b/RBUS/test/core/sample_wildcard_server2.c
2025-11-10 16:40:43,046 - Knowledge - INFO - Worker kw18 processing /app/data/T0015/222046/b14710b/RBUS/utils/dataProvider/data/Device.WiFi.EndPoint.json
2025-11-10 16:40:43,141 - Knowledge - INFO - process ingested knowledge for /app/data/T0015/222046/b14710b/RBUS/test/rbus/consumer/partialPath.c
2025-11-10 16:40:43,223 - Knowledge - INFO - Worker kw20 processing /app/data/T0015/222046/b14710b/RBUS/utils/dataProvider/data/Device.WiFi.json
2025-11-10 16:40:43,296 - Knowledge - INFO - Worker kw19 processing /app/data/T0015/222046/b14710b/RBUS/utils/dataProvider/data/Device.DeviceInfo.X_RDKCENTRAL-COM_RFC.Feature.DisableCrashPortalFallback.json
2025-11-10 16:40:43,365 - Knowledge - INFO - process ingested knowledge for /app/data/T0015/222046/b14710b/RBUS/test/rbus/consumer/subscribeEx.c
2025-11-10 16:40:43,455 - Knowledge - INFO - process ingested knowledge for /app/data/T0015/222046/b14710b/RBUS/test/rbus/multiRbusOpenMethodProvider/multiRbusOpenMethodProvider.c
2025-11-10 16:40:43,525 - Knowledge - INFO - process ingested knowledge for /app/data/T0015/222046/b14710b/RBUS/test/core/sample_wildcard_server.c
2025-11-10 16:40:43,610 - Knowledge - INFO - Fast-tracked /app/data/T0015/222046/b14710b/RBUS/utils/dataProvider/data/Device.WiFi.EndPoint.json (ext=.json, size=1176)
2025-11-10 16:40:43,682 - Knowledge - INFO - process ingested knowledge for /app/data/T0015/222046/b14710b/RBUS/test/rbus/consumer/elementTree.c
2025-11-10 16:40:43,763 - Knowledge - INFO - Fast-tracked /app/data/T0015/222046/b14710b/RBUS/utils/dataProvider/data/Device.WiFi.json (ext=.json, size=1718)
2025-11-10 16:40:43,846 - Knowledge - INFO - Fast-tracked /app/data/T0015/222046/b14710b/RBUS/utils/dataProvider/data/Device.DeviceInfo.X_RDKCENTRAL-COM_RFC.Feature.DisableCrashPortalFallback.json (ext=.json, size=267)
2025-11-10 16:40:43,920 - Knowledge - INFO - process ingested knowledge for /app/data/T0015/222046/b14710b/RBUS/test/rbus/consumer/propertyAPI.c
2025-11-10 16:40:43,997 - Knowledge - INFO - process ingested knowledge for /app/data/T0015/222046/b14710b/RBUS/test/rbus/multiRbusOpenRbusSetConsumer/multiRbusOpenRbusSetConsumer.c
2025-11-10 16:40:44,101 - Knowledge - INFO - process ingested knowledge for /app/data/T0015/222046/b14710b/RBUS/test/core/sample_event_client.c
2025-11-10 16:40:44,176 - Knowledge - INFO - Worker kw18 processing /app/data/T0015/222046/b14710b/RBUS/utils/dataProvider/data/Device.DeviceInfo.X_RDKCENTRAL-COM_xOpsDeviceMgmt.RPC.Feature.HDR.json
2025-11-10 16:40:44,245 - Knowledge - INFO - process ingested knowledge for /app/data/T0015/222046/b14710b/RBUS/test/rbus/consumer/filter.c
2025-11-10 16:40:44,368 - Knowledge - INFO - Processing batch of 10 files
2025-11-10 16:40:44,476 - Knowledge - INFO - Worker kw19 processing /app/data/T0015/222046/b14710b/RBUS/utils/dataProvider/data/Device.WiFi.SSID.json
2025-11-10 16:40:44,561 - Knowledge - INFO - process ingested knowledge for /app/data/T0015/222046/b14710b/RBUS/test/rbus/consumer/rbusRecoveryConsumer.c
2025-11-10 16:40:44,667 - Knowledge - INFO - process ingested knowledge for /app/data/T0015/222046/b14710b/RBUS/test/rbus/multiConsumerThreadsForSingleEvent/multiConsumerThreadsForSingleEvent.c
2025-11-10 16:40:44,756 - Knowledge - INFO - process ingested knowledge for /app/data/T0015/222046/b14710b/RBUS/test/core/every_client.c
2025-11-10 16:40:44,852 - Knowledge - INFO - Fast-tracked /app/data/T0015/222046/b14710b/RBUS/utils/dataProvider/data/Device.DeviceInfo.X_RDKCENTRAL-COM_xOpsDeviceMgmt.RPC.Feature.HDR.json (ext=.json, size=264)
2025-11-10 16:40:44,922 - Knowledge - INFO - process ingested knowledge for /app/data/T0015/222046/b14710b/RBUS/test/rbus/rbusTestValue.c
2025-11-10 16:40:45,000 - Knowledge - INFO - process ingested knowledge for /app/data/T0015/222046/b14710b/RBUS/utils/dataProvider/data/Device.WiFi.X_RDKCENTRAL-COM_BandSteering.BandSetting.json
2025-11-10 16:40:45,082 - Knowledge - INFO - Fast-tracked /app/data/T0015/222046/b14710b/RBUS/utils/dataProvider/data/Device.WiFi.SSID.json (ext=.json, size=217)
2025-11-10 16:40:45,115 - Knowledge - INFO - Fast-tracked /app/data/T0015/222046/b14710b/RBUS/src/rtmessage/rtError.h (small file (2755 bytes))
2025-11-10 16:40:45,150 - Knowledge - INFO - process ingested knowledge for /app/data/T0015/222046/b14710b/RBUS/test/rbus/consumer/valueAPI.c
2025-11-10 16:40:45,253 - Knowledge - INFO - process ingested knowledge for /app/data/T0015/222046/b14710b/RBUS/test/rbus/rbusTestTimeoutValues/testTimeoutValuesConsumer.c
2025-11-10 16:40:45,336 - Knowledge - INFO - process ingested knowledge for /app/data/T0015/222046/b14710b/RBUS/test/core/sample_event_server.c
2025-11-10 16:40:45,419 - Knowledge - INFO - Processing batch of 12 files
2025-11-10 16:40:45,508 - Knowledge - INFO - process ingested knowledge for /app/data/T0015/222046/b14710b/RBUS/test/rbus/multiRbusOpenEventProvider/multiRbusOpenEventProvider.c
2025-11-10 16:40:45,617 - Knowledge - INFO - process ingested knowledge for /app/data/T0015/222046/b14710b/RBUS/utils/dataProvider/data/Device.DeviceInfo.X_RDKCENTRAL-COM_xOpsDeviceMgmt.RPC.json
2025-11-10 16:40:45,690 - Knowledge - INFO - Processing batch of 12 files
2025-11-10 16:40:45,833 - Knowledge - INFO - process ingested knowledge for /app/data/T0015/222046/b14710b/RBUS/test/rbus/consumer/rbusTestMultiConsumer.c
2025-11-10 16:40:45,909 - Knowledge - INFO - process ingested knowledge for /app/data/T0015/222046/b14710b/RBUS/test/rbus/rbusTestTimeoutValues/testTimeoutValuesProvider.c
2025-11-10 16:40:45,982 - Knowledge - INFO - process ingested knowledge for /app/data/T0015/222046/b14710b/RBUS/test/core/sample_wildcard_client.c
2025-11-10 16:40:46,044 - Knowledge - INFO - process ingested knowledge for /app/data/T0015/222046/b14710b/RBUS/utils/dataProvider/data/Device.X_RDKCENTRAL-COM_Camera.Thumbnail.Upload.json
2025-11-10 16:40:46,145 - Knowledge - INFO - process ingested knowledge for /app/data/T0015/222046/b14710b/RBUS/test/rbus/multiRbusOpenMethodConsumer/multiRbusOpenMethodConsumer.c
2025-11-10 16:40:46,230 - Knowledge - INFO - process ingested knowledge for /app/data/T0015/222046/b14710b/RBUS/utils/dataProvider/data/Device.DeviceInfo.X_RDKCENTRAL-COM_Syndication.json
2025-11-10 16:40:46,310 - Knowledge - INFO - process ingested knowledge for /app/data/T0015/222046/b14710b/RBUS/utils/dataProvider/data/Device.X_RDKCENTRAL-COM_Camera.LiveStream.EvoStream.VideoConfig.json
2025-11-10 16:40:46,385 - Knowledge - INFO - process ingested knowledge for /app/data/T0015/222046/b14710b/RBUS/test/rbus/consumer/valueChange.c
2025-11-10 16:40:46,467 - Knowledge - INFO - process ingested knowledge for /app/data/T0015/222046/b14710b/RBUS/test/rbus/provider/rbusTestProvider.c
2025-11-10 16:40:46,567 - Knowledge - INFO - process ingested knowledge for /app/data/T0015/222046/b14710b/RBUS/test/core/sample_datamodel.txt
2025-11-10 16:40:46,655 - Knowledge - INFO - process ingested knowledge for /app/data/T0015/222046/b14710b/RBUS/utils/dataProvider/data/Device.DeviceInfo.ProcessStatus.Process.json
2025-11-10 16:40:46,728 - Knowledge - INFO - process ingested knowledge for /app/data/T0015/222046/b14710b/RBUS/test/rbus/CMakeLists.txt
2025-11-10 16:40:46,790 - Knowledge - INFO - process ingested knowledge for /app/data/T0015/222046/b14710b/RBUS/utils/dataProvider/data/Device.DeviceInfo.X_RDKCENTRAL-COM_RFC.Feature.json
2025-11-10 16:40:46,875 - Knowledge - INFO - process ingested knowledge for /app/data/T0015/222046/b14710b/RBUS/utils/dataProvider/data/Device.X_COMCAST-COM_Xcalibur.json
2025-11-10 16:40:47,003 - Knowledge - INFO - process ingested knowledge for /app/data/T0015/222046/b14710b/RBUS/test/rbus/consumer/tables.c
2025-11-10 16:40:47,106 - Knowledge - INFO - process ingested knowledge for /app/data/T0015/222046/b14710b/RBUS/test/rbus/provider/rbusTestMultiProvider.c
2025-11-10 16:40:47,181 - Knowledge - INFO - process ingested knowledge for /app/data/T0015/222046/b14710b/RBUS/test/core/nested_server.c
2025-11-10 16:40:47,247 - Knowledge - INFO - process ingested knowledge for /app/data/T0015/222046/b14710b/RBUS/utils/dataProvider/data/Device.DeviceInfo.X_RDKCENTRAL-COM_xOpsDeviceMgmt.Logging.json
2025-11-10 16:40:47,351 - Knowledge - INFO - process ingested knowledge for /app/data/T0015/222046/b14710b/RBUS/test/rbus/multiRbusOpenRbusGetConsumer/multiRbusOpenRbusGetConsumer.c
2025-11-10 16:40:47,426 - Knowledge - INFO - process ingested knowledge for /app/data/T0015/222046/b14710b/RBUS/utils/dataProvider/data/Device.WiFi.EndPoint.Stats.json
2025-11-10 16:40:47,512 - Knowledge - INFO - process ingested knowledge for /app/data/T0015/222046/b14710b/RBUS/utils/dataProvider/data/Device.WiFi.Radio.json
2025-11-10 16:40:47,581 - Knowledge - INFO - process ingested knowledge for /app/data/T0015/222046/b14710b/RBUS/test/rbus/consumer/objectAPI.c
2025-11-10 16:40:47,663 - Knowledge - INFO - process ingested knowledge for /app/data/T0015/222046/b14710b/RBUS/test/rbus/multiRbusOpenEventConsumer/multiRbusOpenEventConsumer.c
2025-11-10 16:40:47,766 - Knowledge - INFO - process ingested knowledge for /app/data/T0015/222046/b14710b/RBUS/test/core/benchmark_test/rbus_benchmark_test_app.cpp
2025-11-10 16:40:47,888 - Knowledge - INFO - process ingested knowledge for /app/data/T0015/222046/b14710b/RBUS/utils/dataProvider/data/Device.WiFi.X_RDKCENTRAL-COM_Camera.json
2025-11-10 16:40:47,967 - Knowledge - INFO - process ingested knowledge for /app/data/T0015/222046/b14710b/RBUS/test/rbus/common/runningParamHelper.h
2025-11-10 16:40:48,049 - Knowledge - INFO - process ingested knowledge for /app/data/T0015/222046/b14710b/RBUS/utils/dataProvider/data/Device.X_RDKCENTRAL-COM_Camera.LiveStream.EvoStream.json
2025-11-10 16:40:48,132 - Knowledge - INFO - process ingested knowledge for /app/data/T0015/222046/b14710b/RBUS/utils/dataProvider/data/Device.DeviceInfo.json
2025-11-10 16:40:48,408 - Knowledge - INFO - process ingested knowledge for /app/data/T0015/222046/b14710b/RBUS/test/core/benchmark_test/CMakeLists.txt
2025-11-10 16:40:48,408 - Knowledge - INFO - process ingested knowledge for /app/data/T0015/222046/b14710b/RBUS/test/rbus/rbusTestElementTree.c
2025-11-10 16:40:48,445 - Knowledge - INFO - process ingested knowledge for /app/data/T0015/222046/b14710b/RBUS/utils/dataProvider/data/Device.X_RDKCENTRAL-COM_Camera.XW.json
2025-11-10 16:40:48,615 - Knowledge - INFO - process ingested knowledge for /app/data/T0015/222046/b14710b/RBUS/test/rbus/common/test_macros.h
2025-11-10 16:40:48,617 - Knowledge - INFO - process ingested knowledge for /app/data/T0015/222046/b14710b/RBUS/utils/dataProvider/data/Device.X_COMCAST-COM_Xcalibur.Client.json
2025-11-10 16:40:48,757 - Knowledge - INFO - process ingested knowledge for /app/data/T0015/222046/b14710b/RBUS/utils/dataProvider/data/Device.WiFi.EndPoint.Security.json
2025-11-10 16:40:48,917 - Knowledge - INFO - process ingested knowledge for /app/data/T0015/222046/b14710b/RBUS/test/core/benchmark_test/rbus_test_util.h
2025-11-10 16:40:48,931 - Knowledge - INFO - process ingested knowledge for /app/data/T0015/222046/b14710b/RBUS/test/CMakeLists.txt
2025-11-10 16:40:49,138 - Knowledge - INFO - process ingested knowledge for /app/data/T0015/222046/b14710b/RBUS/utils/dataProvider/data/Device.DeviceInfo.X_RDKCENTRAL-COM_RFC.Feature.AccountInfo.json
2025-11-10 16:40:49,288 - Knowledge - INFO - process ingested knowledge for /app/data/T0015/222046/b14710b/RBUS/utils/dataProvider/data/Device.X_RDKCENTRAL-COM_Camera.LiveStream.json
2025-11-10 16:40:49,291 - Knowledge - INFO - process ingested knowledge for /app/data/T0015/222046/b14710b/RBUS/utils/dataProvider/data/Device.Services.json
2025-11-10 16:40:49,411 - Knowledge - INFO - process ingested knowledge for /app/data/T0015/222046/b14710b/RBUS/test/core/benchmark_test/rbus_test_util.c
2025-11-10 16:40:49,732 - Knowledge - INFO - process ingested knowledge for /app/data/T0015/222046/b14710b/RBUS/utils/dataProvider/data/Device.json
2025-11-10 16:40:49,792 - Knowledge - INFO - Fast-tracked /app/data/T0015/222046/b14710b/RBUS/src/rtmessage/rtAtomic.h (small file (2359 bytes))
2025-11-10 16:40:49,801 - Knowledge - INFO - process ingested knowledge for /app/data/T0015/222046/b14710b/RBUS/utils/dataProvider/data/Device.DeviceInfo.X_RDKCENTRAL-COM_xOpsDeviceMgmt.RPC.Feature.ManageableNotification.json
2025-11-10 16:40:49,884 - Knowledge - INFO - Fast-tracked /app/data/T0015/222046/b14710b/RBUS/src/rtmessage/rtEncoder.c (small file (2161 bytes))
2025-11-10 16:40:50,064 - Knowledge - INFO - process ingested knowledge for /app/data/T0015/222046/b14710b/RBUS/utils/dataProvider/data/Device.WiFi.X_RDKCENTRAL-COM_BandSteering.json
2025-11-10 16:40:50,184 - Knowledge - INFO - Fast-tracked /app/data/T0015/222046/b14710b/RBUS/src/rtmessage/rtCipher.h (small file (2871 bytes))
2025-11-10 16:40:50,316 - Knowledge - INFO - process ingested knowledge for /app/data/T0015/222046/b14710b/RBUS/utils/dataProvider/data/Device.DeviceInfo.X_RDKCENTRAL-COM_xOpsDeviceMgmt.RPC.Feature.json
2025-11-10 16:40:50,467 - Knowledge - INFO - process ingested knowledge for /app/data/T0015/222046/b14710b/RBUS/utils/dataProvider/data/Device.WiFi.json
2025-11-10 16:40:50,692 - Knowledge - INFO - process ingested knowledge for /app/data/T0015/222046/b14710b/RBUS/utils/dataProvider/data/Device.DeviceInfo.X_RDKCENTRAL-COM_RFC.Control.json
2025-11-10 16:40:50,692 - Knowledge - INFO - process ingested knowledge for /app/data/T0015/222046/b14710b/RBUS/utils/dataProvider/data/Device.X_RDKCENTRAL-COM_Camera.Stream.Zoom.json
2025-11-10 16:40:51,186 - Knowledge - INFO - process ingested knowledge for /app/data/T0015/222046/b14710b/RBUS/utils/dataProvider/data/Device.WiFi.X_RDKCENTRAL-COM_Lnf.EapTls.json
2025-11-10 16:40:51,186 - Knowledge - INFO - process ingested knowledge for /app/data/T0015/222046/b14710b/RBUS/utils/dataProvider/data/Device.WiFi.Router.json
2025-11-10 16:40:51,265 - Knowledge - INFO - Fast-tracked /app/data/T0015/222046/b14710b/RBUS/utils/dataProvider/dmProviderHost.h (small file (2293 bytes))
2025-11-10 16:40:51,552 - Knowledge - INFO - Fast-tracked /app/data/T0015/222046/b14710b/RBUS/utils/dataProvider/dmValue.h (small file (2786 bytes))
2025-11-10 16:40:51,703 - Knowledge - INFO - Fast-tracked /app/data/T0015/222046/b14710b/RBUS/utils/dataProvider/dmQueryResult.h (small file (2006 bytes))
2025-11-10 16:40:51,788 - Knowledge - INFO - process ingested knowledge for /app/data/T0015/222046/b14710b/RBUS/utils/dataProvider/data/Device.Services.X_RDKCENTRAL-COM_Overlay.json
2025-11-10 16:40:51,794 - Knowledge - INFO - process ingested knowledge for /app/data/T0015/222046/b14710b/RBUS/utils/dataProvider/data/Device.WiFi.EndPoint.json
2025-11-10 16:40:51,895 - Knowledge - INFO - Fast-tracked /app/data/T0015/222046/b14710b/RBUS/utils/dataProvider/dmProvider.h (small file (2077 bytes))
2025-11-10 16:40:52,532 - Knowledge - INFO - process ingested knowledge for /app/data/T0015/222046/b14710b/RBUS/utils/dataProvider/data/Device.DeviceInfo.X_RDKCENTRAL-COM_RFC.Feature.DisableCrashPortalFallback.json
2025-11-10 16:40:52,533 - Knowledge - INFO - process ingested knowledge for /app/data/T0015/222046/b14710b/RBUS/utils/dataProvider/data/Device.DeviceInfo.X_RDKCENTRAL-COM_xOpsDeviceMgmt.RPC.Feature.HDR.json
2025-11-10 16:40:53,134 - Knowledge - INFO - process ingested knowledge for /app/data/T0015/222046/b14710b/RBUS/utils/dataProvider/data/Device.WiFi.SSID.json
2025-11-10 16:40:53,369 - Knowledge - INFO - [WEBSOCKET] Sent: Type=progress_update, Size: 289, Duration: 0ms
2025-11-10 16:40:53,543 - Knowledge - INFO - [WEBSOCKET] Sent: Type=unknown, Size: ?, Duration: 174ms
2025-11-10 16:40:53,722 - Knowledge - INFO - Progress: 27.7% | Files: 94/339 | Rate: 1.35 files/sec | Queue: 68
2025-11-10 16:40:54,237 - Knowledge - INFO - [kw1] Queue=68, InProgress=0, PendingWorkers=20/20, Completed=94/339 (27.7%)
2025-11-10 16:40:54,440 - Knowledge - INFO - Batch sizing: calculated=10, max_allowed=25, queue=68, active_workers=20/20
2025-11-10 16:40:54,623 - Knowledge - INFO - Fast-tracked /app/data/T0015/222046/b14710b/RBUS/src/rtmessage/rtHashMap.h (small file (2293 bytes))
2025-11-10 16:40:54,801 - Knowledge - INFO - Fast-tracked /app/data/T0015/222046/b14710b/RBUS/src/rtmessage/rtBuffer.c (small file (2594 bytes))
2025-11-10 16:40:55,122 - Knowledge - INFO - Async storing batch of 15 embeddings
2025-11-10 16:40:55,282 - Knowledge - INFO - Worker kw1 processing /app/data/T0015/222046/b14710b/RBUS/utils/dataProvider/data/Device.X_RDKCENTRAL-COM_Camera.Stream.json
2025-11-10 16:40:55,455 - Knowledge - INFO - Fast-tracked /app/data/T0015/222046/b14710b/RBUS/utils/dataProvider/data/Device.X_RDKCENTRAL-COM_Camera.Stream.json (ext=.json, size=533)
2025-11-10 16:40:55,681 - Knowledge - INFO - Worker kw1 processing /app/data/T0015/222046/b14710b/RBUS/utils/dataProvider/data/Device.DeviceInfo.MemoryStatus.json
2025-11-10 16:40:55,748 - Knowledge - INFO - [kw2] Queue=58, InProgress=0, PendingWorkers=20/20, Completed=94/339 (27.7%)
2025-11-10 16:40:55,887 - Knowledge - INFO - Fast-tracked /app/data/T0015/222046/b14710b/RBUS/utils/dataProvider/data/Device.DeviceInfo.MemoryStatus.json (ext=.json, size=324)
2025-11-10 16:40:55,954 - Knowledge - INFO - Batch sizing: calculated=10, max_allowed=25, queue=58, active_workers=20/20
2025-11-10 16:40:56,042 - Knowledge - INFO - Worker kw1 processing /app/data/T0015/222046/b14710b/RBUS/utils/dataProvider/data/Device.X_RDKCENTRAL-COM_Camera.Thumbnail.json
2025-11-10 16:40:56,300 - Knowledge - INFO - Fast-tracked /app/data/T0015/222046/b14710b/RBUS/utils/dataProvider/data/Device.X_RDKCENTRAL-COM_Camera.Thumbnail.json (ext=.json, size=140)
2025-11-10 16:40:56,558 - Knowledge - INFO - Worker kw1 processing /app/data/T0015/222046/b14710b/RBUS/utils/dataProvider/data/Device.Services.CVR.json
2025-11-10 16:40:56,759 - Knowledge - INFO - Fast-tracked /app/data/T0015/222046/b14710b/RBUS/utils/dataProvider/data/Device.Services.CVR.json (ext=.json, size=599)
2025-11-10 16:40:56,961 - Knowledge - INFO - Worker kw1 processing /app/data/T0015/222046/b14710b/RBUS/utils/dataProvider/data/Device.DeviceInfo.X_RDKCENTRAL-COM_RFC.Feature.AutoReboot.json
2025-11-10 16:40:56,984 - Knowledge - INFO - [kw3] Queue=58, InProgress=0, PendingWorkers=20/20, Completed=94/339 (27.7%)
2025-11-10 16:40:57,146 - Knowledge - INFO - Fast-tracked /app/data/T0015/222046/b14710b/RBUS/utils/dataProvider/data/Device.DeviceInfo.X_RDKCENTRAL-COM_RFC.Feature.AutoReboot.json (ext=.json, size=364)
2025-11-10 16:40:57,243 - Knowledge - INFO - Batch sizing: calculated=10, max_allowed=25, queue=58, active_workers=20/20
2025-11-10 16:40:57,291 - Knowledge - INFO - Async storing batch of 15 embeddings
2025-11-10 16:40:57,337 - Knowledge - INFO - Worker kw1 processing /app/data/T0015/222046/b14710b/RBUS/utils/dataProvider/data/Device.WiFi.EndPoint.Interface.json
2025-11-10 16:40:57,488 - Knowledge - INFO - Worker kw2 processing /app/data/T0015/222046/b14710b/RBUS/utils/dataProvider/data/Device.X_RDKCENTRAL-COM_Camera.json
2025-11-10 16:40:57,525 - Knowledge - INFO - [kw20] Queue=48, InProgress=0, PendingWorkers=20/20, Completed=94/339 (27.7%)
2025-11-10 16:40:57,565 - Knowledge - INFO - Fast-tracked /app/data/T0015/222046/b14710b/RBUS/utils/dataProvider/data/Device.WiFi.EndPoint.Interface.json (ext=.json, size=222)
2025-11-10 16:40:57,679 - Knowledge - INFO - Async storing batch of 15 embeddings
2025-11-10 16:40:57,720 - Knowledge - INFO - Fast-tracked /app/data/T0015/222046/b14710b/RBUS/utils/dataProvider/data/Device.X_RDKCENTRAL-COM_Camera.json (ext=.json, size=348)
2025-11-10 16:40:57,801 - Knowledge - INFO - Batch sizing: calculated=10, max_allowed=25, queue=48, active_workers=20/20
2025-11-10 16:40:57,920 - Knowledge - INFO - Worker kw1 processing /app/data/T0015/222046/b14710b/RBUS/utils/dataProvider/data/Device.WiFi.EndPoint.Adapter.json
2025-11-10 16:40:58,030 - Knowledge - INFO - Worker kw3 processing /app/data/T0015/222046/b14710b/RBUS/utils/dataProvider/CMakeLists.txt
2025-11-10 16:40:58,099 - Knowledge - INFO - Worker kw2 processing /app/data/T0015/222046/b14710b/RBUS/utils/dataProvider/data/Device.DeviceInfo.X_RDKCENTRAL-COM_RFC.json
2025-11-10 16:40:58,249 - Knowledge - INFO - Fast-tracked /app/data/T0015/222046/b14710b/RBUS/utils/dataProvider/data/Device.WiFi.EndPoint.Adapter.json (ext=.json, size=220)
2025-11-10 16:40:58,340 - Knowledge - INFO - Fast-tracked /app/data/T0015/222046/b14710b/RBUS/utils/dataProvider/CMakeLists.txt (ext=.txt, size=3938)
2025-11-10 16:40:58,375 - Knowledge - INFO - Async storing batch of 10 embeddings
2025-11-10 16:40:58,407 - Knowledge - INFO - Fast-tracked /app/data/T0015/222046/b14710b/RBUS/utils/dataProvider/data/Device.DeviceInfo.X_RDKCENTRAL-COM_RFC.json (ext=.json, size=135)
2025-11-10 16:40:58,468 - Knowledge - INFO - [kw4] Queue=28, InProgress=0, PendingWorkers=20/20, Completed=94/339 (27.7%)
2025-11-10 16:40:58,499 - Knowledge - INFO - Worker kw1 processing /app/data/T0015/222046/b14710b/RBUS/utils/dataProvider/data/Device.DeviceInfo.ProcessStatus.json
2025-11-10 16:40:58,571 - Knowledge - INFO - Worker kw3 processing /app/data/T0015/222046/b14710b/RBUS/utils/dataProvider/dmClient.cpp
2025-11-10 16:40:58,662 - Knowledge - INFO - Worker kw20 processing /app/data/T0015/222046/b14710b/RBUS/utils/dataProvider/dmProviderHost.cpp
2025-11-10 16:40:58,732 - Knowledge - INFO - Worker kw2 processing /app/data/T0015/222046/b14710b/RBUS/utils/dataProvider/data/Device.Devicecontrol.json
2025-11-10 16:40:58,835 - Knowledge - INFO - Batch sizing: calculated=10, max_allowed=25, queue=28, active_workers=20/20
2025-11-10 16:40:58,904 - Knowledge - INFO - Fast-tracked /app/data/T0015/222046/b14710b/RBUS/utils/dataProvider/data/Device.DeviceInfo.ProcessStatus.json (ext=.json, size=458)
2025-11-10 16:40:58,991 - Knowledge - INFO - Worker kw3 processing /app/data/T0015/222046/b14710b/RBUS/utils/dataProvider/dmError.h
2025-11-10 16:40:59,057 - Knowledge - INFO - Worker kw20 processing /app/data/T0015/222046/b14710b/RBUS/utils/dataProvider/dmQueryResult.cpp
2025-11-10 16:40:59,120 - Knowledge - INFO - [kw18] Queue=28, InProgress=0, PendingWorkers=20/20, Completed=94/339 (27.7%)
2025-11-10 16:40:59,156 - Knowledge - INFO - Fast-tracked /app/data/T0015/222046/b14710b/RBUS/utils/dataProvider/data/Device.Devicecontrol.json (ext=.json, size=706)
2025-11-10 16:40:59,260 - Knowledge - INFO - Async storing batch of 15 embeddings
2025-11-10 16:40:59,310 - Knowledge - INFO - [kw19] Queue=18, InProgress=0, PendingWorkers=20/20, Completed=94/339 (27.7%)
2025-11-10 16:40:59,336 - Knowledge - INFO - Worker kw1 processing /app/data/T0015/222046/b14710b/RBUS/utils/dataProvider/data/Device.WiFi.X_RDKCENTRAL-COM_Lnf.Psk.json
2025-11-10 16:40:59,420 - Knowledge - INFO - Fast-tracked /app/data/T0015/222046/b14710b/RBUS/utils/dataProvider/dmError.h (ext=.h, size=1299)
2025-11-10 16:40:59,539 - Knowledge - INFO - Worker kw20 processing /app/data/T0015/222046/b14710b/RBUS/utils/dataProvider/dmProviderDatabase.h
2025-11-10 16:40:59,643 - Knowledge - INFO - Batch sizing: calculated=10, max_allowed=25, queue=28, active_workers=20/20
2025-11-10 16:40:59,735 - Knowledge - INFO - Worker kw2 processing /app/data/T0015/222046/b14710b/RBUS/utils/dataProvider/data/Device.WiFi.Radio.Stats.json
2025-11-10 16:40:59,820 - Knowledge - INFO - Worker kw4 processing /app/data/T0015/222046/b14710b/RBUS/unittests/rbusPropertyTest.cpp
2025-11-10 16:40:59,908 - Knowledge - INFO - Batch sizing: calculated=10, max_allowed=25, queue=18, active_workers=20/20
2025-11-10 16:40:59,987 - Knowledge - INFO - Fast-tracked /app/data/T0015/222046/b14710b/RBUS/utils/dataProvider/data/Device.WiFi.X_RDKCENTRAL-COM_Lnf.Psk.json (ext=.json, size=225)
2025-11-10 16:41:00,076 - Knowledge - INFO - Worker kw3 processing /app/data/T0015/222046/b14710b/RBUS/utils/dataProvider/dmProviderInfo.cpp
2025-11-10 16:41:00,198 - Knowledge - INFO - Fast-tracked /app/data/T0015/222046/b14710b/RBUS/utils/dataProvider/dmProviderDatabase.h (ext=.h, size=1921)
2025-11-10 16:41:00,288 - Knowledge - INFO - Async storing batch of 12 embeddings
2025-11-10 16:41:00,396 - Knowledge - INFO - Fast-tracked /app/data/T0015/222046/b14710b/RBUS/utils/dataProvider/data/Device.WiFi.Radio.Stats.json (ext=.json, size=215)
2025-11-10 16:41:00,471 - Knowledge - INFO - Worker kw4 processing /app/data/T0015/222046/b14710b/RBUS/unittests/rbus_test_server.c
2025-11-10 16:41:00,555 - Knowledge - INFO - Async storing batch of 12 embeddings
2025-11-10 16:41:00,633 - Knowledge - INFO - Worker kw1 processing /app/data/T0015/222046/b14710b/RBUS/utils/dataProvider/data/Device.DeviceInfo.X_RDKCENTRAL-COM_xOpsDeviceMgmt.json
2025-11-10 16:41:00,709 - Knowledge - INFO - Fast-tracked /app/data/T0015/222046/b14710b/RBUS/utils/dataProvider/dmProviderInfo.cpp (ext=.cpp, size=1687)
2025-11-10 16:41:00,856 - Knowledge - INFO - Worker kw20 processing /app/data/T0015/222046/b14710b/RBUS/utils/dataProvider/dmValue.cpp
2025-11-10 16:41:00,923 - Knowledge - INFO - Worker kw18 processing /app/data/T0015/222046/b14710b/RBUS/unittests/rbus_test_util.h
2025-11-10 16:41:01,000 - Knowledge - INFO - Worker kw2 processing /app/data/T0015/222046/b14710b/RBUS/utils/dataProvider/data/Device.WiFi.X_RDKCENTRAL-COM_Lnf.json
2025-11-10 16:41:01,118 - Knowledge - INFO - Worker kw4 processing /app/data/T0015/222046/b14710b/RBUS/unittests/rbus_unit_test_event_server.cpp
2025-11-10 16:41:01,196 - Knowledge - INFO - Worker kw19 processing /app/data/T0015/222046/b14710b/RBUS/unittests/rbusFilterTest.cpp
2025-11-10 16:41:01,266 - Knowledge - INFO - Fast-tracked /app/data/T0015/222046/b14710b/RBUS/utils/dataProvider/data/Device.DeviceInfo.X_RDKCENTRAL-COM_xOpsDeviceMgmt.json (ext=.json, size=153)
2025-11-10 16:41:01,343 - Knowledge - INFO - Worker kw3 processing /app/data/T0015/222046/b14710b/RBUS/utils/dataProvider/dmQuery.h
2025-11-10 16:41:01,435 - Knowledge - INFO - Worker kw20 processing /app/data/T0015/222046/b14710b/RBUS/README.md
2025-11-10 16:41:01,509 - Knowledge - INFO - Worker kw18 processing /app/data/T0015/222046/b14710b/RBUS/unittests/rbusSessionTest.cpp
2025-11-10 16:41:01,600 - Knowledge - INFO - Fast-tracked /app/data/T0015/222046/b14710b/RBUS/utils/dataProvider/data/Device.WiFi.X_RDKCENTRAL-COM_Lnf.json (ext=.json, size=221)
2025-11-10 16:41:01,678 - Knowledge - INFO - Worker kw4 processing /app/data/T0015/222046/b14710b/RBUS/unittests/rbusValueTest.cpp
2025-11-10 16:41:01,766 - Knowledge - INFO - Worker kw19 processing /app/data/T0015/222046/b14710b/RBUS/unittests/rbusElementTest.cpp
2025-11-10 16:41:01,853 - Knowledge - INFO - Async storage completed for 15 embeddings
2025-11-10 16:41:01,945 - Knowledge - INFO - Fast-tracked /app/data/T0015/222046/b14710b/RBUS/utils/dataProvider/dmQuery.h (ext=.h, size=1214)
2025-11-10 16:41:02,022 - Knowledge - INFO - Fast-tracked /app/data/T0015/222046/b14710b/RBUS/README.md (ext=.md, size=3696)
2025-11-10 16:41:02,091 - Knowledge - INFO - Worker kw18 processing /app/data/T0015/222046/b14710b/RBUS/unittests/rbusApiNegTest.cpp
2025-11-10 16:41:02,170 - Knowledge - INFO - Worker kw2 processing /app/data/T0015/222046/b14710b/RBUS/utils/dataProvider/data/Device.DeviceInfo.Webpa.json
2025-11-10 16:41:02,238 - Knowledge - INFO - Worker kw4 processing /app/data/T0015/222046/b14710b/RBUS/unittests/rbus_unit_test_event_client.cpp
2025-11-10 16:41:02,322 - Knowledge - INFO - Worker kw19 processing /app/data/T0015/222046/b14710b/RBUS/unittests/rbus_unit_test_multiple_servers.cpp
2025-11-10 16:41:02,390 - Knowledge - INFO - Processing batch of 10 files
2025-11-10 16:41:02,474 - Knowledge - INFO - Worker kw3 processing /app/data/T0015/222046/b14710b/RBUS/utils/dataProvider/dmProvider.cpp
2025-11-10 16:41:02,562 - Knowledge - INFO - Worker kw20 processing /app/data/T0015/222046/b14710b/RBUS/unittests/rbusProvider.cpp
2025-11-10 16:41:02,640 - Knowledge - INFO - Worker kw18 processing /app/data/T0015/222046/b14710b/RBUS/unittests/rbus_unit_test_server.cpp
2025-11-10 16:41:02,716 - Knowledge - INFO - Fast-tracked /app/data/T0015/222046/b14710b/RBUS/utils/dataProvider/data/Device.DeviceInfo.Webpa.json (ext=.json, size=598)
2025-11-10 16:41:02,805 - Knowledge - INFO - Worker kw4 processing /app/data/T0015/222046/b14710b/RBUS/unittests/rbus_unit_test_nested_servers.cpp
2025-11-10 16:41:02,848 - Knowledge - INFO - Fast-tracked /app/data/T0015/222046/b14710b/RBUS/src/rtmessage/rtsub.c (small file (2429 bytes))
2025-11-10 16:41:02,915 - Knowledge - INFO - Worker kw19 processing /app/data/T0015/222046/b14710b/RBUS/unittests/rbus_unit_test_multiple_objects.cpp
2025-11-10 16:41:02,986 - Knowledge - INFO - process ingested knowledge for /app/data/T0015/222046/b14710b/RBUS/utils/dataProvider/data/Device.X_RDKCENTRAL-COM_Camera.Stream.json
2025-11-10 16:41:03,085 - Knowledge - INFO - Worker kw3 processing /app/data/T0015/222046/b14710b/RBUS/utils/dataProvider/dmPropertyInfo.cpp
2025-11-10 16:41:03,211 - Knowledge - INFO - Worker kw20 processing /app/data/T0015/222046/b14710b/RBUS/unittests/rbusObjectTest.cpp
2025-11-10 16:41:03,280 - Knowledge - INFO - Worker kw18 processing /app/data/T0015/222046/b14710b/RBUS/unittests/rbus_test_util.c
2025-11-10 16:41:03,404 - Knowledge - INFO - Worker kw2 processing /app/data/T0015/222046/b14710b/RBUS/utils/dataProvider/sample_provider_gen.cpp
2025-11-10 16:41:03,485 - Knowledge - INFO - Worker kw4 processing /app/data/T0015/222046/b14710b/RBUS/unittests/rbusFunctionalityTest.cpp
2025-11-10 16:41:03,676 - Knowledge - INFO - Worker kw19 processing /app/data/T0015/222046/b14710b/RBUS/unittests/util.cpp
2025-11-10 16:41:03,742 - Knowledge - INFO - process ingested knowledge for /app/data/T0015/222046/b14710b/RBUS/utils/dataProvider/data/Device.DeviceInfo.MemoryStatus.json
2025-11-10 16:41:03,820 - Knowledge - INFO - Fast-tracked /app/data/T0015/222046/b14710b/RBUS/utils/dataProvider/dmPropertyInfo.cpp (ext=.cpp, size=1361)
2025-11-10 16:41:03,892 - Knowledge - INFO - Worker kw20 processing /app/data/T0015/222046/b14710b/RBUS/unittests/rbus_event_server.c
2025-11-10 16:41:04,007 - Knowledge - INFO - Worker kw18 processing /app/data/T0015/222046/b14710b/RBUS/unittests/rbusConsumer.cpp
2025-11-10 16:41:04,091 - Knowledge - INFO - Worker kw2 processing /app/data/T0015/222046/b14710b/RBUS/utils/dataProvider/dmClient.h
2025-11-10 16:41:04,171 - Knowledge - INFO - Worker kw4 processing /app/data/T0015/222046/b14710b/RBUS/unittests/main.cpp
2025-11-10 16:41:04,290 - Knowledge - INFO - Worker kw19 processing /app/data/T0015/222046/b14710b/RBUS/CONTRIBUTING.md
2025-11-10 16:41:04,371 - Knowledge - INFO - process ingested knowledge for /app/data/T0015/222046/b14710b/RBUS/utils/dataProvider/data/Device.X_RDKCENTRAL-COM_Camera.Thumbnail.json
2025-11-10 16:41:04,435 - Knowledge - INFO - Fast-tracked /app/data/T0015/222046/b14710b/RBUS/src/rtmessage/local_benchmarking.h (small file (2643 bytes))
2025-11-10 16:41:04,452 - Knowledge - INFO - Worker kw3 processing /app/data/T0015/222046/b14710b/RBUS/utils/dataProvider/dmProviderOperation.h
2025-11-10 16:41:04,530 - Knowledge - INFO - Worker kw20 processing /app/data/T0015/222046/b14710b/RBUS/unittests/rbus_unit_test_marshalling.cpp
2025-11-10 16:41:04,610 - Knowledge - INFO - Worker kw18 processing /app/data/T0015/222046/b14710b/RBUS/unittests/rbus_unit_test_client.cpp
2025-11-10 16:41:04,686 - Knowledge - INFO - Fast-tracked /app/data/T0015/222046/b14710b/RBUS/utils/dataProvider/dmClient.h (ext=.h, size=1674)
2025-11-10 16:41:04,779 - Knowledge - INFO - Fast-tracked /app/data/T0015/222046/b14710b/RBUS/unittests/main.cpp (ext=.cpp, size=1107)
2025-11-10 16:41:04,863 - Knowledge - INFO - Fast-tracked /app/data/T0015/222046/b14710b/RBUS/CONTRIBUTING.md (ext=.md, size=240)
2025-11-10 16:41:04,956 - Knowledge - INFO - process ingested knowledge for /app/data/T0015/222046/b14710b/RBUS/utils/dataProvider/data/Device.Services.CVR.json
2025-11-10 16:41:05,108 - Knowledge - INFO - Fast-tracked /app/data/T0015/222046/b14710b/RBUS/utils/dataProvider/dmProviderOperation.h (ext=.h, size=1014)
2025-11-10 16:41:05,179 - Knowledge - INFO - Worker kw20 processing /app/data/T0015/222046/b14710b/RBUS/unittests/rbusMessageTest.cpp
2025-11-10 16:41:05,257 - Knowledge - INFO - Worker kw18 processing /app/data/T0015/222046/b14710b/RBUS/unittests/rbusProviderConsumer.h
2025-11-10 16:41:05,337 - Knowledge - INFO - Worker kw2 processing /app/data/T0015/222046/b14710b/RBUS/utils/dataProvider/dmValueType.h
2025-11-10 16:41:05,449 - Knowledge - INFO - Worker kw4 processing /app/data/T0015/222046/b14710b/RBUS/unittests/rbusTokenTest.cpp
2025-11-10 16:41:05,540 - Knowledge - INFO - Worker kw19 processing /app/data/T0015/222046/b14710b/RBUS/build_dependencies.sh
2025-11-10 16:41:05,648 - Knowledge - INFO - process ingested knowledge for /app/data/T0015/222046/b14710b/RBUS/utils/dataProvider/data/Device.DeviceInfo.X_RDKCENTRAL-COM_RFC.Feature.AutoReboot.json
2025-11-10 16:41:05,738 - Knowledge - INFO - Worker kw3 processing /app/data/T0015/222046/b14710b/RBUS/utils/dataProvider/sample_provider_wifi.cpp
2025-11-10 16:41:05,816 - Knowledge - INFO - Async storage completed for 10 embeddings
2025-11-10 16:41:05,892 - Knowledge - INFO - Worker kw18 processing /app/data/T0015/222046/b14710b/RBUS/unittests/rbus_unit_stresstest_server.cpp
2025-11-10 16:41:05,956 - Knowledge - INFO - Fast-tracked /app/data/T0015/222046/b14710b/RBUS/utils/dataProvider/dmValueType.h (ext=.h, size=1320)
2025-11-10 16:41:06,039 - Knowledge - INFO - Worker kw4 processing /app/data/T0015/222046/b14710b/RBUS/unittests/CMakeLists.txt
2025-11-10 16:41:06,107 - Knowledge - INFO - Fast-tracked /app/data/T0015/222046/b14710b/RBUS/build_dependencies.sh (ext=.sh, size=434)
2025-11-10 16:41:06,182 - Knowledge - INFO - process ingested knowledge for /app/data/T0015/222046/b14710b/RBUS/utils/dataProvider/data/Device.WiFi.EndPoint.Interface.json
2025-11-10 16:41:06,279 - Knowledge - INFO - Worker kw3 processing /app/data/T0015/222046/b14710b/RBUS/utils/dataProvider/dmUtility.h
2025-11-10 16:41:06,431 - Knowledge - INFO - Worker kw18 processing /app/data/T0015/222046/b14710b/RBUS/unittests/gtest_app.h
2025-11-10 16:41:06,532 - Knowledge - INFO - Worker kw2 processing /app/data/T0015/222046/b14710b/RBUS/utils/dataProvider/dmProviderInfo.h
2025-11-10 16:41:06,644 - Knowledge - INFO - Fast-tracked /app/data/T0015/222046/b14710b/RBUS/unittests/CMakeLists.txt (ext=.txt, size=4333)
2025-11-10 16:41:06,724 - Knowledge - INFO - Worker kw19 processing /app/data/T0015/222046/b14710b/RBUS/memoryleak.sh
2025-11-10 16:41:06,801 - Knowledge - INFO - process ingested knowledge for /app/data/T0015/222046/b14710b/RBUS/utils/dataProvider/data/Device.WiFi.EndPoint.Adapter.json
2025-11-10 16:41:06,876 - Knowledge - INFO - Async storage completed for 15 embeddings
2025-11-10 16:41:06,976 - Knowledge - INFO - Fast-tracked /app/data/T0015/222046/b14710b/RBUS/unittests/gtest_app.h (ext=.h, size=879)
2025-11-10 16:41:07,061 - Knowledge - INFO - Async storage completed for 15 embeddings
2025-11-10 16:41:07,142 - Knowledge - INFO - Async storage completed for 15 embeddings
2025-11-10 16:41:07,223 - Knowledge - INFO - Fast-tracked /app/data/T0015/222046/b14710b/RBUS/memoryleak.sh (ext=.sh, size=1793)
2025-11-10 16:41:07,303 - Knowledge - INFO - process ingested knowledge for /app/data/T0015/222046/b14710b/RBUS/utils/dataProvider/data/Device.DeviceInfo.ProcessStatus.json
2025-11-10 16:41:07,494 - Knowledge - INFO - Async storage completed for 12 embeddings
2025-11-10 16:41:07,584 - Knowledge - INFO - Fast-tracked /app/data/T0015/222046/b14710b/RBUS/utils/dataProvider/sample_provider_gen.cpp (small file (2204 bytes))
2025-11-10 16:41:07,742 - Knowledge - INFO - Async storage completed for 12 embeddings
2025-11-10 16:41:07,815 - Knowledge - INFO - process ingested knowledge for /app/data/T0015/222046/b14710b/RBUS/utils/dataProvider/data/Device.WiFi.X_RDKCENTRAL-COM_Lnf.Psk.json
2025-11-10 16:41:08,014 - Knowledge - INFO - Fast-tracked /app/data/T0015/222046/b14710b/RBUS/utils/dataProvider/dmProviderInfo.h (small file (2117 bytes))
2025-11-10 16:41:08,180 - Knowledge - INFO - process ingested knowledge for /app/data/T0015/222046/b14710b/RBUS/utils/dataProvider/data/Device.DeviceInfo.X_RDKCENTRAL-COM_xOpsDeviceMgmt.json
2025-11-10 16:41:08,307 - Knowledge - INFO - Processing batch of 10 files
2025-11-10 16:41:08,492 - Knowledge - INFO - process ingested knowledge for /app/data/T0015/222046/b14710b/RBUS/utils/dataProvider/data/Device.X_RDKCENTRAL-COM_Camera.json
2025-11-10 16:41:08,679 - Knowledge - INFO - process ingested knowledge for /app/data/T0015/222046/b14710b/RBUS/utils/dataProvider/data/Device.DeviceInfo.X_RDKCENTRAL-COM_RFC.json
2025-11-10 16:41:08,840 - Knowledge - INFO - process ingested knowledge for /app/data/T0015/222046/b14710b/RBUS/utils/dataProvider/data/Device.Devicecontrol.json
2025-11-10 16:41:09,041 - Knowledge - INFO - process ingested knowledge for /app/data/T0015/222046/b14710b/RBUS/utils/dataProvider/data/Device.WiFi.Radio.Stats.json
2025-11-10 16:41:09,252 - Knowledge - INFO - process ingested knowledge for /app/data/T0015/222046/b14710b/RBUS/utils/dataProvider/data/Device.WiFi.X_RDKCENTRAL-COM_Lnf.json
2025-11-10 16:41:09,444 - Knowledge - INFO - process ingested knowledge for /app/data/T0015/222046/b14710b/RBUS/utils/dataProvider/data/Device.DeviceInfo.Webpa.json
2025-11-10 16:41:09,455 - Knowledge - INFO - [WEBSOCKET] Sent: Type=progress_update, Size: 292, Duration: 0ms
2025-11-10 16:41:09,623 - Knowledge - INFO - process ingested knowledge for /app/data/T0015/222046/b14710b/RBUS/utils/dataProvider/sample_provider_gen.cpp
2025-11-10 16:41:09,700 - Knowledge - INFO - [WEBSOCKET] Sent: Type=unknown, Size: ?, Duration: 245ms
2025-11-10 16:41:09,786 - Knowledge - INFO - process ingested knowledge for /app/data/T0015/222046/b14710b/RBUS/utils/dataProvider/dmClient.h
2025-11-10 16:41:09,861 - Knowledge - INFO - Progress: 33.6% | Files: 114/339 | Rate: 1.32 files/sec | Queue: 0
2025-11-10 16:41:09,927 - Knowledge - INFO - process ingested knowledge for /app/data/T0015/222046/b14710b/RBUS/utils/dataProvider/dmValueType.h
2025-11-10 16:41:10,171 - Knowledge - INFO - process ingested knowledge for /app/data/T0015/222046/b14710b/RBUS/utils/dataProvider/dmProviderInfo.h
2025-11-10 16:41:16,576 - Knowledge - INFO - Fast-tracked /app/data/T0015/222046/b14710b/RBUS/sampleapps/provider/utilities.c (small file (2495 bytes))
2025-11-10 16:41:18,843 - Knowledge - INFO - Fast-tracked /app/data/T0015/222046/b14710b/RBUS/src/core/rbuscore_message.h (small file (2329 bytes))
2025-11-10 16:41:21,072 - Knowledge - INFO - Fast-tracked /app/data/T0015/222046/b14710b/RBUS/utils/dataProvider/dmQueryResult.cpp (small file (2201 bytes))
2025-11-10 16:41:24,886 - Knowledge - INFO - Fast-tracked /app/data/T0015/222046/b14710b/RBUS/unittests/rbus_test_server.c (small file (2877 bytes))
2025-11-10 16:41:26,909 - Knowledge - INFO - [LLM_CALL] Completed: dmcli.cpp:chunk1, Duration: 24630ms, PromptTokens: 3878, CompletionTokens: 303, Cost: $0.00051
2025-11-10 16:41:27,083 - Knowledge - INFO - done ingest for /app/data/T0015/222046/b14710b/RBUS/utils/dataProvider/dmcli.cpp
2025-11-10 16:41:29,449 - Knowledge - INFO - [LLM_CALL] Completed: Sample_rbus.c:chunk1, Duration: 20098ms, PromptTokens: 13446, CompletionTokens: 631, Cost: $0.00160
2025-11-10 16:41:29,604 - Knowledge - INFO - done ingest for /app/data/T0015/222046/b14710b/RBUS/utils/codegen/ccsp_style_generator/sampleapp/codegen/Sample_rbus.c
2025-11-10 16:41:30,882 - Knowledge - INFO - [LLM_CALL] Completed: dmProviderDatabase.cpp:chunk1, Duration: 38731ms, PromptTokens: 10678, CompletionTokens: 747, Cost: $0.00137
2025-11-10 16:41:31,067 - Knowledge - INFO - done ingest for /app/data/T0015/222046/b14710b/RBUS/utils/dataProvider/dmProviderDatabase.cpp
2025-11-10 16:41:31,954 - Knowledge - INFO - Processing batch of 12 files
2025-11-10 16:41:32,157 - Knowledge - INFO - process ingested knowledge for /app/data/T0015/222046/b14710b/RBUS/utils/codegen/ccsp_style_generator/sampleapp/build.sh
2025-11-10 16:41:32,305 - Knowledge - INFO - process ingested knowledge for /app/data/T0015/222046/b14710b/RBUS/utils/codegen/ccsp_style_generator/sampleapp/codegen/Sample_rbus.c
2025-11-10 16:41:32,445 - Knowledge - INFO - process ingested knowledge for /app/data/T0015/222046/b14710b/RBUS/utils/codegen/ccsp_style_generator/sampleapp/codegen/Sample_app.c
2025-11-10 16:41:32,661 - Knowledge - INFO - process ingested knowledge for /app/data/T0015/222046/b14710b/RBUS/utils/codegen/ccsp_style_generator/sampleapp/codegen/Sample_rbus.h
2025-11-10 16:41:32,878 - Knowledge - INFO - process ingested knowledge for /app/data/T0015/222046/b14710b/RBUS/utils/dataProvider/dmProviderHost.h
2025-11-10 16:41:33,030 - Knowledge - INFO - process ingested knowledge for /app/data/T0015/222046/b14710b/RBUS/utils/dataProvider/dmPropertyInfo.h
2025-11-10 16:41:33,208 - Knowledge - INFO - process ingested knowledge for /app/data/T0015/222046/b14710b/RBUS/utils/dataProvider/dmValue.h
2025-11-10 16:41:33,250 - Knowledge - INFO - Split /app/data/T0015/222046/b14710b/RBUS/include/rbus.h (95895 bytes) into 3 chunks of ~32KB
2025-11-10 16:41:33,373 - Knowledge - INFO - process ingested knowledge for /app/data/T0015/222046/b14710b/RBUS/utils/dataProvider/dmQueryResult.h
2025-11-10 16:41:33,617 - Knowledge - INFO - process ingested knowledge for /app/data/T0015/222046/b14710b/RBUS/utils/dataProvider/dmError.cpp
2025-11-10 16:41:33,794 - Knowledge - INFO - [LLM_CALL] Completed: CodeCoverage.cmake:chunk1, Duration: 21539ms, PromptTokens: 10402, CompletionTokens: 117, Cost: $0.00109
2025-11-10 16:41:33,864 - Knowledge - INFO - process ingested knowledge for /app/data/T0015/222046/b14710b/RBUS/utils/dataProvider/dmProvider.h
2025-11-10 16:41:34,016 - Knowledge - INFO - done ingest for /app/data/T0015/222046/b14710b/RBUS/cmake/CodeCoverage.cmake
2025-11-10 16:41:34,087 - Knowledge - INFO - process ingested knowledge for /app/data/T0015/222046/b14710b/RBUS/utils/dataProvider/dmProviderDatabase.cpp
2025-11-10 16:41:34,327 - Knowledge - INFO - process ingested knowledge for /app/data/T0015/222046/b14710b/RBUS/utils/dataProvider/dmcli.cpp
2025-11-10 16:41:36,081 - Knowledge - INFO - [WEBSOCKET] Sent: Type=progress_update, Size: 289, Duration: 0ms
2025-11-10 16:41:36,169 - Knowledge - INFO - Fast-tracked /app/data/T0015/222046/b14710b/RBUS/src/rtmessage/rtSemaphore.h (small file (2767 bytes))
2025-11-10 16:41:36,246 - Knowledge - INFO - [WEBSOCKET] Sent: Type=unknown, Size: ?, Duration: 165ms
2025-11-10 16:41:36,380 - Knowledge - ERROR - Timeout processing /app/data/T0015/222046/b14710b/RBUS/src/rbus/rbus_element.h after 90s
2025-11-10 16:41:36,447 - Knowledge - INFO - Progress: 37.2% | Files: 126/339 | Rate: 1.12 files/sec | Queue: 0
2025-11-10 16:41:36,529 - Knowledge - ERROR - Timeout processing /app/data/T0015/222046/b14710b/RBUS/src/rbus/rbus_valuechange.c after 90s
2025-11-10 16:41:38,564 - Knowledge - INFO - [LLM_CALL] Completed: rtsend.c:chunk1, Duration: 45656ms, PromptTokens: 3062, CompletionTokens: 343, Cost: $0.00044
2025-11-10 16:41:38,719 - Knowledge - INFO - done ingest for /app/data/T0015/222046/b14710b/RBUS/sampleapps/rtmessage/rtsend.c
2025-11-10 16:41:41,550 - Knowledge - INFO - [LLM_CALL] Completed: sample_super.c:chunk1, Duration: 59856ms, PromptTokens: 9868, CompletionTokens: 749, Cost: $0.00129
2025-11-10 16:41:41,909 - Knowledge - INFO - done ingest for /app/data/T0015/222046/b14710b/RBUS/sampleapps/rtmessage/sample_super.c
2025-11-10 16:41:41,918 - Knowledge - INFO - [LLM_CALL] Completed: rbuscore_types.h:chunk1, Duration: 22921ms, PromptTokens: 2348, CompletionTokens: 369, Cost: $0.00038
2025-11-10 16:41:42,324 - Knowledge - INFO - done ingest for /app/data/T0015/222046/b14710b/RBUS/src/core/rbuscore_types.h
2025-11-10 16:41:42,404 - Knowledge - INFO - Processing batch of 12 files
2025-11-10 16:41:42,563 - Knowledge - INFO - process ingested knowledge for /app/data/T0015/222046/b14710b/RBUS/sampleapps/rtmessage/sample_super.c
2025-11-10 16:41:42,705 - Knowledge - INFO - process ingested knowledge for /app/data/T0015/222046/b14710b/RBUS/sampleapps/rtmessage/rtsend.c
2025-11-10 16:41:42,845 - Knowledge - INFO - process ingested knowledge for /app/data/T0015/222046/b14710b/RBUS/conf/rbus_log_capture.sh
2025-11-10 16:41:43,005 - Knowledge - INFO - process ingested knowledge for /app/data/T0015/222046/b14710b/RBUS/CMakeLists.txt
2025-11-10 16:41:43,157 - Knowledge - INFO - process ingested knowledge for /app/data/T0015/222046/b14710b/RBUS/cmake/Findbreakpad.cmake
2025-11-10 16:41:43,309 - Knowledge - INFO - process ingested knowledge for /app/data/T0015/222046/b14710b/RBUS/cmake/Findmsgpack.cmake
2025-11-10 16:41:43,469 - Knowledge - INFO - process ingested knowledge for /app/data/T0015/222046/b14710b/RBUS/cmake/CodeCoverage.cmake
2025-11-10 16:41:43,656 - Knowledge - INFO - process ingested knowledge for /app/data/T0015/222046/b14710b/RBUS/cmake/Findlinenoise.cmake
2025-11-10 16:41:44,102 - Knowledge - INFO - process ingested knowledge for /app/data/T0015/222046/b14710b/RBUS/cmake/Findrdklogger.cmake
2025-11-10 16:41:44,407 - Knowledge - INFO - process ingested knowledge for /app/data/T0015/222046/b14710b/RBUS/cmake/FindcJSON.cmake
2025-11-10 16:41:44,802 - Knowledge - INFO - process ingested knowledge for /app/data/T0015/222046/b14710b/RBUS/utils/rbuscli/CMakeLists.txt
2025-11-10 16:41:45,108 - Knowledge - INFO - process ingested knowledge for /app/data/T0015/222046/b14710b/RBUS/utils/rbuscli/rbuscli.c
2025-11-10 16:41:45,255 - Knowledge - INFO - [LLM_CALL] Completed: rtTime.c:chunk1, Duration: 69048ms, PromptTokens: 2536, CompletionTokens: 439, Cost: $0.00043
2025-11-10 16:41:45,409 - Knowledge - INFO - done ingest for /app/data/T0015/222046/b14710b/RBUS/src/rtmessage/rtTime.c
2025-11-10 16:41:52,994 - Knowledge - INFO - [WEBSOCKET] Sent: Type=progress_update, Size: 290, Duration: 0ms
2025-11-10 16:41:53,308 - Knowledge - INFO - [WEBSOCKET] Sent: Type=unknown, Size: ?, Duration: 314ms
2025-11-10 16:41:53,544 - Knowledge - INFO - Progress: 40.7% | Files: 138/339 | Rate: 1.06 files/sec | Queue: 0
2025-11-10 16:41:53,731 - Knowledge - ERROR - Timeout processing /app/data/T0015/222046/b14710b/RBUS/src/rbus/rbus_tokenchain.c after 90s
2025-11-10 16:41:53,953 - Knowledge - INFO - [LLM_CALL] Completed: rtrouteBase.c:chunk1, Duration: 58964ms, PromptTokens: 11426, CompletionTokens: 1281, Cost: $0.00165
2025-11-10 16:41:54,233 - Knowledge - INFO - done ingest for /app/data/T0015/222046/b14710b/RBUS/src/rtmessage/rtrouteBase.c
2025-11-10 16:41:56,058 - Knowledge - INFO - [LLM_CALL] Completed: rtError.c:chunk1, Duration: 41990ms, PromptTokens: 3062, CompletionTokens: 527, Cost: $0.00052
2025-11-10 16:41:56,458 - Knowledge - INFO - done ingest for /app/data/T0015/222046/b14710b/RBUS/src/rtmessage/rtError.c
2025-11-10 16:41:56,802 - Knowledge - ERROR - Timeout processing /app/data/T0015/222046/b14710b/RBUS/src/rtmessage/rtLog.h after 90s
2025-11-10 16:42:03,572 - Knowledge - INFO - Fast-tracked /app/data/T0015/222046/b14710b/RBUS/sampleapps/rtmessage/sample_send.c (small file (2083 bytes))
2025-11-10 16:42:04,162 - Knowledge - ERROR - Timeout processing /app/data/T0015/222046/b14710b/RBUS/sampleapps/provider/rbusBlockingProvider.c after 90s
2025-11-10 16:42:04,396 - Knowledge - INFO - [LLM_CALL] Completed: rtMessage.h:chunk1, Duration: 60833ms, PromptTokens: 4906, CompletionTokens: 1280, Cost: $0.00100
2025-11-10 16:42:04,424 - Knowledge - ERROR - Timeout processing /app/data/T0015/222046/b14710b/RBUS/sampleapps/provider/rbusCSIEventProvider.c after 90s
2025-11-10 16:42:04,618 - Knowledge - INFO - done ingest for /app/data/T0015/222046/b14710b/RBUS/src/rtmessage/rtMessage.h
2025-11-10 16:42:04,839 - Knowledge - ERROR - Timeout processing /app/data/T0015/222046/b14710b/RBUS/sampleapps/provider/rbusMethodProvider.c after 90s
2025-11-10 16:42:05,168 - Knowledge - ERROR - Timeout processing /app/data/T0015/222046/b14710b/RBUS/sampleapps/provider/rbusIntervalProvider.c after 90s
2025-11-10 16:42:05,418 - Knowledge - ERROR - Timeout processing /app/data/T0015/222046/b14710b/RBUS/sampleapps/provider/rbusValueChangeProvider.c after 90s
2025-11-10 16:42:06,066 - Knowledge - WARNING - File /app/data/T0015/222046/b14710b/RBUS/sampleapps/provider/rbusBlockingProvider.c not successfully processed
2025-11-10 16:42:06,366 - Knowledge - WARNING - File /app/data/T0015/222046/b14710b/RBUS/sampleapps/provider/rbusCSIEventProvider.c not successfully processed
2025-11-10 16:42:06,631 - Knowledge - WARNING - File /app/data/T0015/222046/b14710b/RBUS/src/rtmessage/rtLog.h not successfully processed
2025-11-10 16:42:06,673 - Knowledge - WARNING - File /app/data/T0015/222046/b14710b/RBUS/sampleapps/provider/rbusMethodProvider.c not successfully processed
2025-11-10 16:42:06,992 - Knowledge - ERROR - Timeout processing /app/data/T0015/222046/b14710b/RBUS/sampleapps/consumer/rbusValueChangeConsumer.c after 90s
2025-11-10 16:42:07,182 - Knowledge - WARNING - File /app/data/T0015/222046/b14710b/RBUS/sampleapps/provider/rbusIntervalProvider.c not successfully processed
2025-11-10 16:42:07,221 - Knowledge - ERROR - Timeout processing /app/data/T0015/222046/b14710b/RBUS/sampleapps/consumer/rbusOpenTelemetry.c after 90s
2025-11-10 16:42:07,404 - Knowledge - WARNING - File /app/data/T0015/222046/b14710b/RBUS/sampleapps/provider/rbusValueChangeProvider.c not successfully processed
2025-11-10 16:42:07,608 - Knowledge - ERROR - Timeout processing /app/data/T0015/222046/b14710b/RBUS/sampleapps/consumer/rbusMethodConsumer.c after 90s
2025-11-10 16:42:07,865 - Knowledge - ERROR - Timeout processing /app/data/T0015/222046/b14710b/RBUS/sampleapps/consumer/rbusCSIEventConsumer.c after 90s
2025-11-10 16:42:08,177 - Knowledge - ERROR - Timeout processing /app/data/T0015/222046/b14710b/RBUS/sampleapps/consumer/rbusIntervalConsumer.c after 90s
2025-11-10 16:42:08,253 - Knowledge - INFO - Processing batch of 7 files
2025-11-10 16:42:08,414 - Knowledge - ERROR - Timeout processing /app/data/T0015/222046/b14710b/RBUS/sampleapps/consumer/rbusTableConsumer.c after 90s
2025-11-10 16:42:08,566 - Knowledge - INFO - process ingested knowledge for /app/data/T0015/222046/b14710b/RBUS/sampleapps/provider/rbusValueChangeMultiProvider.c
2025-11-10 16:42:08,718 - Knowledge - ERROR - Timeout processing /app/data/T0015/222046/b14710b/RBUS/sampleapps/consumer/rbusGeneralEventConsumer.c after 90s
2025-11-10 16:42:09,023 - Knowledge - ERROR - Timeout processing /app/data/T0015/222046/b14710b/RBUS/sampleapps/consumer/rbusRawDataConsumer.c after 90s
2025-11-10 16:42:09,206 - Knowledge - INFO - Processing batch of 14 files
2025-11-10 16:42:09,245 - Knowledge - INFO - process ingested knowledge for /app/data/T0015/222046/b14710b/RBUS/sampleapps/provider/utilities.c
2025-11-10 16:42:09,272 - Knowledge - ERROR - Timeout processing /app/data/T0015/222046/b14710b/RBUS/sampleapps/consumer/rbusSampleConsumer.c after 90s
2025-11-10 16:42:09,415 - Knowledge - INFO - process ingested knowledge for /app/data/T0015/222046/b14710b/RBUS/src/rtmessage/rtTime.c
2025-11-10 16:42:09,756 - Knowledge - ERROR - Timeout processing /app/data/T0015/222046/b14710b/RBUS/sampleapps/consumer/rbusEventConsumer.c after 90s
2025-11-10 16:42:09,801 - Knowledge - INFO - process ingested knowledge for /app/data/T0015/222046/b14710b/RBUS/sampleapps/rtmessage/sample_send.c
2025-11-10 16:42:09,962 - Knowledge - WARNING - File /app/data/T0015/222046/b14710b/RBUS/sampleapps/consumer/rbusValueChangeConsumer.c not successfully processed
2025-11-10 16:42:09,970 - Knowledge - INFO - process ingested knowledge for /app/data/T0015/222046/b14710b/RBUS/src/rtmessage/rtError.h
2025-11-10 16:42:10,447 - Knowledge - INFO - process ingested knowledge for /app/data/T0015/222046/b14710b/RBUS/sampleapps/rtmessage/sample_res.c
2025-11-10 16:42:10,615 - Knowledge - WARNING - File /app/data/T0015/222046/b14710b/RBUS/sampleapps/consumer/rbusOpenTelemetry.c not successfully processed
2025-11-10 16:42:10,633 - Knowledge - INFO - process ingested knowledge for /app/data/T0015/222046/b14710b/RBUS/src/rtmessage/rtRetainable.c
2025-11-10 16:42:10,667 - Knowledge - INFO - [LLM_CALL] Completed: rbus_context_helpers.c:chunk1, Duration: 75299ms, PromptTokens: 4472, CompletionTokens: 700, Cost: $0.00073
2025-11-10 16:42:10,779 - Knowledge - INFO - process ingested knowledge for /app/data/T0015/222046/b14710b/RBUS/sampleapps/rtmessage/sample_recv.c
2025-11-10 16:42:10,894 - Knowledge - WARNING - File /app/data/T0015/222046/b14710b/RBUS/sampleapps/consumer/rbusMethodConsumer.c not successfully processed
2025-11-10 16:42:11,118 - Knowledge - INFO - process ingested knowledge for /app/data/T0015/222046/b14710b/RBUS/src/rtmessage/rtThreadPool.h
2025-11-10 16:42:11,269 - Knowledge - INFO - done ingest for /app/data/T0015/222046/b14710b/RBUS/utils/codegen/ccsp_style_generator/src/rbus_context_helpers.c
2025-11-10 16:42:11,513 - Knowledge - INFO - process ingested knowledge for /app/data/T0015/222046/b14710b/RBUS/sampleapps/rtmessage/sample_req.c
2025-11-10 16:42:11,535 - Knowledge - WARNING - File /app/data/T0015/222046/b14710b/RBUS/sampleapps/consumer/rbusCSIEventConsumer.c not successfully processed
2025-11-10 16:42:11,896 - Knowledge - INFO - process ingested knowledge for /app/data/T0015/222046/b14710b/RBUS/src/rtmessage/rtString.c
2025-11-10 16:42:12,278 - Knowledge - INFO - process ingested knowledge for /app/data/T0015/222046/b14710b/RBUS/sampleapps/rtmessage/CMakeLists.txt
2025-11-10 16:42:12,507 - Knowledge - INFO - process ingested knowledge for /app/data/T0015/222046/b14710b/RBUS/src/rtmessage/CMakeLists.txt
2025-11-10 16:42:12,528 - Knowledge - WARNING - File /app/data/T0015/222046/b14710b/RBUS/sampleapps/consumer/rbusIntervalConsumer.c not successfully processed
2025-11-10 16:42:12,843 - Knowledge - INFO - process ingested knowledge for /app/data/T0015/222046/b14710b/RBUS/src/rtmessage/rtDebug.c
2025-11-10 16:42:12,931 - Knowledge - WARNING - File /app/data/T0015/222046/b14710b/RBUS/sampleapps/consumer/rbusTableConsumer.c not successfully processed
2025-11-10 16:42:12,933 - Knowledge - ERROR - Timeout processing /app/data/T0015/222046/b14710b/RBUS/src/session_manager/session_manager.c after 90s
2025-11-10 16:42:13,229 - Knowledge - WARNING - File /app/data/T0015/222046/b14710b/RBUS/sampleapps/consumer/rbusGeneralEventConsumer.c not successfully processed
2025-11-10 16:42:13,299 - Knowledge - INFO - process ingested knowledge for /app/data/T0015/222046/b14710b/RBUS/src/rtmessage/rtHashMap.h
2025-11-10 16:42:13,442 - Knowledge - INFO - [LLM_CALL] Completed: Sample_hal.c:chunk1, Duration: 51906ms, PromptTokens: 3176, CompletionTokens: 740, Cost: $0.00061
2025-11-10 16:42:13,531 - Knowledge - WARNING - File /app/data/T0015/222046/b14710b/RBUS/sampleapps/consumer/rbusRawDataConsumer.c not successfully processed
2025-11-10 16:42:13,636 - Knowledge - INFO - process ingested knowledge for /app/data/T0015/222046/b14710b/RBUS/src/rtmessage/rtBuffer.c
2025-11-10 16:42:13,648 - Knowledge - ERROR - Timeout processing /app/data/T0015/222046/b14710b/RBUS/src/rtmessage/rtThreadPool.c after 90s
2025-11-10 16:42:13,758 - Knowledge - INFO - done ingest for /app/data/T0015/222046/b14710b/RBUS/utils/codegen/ccsp_style_generator/sampleapp/final/Sample_hal.c
2025-11-10 16:42:13,944 - Knowledge - WARNING - File /app/data/T0015/222046/b14710b/RBUS/sampleapps/consumer/rbusSampleConsumer.c not successfully processed
2025-11-10 16:42:14,181 - Knowledge - ERROR - Timeout processing /app/data/T0015/222046/b14710b/RBUS/src/rtmessage/rtLog.c after 90s
2025-11-10 16:42:14,182 - Knowledge - INFO - process ingested knowledge for /app/data/T0015/222046/b14710b/RBUS/src/rtmessage/rtrouteBase.c
2025-11-10 16:42:14,397 - Knowledge - WARNING - File /app/data/T0015/222046/b14710b/RBUS/sampleapps/consumer/rbusEventConsumer.c not successfully processed
2025-11-10 16:42:14,635 - Knowledge - ERROR - Timeout processing /app/data/T0015/222046/b14710b/RBUS/src/rtmessage/rtHashMap.c after 90s
2025-11-10 16:42:14,846 - Knowledge - INFO - Processing batch of 2 files
2025-11-10 16:42:14,952 - Knowledge - ERROR - Timeout processing /app/data/T0015/222046/b14710b/RBUS/src/rtmessage/rtMessageHeader.c after 90s
2025-11-10 16:42:14,964 - Knowledge - INFO - process ingested knowledge for /app/data/T0015/222046/b14710b/RBUS/src/rtmessage/rtsub.c
2025-11-10 16:42:15,157 - Knowledge - INFO - process ingested knowledge for /app/data/T0015/222046/b14710b/RBUS/sampleapps/consumer/rbusBlockingConsumer.c
2025-11-10 16:42:15,251 - Knowledge - ERROR - Timeout processing /app/data/T0015/222046/b14710b/RBUS/src/rtmessage/diag_probe.c after 90s
2025-11-10 16:42:15,612 - Knowledge - INFO - process ingested knowledge for /app/data/T0015/222046/b14710b/RBUS/src/rtmessage/rtMessage.h
2025-11-10 16:42:15,664 - Knowledge - INFO - [LLM_CALL] Completed: rbuscore.h:chunk1, Duration: 68687ms, PromptTokens: 8358, CompletionTokens: 2162, Cost: $0.00170
2025-11-10 16:42:15,754 - Knowledge - ERROR - Timeout processing /app/data/T0015/222046/b14710b/RBUS/src/rtmessage/rtList.c after 90s
2025-11-10 16:42:15,985 - Knowledge - INFO - process ingested knowledge for /app/data/T0015/222046/b14710b/RBUS/src/rtmessage/rtError.c
2025-11-10 16:42:15,988 - Knowledge - INFO - process ingested knowledge for /app/data/T0015/222046/b14710b/RBUS/sampleapps/consumer/sample_rbus_session_mgr.c
2025-11-10 16:42:16,381 - Knowledge - INFO - done ingest for /app/data/T0015/222046/b14710b/RBUS/src/core/rbuscore.h
2025-11-10 16:42:16,953 - Knowledge - ERROR - Timeout processing /app/data/T0015/222046/b14710b/RBUS/src/core/rbuscore_message.c after 90s
2025-11-10 16:42:17,038 - Knowledge - INFO - process ingested knowledge for /app/data/T0015/222046/b14710b/RBUS/src/rtmessage/rtrouter_diag.h
2025-11-10 16:42:17,249 - Knowledge - WARNING - File /app/data/T0015/222046/b14710b/RBUS/src/rtmessage/rtThreadPool.c not successfully processed
2025-11-10 16:42:17,266 - Knowledge - INFO - [WEBSOCKET] Sent: Type=progress_update, Size: 293, Duration: 0ms
2025-11-10 16:42:17,414 - Knowledge - WARNING - File /app/data/T0015/222046/b14710b/RBUS/src/rbus/rbus_element.h not successfully processed
2025-11-10 16:42:17,674 - Knowledge - INFO - [WEBSOCKET] Sent: Type=unknown, Size: ?, Duration: 409ms
2025-11-10 16:42:17,997 - Knowledge - WARNING - File /app/data/T0015/222046/b14710b/RBUS/src/rbus/rbus_valuechange.c not successfully processed
2025-11-10 16:42:18,045 - Knowledge - INFO - Progress: 47.8% | Files: 163/339 | Rate: 1.06 files/sec | Queue: 0
2025-11-10 16:42:18,138 - Knowledge - WARNING - File /app/data/T0015/222046/b14710b/RBUS/src/rtmessage/rtLog.c not successfully processed
2025-11-10 16:42:18,142 - Knowledge - ERROR - Timeout processing /app/data/T0015/222046/b14710b/RBUS/utils/codegen/ccsp_style_generator/scripts/rbus_code_generator_ccsp_style.py after 90s
2025-11-10 16:42:18,511 - Knowledge - ERROR - Timeout processing /app/data/T0015/222046/b14710b/RBUS/sampleapps/consumer/rbusValueChangeMultiConsumer.c after 90s
2025-11-10 16:42:18,848 - Knowledge - ERROR - Timeout processing /app/data/T0015/222046/b14710b/RBUS/utils/codegen/ccsp_style_generator/src/rbus_context_helpers.h after 90s
2025-11-10 16:42:18,989 - Knowledge - ERROR - Timeout processing /app/data/T0015/222046/b14710b/RBUS/sampleapps/provider/rbusTableProvider.c after 90s
2025-11-10 16:42:19,282 - Knowledge - ERROR - Timeout processing /app/data/T0015/222046/b14710b/RBUS/utils/codegen/ccsp_style_generator/sampleapp/final/Sample_rbus.c after 90s
2025-11-10 16:42:19,419 - Knowledge - WARNING - File /app/data/T0015/222046/b14710b/RBUS/src/rtmessage/rtHashMap.c not successfully processed
2025-11-10 16:42:19,447 - Knowledge - ERROR - Timeout processing /app/data/T0015/222046/b14710b/RBUS/sampleapps/provider/rbusGeneralEventProvider.c after 90s
2025-11-10 16:42:19,572 - Knowledge - INFO - Fast-tracked /app/data/T0015/222046/b14710b/RBUS/unittests/rbus_event_server.c (small file (2640 bytes))
2025-11-10 16:42:19,690 - Knowledge - WARNING - File /app/data/T0015/222046/b14710b/RBUS/src/rtmessage/rtMessageHeader.c not successfully processed
2025-11-10 16:42:19,918 - Knowledge - ERROR - Timeout processing /app/data/T0015/222046/b14710b/RBUS/sampleapps/provider/rbusRawDataProvider.c after 90s
2025-11-10 16:42:20,158 - Knowledge - WARNING - File /app/data/T0015/222046/b14710b/RBUS/utils/codegen/ccsp_style_generator/scripts/rbus_code_generator_ccsp_style.py not successfully processed
2025-11-10 16:42:20,220 - Knowledge - WARNING - File /app/data/T0015/222046/b14710b/RBUS/src/session_manager/session_manager.c not successfully processed
2025-11-10 16:42:20,515 - Knowledge - ERROR - Timeout processing /app/data/T0015/222046/b14710b/RBUS/sampleapps/provider/rbusSampleTableProvider.c after 90s
2025-11-10 16:42:20,652 - Knowledge - WARNING - File /app/data/T0015/222046/b14710b/RBUS/utils/codegen/ccsp_style_generator/src/rbus_context_helpers.h not successfully processed
2025-11-10 16:42:20,664 - Knowledge - INFO - Fast-tracked /app/data/T0015/222046/b14710b/RBUS/src/rtmessage/rtMessageHeader.h (small file (2663 bytes))
2025-11-10 16:42:20,912 - Knowledge - ERROR - Timeout processing /app/data/T0015/222046/b14710b/RBUS/sampleapps/provider/rbusEventProvider.c after 90s
2025-11-10 16:42:21,489 - Knowledge - INFO - Fast-tracked /app/data/T0015/222046/b14710b/RBUS/src/rtmessage/rtrouteBase.h (small file (2494 bytes))
2025-11-10 16:42:21,574 - Knowledge - WARNING - File /app/data/T0015/222046/b14710b/RBUS/src/core/rbuscore_message.c not successfully processed
2025-11-10 16:42:21,589 - Knowledge - ERROR - Timeout processing /app/data/T0015/222046/b14710b/RBUS/sampleapps/provider/rbusSampleProvider.c after 90s
2025-11-10 16:42:21,913 - Knowledge - ERROR - Timeout processing /app/data/T0015/222046/b14710b/RBUS/src/rtmessage/rtSocket.c after 90s
2025-11-10 16:42:22,088 - Knowledge - WARNING - File /app/data/T0015/222046/b14710b/RBUS/sampleapps/consumer/rbusValueChangeMultiConsumer.c not successfully processed
2025-11-10 16:42:22,172 - Knowledge - ERROR - Timeout processing /app/data/T0015/222046/b14710b/RBUS/src/rtmessage/rtRoutingTree.h after 90s
2025-11-10 16:42:22,186 - Knowledge - WARNING - File /app/data/T0015/222046/b14710b/RBUS/utils/codegen/ccsp_style_generator/sampleapp/final/Sample_rbus.c not successfully processed
2025-11-10 16:42:22,265 - Knowledge - INFO - [LLM_CALL] Completed: rbus_asyncsubscribe.c:chunk1, Duration: 80266ms, PromptTokens: 8014, CompletionTokens: 1133, Cost: $0.00125
2025-11-10 16:42:22,377 - Knowledge - ERROR - Timeout processing /app/data/T0015/222046/b14710b/RBUS/src/rtmessage/rtMessage.c after 90s
2025-11-10 16:42:22,586 - Knowledge - INFO - done ingest for /app/data/T0015/222046/b14710b/RBUS/src/rbus/rbus_asyncsubscribe.c
2025-11-10 16:42:22,650 - Knowledge - ERROR - Timeout processing /app/data/T0015/222046/b14710b/RBUS/src/rtmessage/rtBase64.c after 90s
2025-11-10 16:42:22,652 - Knowledge - WARNING - File /app/data/T0015/222046/b14710b/RBUS/src/rtmessage/diag_probe.c not successfully processed
2025-11-10 16:42:22,872 - Knowledge - ERROR - Timeout processing /app/data/T0015/222046/b14710b/RBUS/src/rtmessage/rtConnection.h after 90s
2025-11-10 16:42:22,938 - Knowledge - WARNING - File /app/data/T0015/222046/b14710b/RBUS/sampleapps/provider/rbusTableProvider.c not successfully processed
2025-11-10 16:42:23,138 - Knowledge - ERROR - Timeout processing /app/data/T0015/222046/b14710b/RBUS/src/rtmessage/rtCipher.c after 90s
2025-11-10 16:42:23,274 - Knowledge - WARNING - File /app/data/T0015/222046/b14710b/RBUS/sampleapps/provider/rbusGeneralEventProvider.c not successfully processed
2025-11-10 16:42:23,393 - Knowledge - ERROR - Timeout processing /app/data/T0015/222046/b14710b/RBUS/src/rtmessage/rtrouted.c after 90s
2025-11-10 16:42:23,395 - Knowledge - INFO - Processing batch of 9 files
2025-11-10 16:42:23,483 - Knowledge - WARNING - File /app/data/T0015/222046/b14710b/RBUS/sampleapps/provider/rbusRawDataProvider.c not successfully processed
2025-11-10 16:42:23,622 - Knowledge - ERROR - Timeout processing /app/data/T0015/222046/b14710b/RBUS/src/rtmessage/rtVector.c after 90s
2025-11-10 16:42:23,698 - Knowledge - INFO - process ingested knowledge for /app/data/T0015/222046/b14710b/RBUS/utils/CMakeLists.txt
2025-11-10 16:42:24,476 - Knowledge - WARNING - File /app/data/T0015/222046/b14710b/RBUS/sampleapps/provider/rbusSampleTableProvider.c not successfully processed
2025-11-10 16:42:24,772 - Knowledge - WARNING - File /app/data/T0015/222046/b14710b/RBUS/sampleapps/provider/rbusEventProvider.c not successfully processed
2025-11-10 16:42:24,985 - Knowledge - INFO - Processing batch of 11 files
2025-11-10 16:42:24,988 - Knowledge - INFO - process ingested knowledge for /app/data/T0015/222046/b14710b/RBUS/utils/codegen/ccsp_style_generator/scripts/rbus_code_generator_ccsp_style.sh
2025-11-10 16:42:24,994 - Knowledge - ERROR - Timeout processing /app/data/T0015/222046/b14710b/RBUS/src/rbus/rbus_handle.c after 90s
2025-11-10 16:42:25,001 - Knowledge - WARNING - File /app/data/T0015/222046/b14710b/RBUS/src/rtmessage/rtSocket.c not successfully processed
2025-11-10 16:42:25,001 - Knowledge - WARNING - File /app/data/T0015/222046/b14710b/RBUS/src/rtmessage/rtList.c not successfully processed
2025-11-10 16:42:25,020 - Knowledge - WARNING - File /app/data/T0015/222046/b14710b/RBUS/sampleapps/provider/rbusSampleProvider.c not successfully processed
2025-11-10 16:42:25,152 - Knowledge - INFO - process ingested knowledge for /app/data/T0015/222046/b14710b/RBUS/src/session_manager/test/sample_client.c
2025-11-10 16:42:25,240 - Knowledge - INFO - process ingested knowledge for /app/data/T0015/222046/b14710b/RBUS/utils/codegen/ccsp_style_generator/src/rbus_context_helpers.c
2025-11-10 16:42:25,247 - Knowledge - INFO - [WEBSOCKET] Sent: Type=progress_update, Size: 293, Duration: 0ms
2025-11-10 16:42:25,367 - Knowledge - ERROR - Timeout processing /app/data/T0015/222046/b14710b/RBUS/src/rbus/rbus_subscriptions.c after 90s
2025-11-10 16:42:25,836 - Knowledge - INFO - process ingested knowledge for /app/data/T0015/222046/b14710b/RBUS/src/session_manager/rbus_session_mgr.h
2025-11-10 16:42:25,888 - Knowledge - INFO - process ingested knowledge for /app/data/T0015/222046/b14710b/RBUS/utils/codegen/ccsp_style_generator/sampleapp/final/Sample_hal.h
2025-11-10 16:42:25,965 - Knowledge - INFO - Processing batch of 9 files
2025-11-10 16:42:25,965 - Knowledge - INFO - Processing batch of 5 files
2025-11-10 16:42:25,965 - Knowledge - INFO - [WEBSOCKET] Sent: Type=unknown, Size: ?, Duration: 718ms
2025-11-10 16:42:26,073 - Knowledge - ERROR - Timeout processing /app/data/T0015/222046/b14710b/RBUS/src/rbus/rbus_filter.c after 90s
2025-11-10 16:42:26,218 - Knowledge - INFO - process ingested knowledge for /app/data/T0015/222046/b14710b/RBUS/src/session_manager/CMakeLists.txt
2025-11-10 16:42:26,310 - Knowledge - INFO - process ingested knowledge for /app/data/T0015/222046/b14710b/RBUS/utils/codegen/ccsp_style_generator/sampleapp/final/Sample_app.c
2025-11-10 16:42:26,409 - Knowledge - INFO - process ingested knowledge for /app/data/T0015/222046/b14710b/RBUS/src/rtmessage/rtBase64.h
2025-11-10 16:42:26,543 - Knowledge - INFO - process ingested knowledge for /app/data/T0015/222046/b14710b/RBUS/sampleapps/consumer/rbusDmlBlockingConsumer.c
2025-11-10 16:42:26,654 - Knowledge - INFO - Progress: 57.8% | Files: 197/339 | Rate: 1.22 files/sec | Queue: 0
2025-11-10 16:42:26,661 - Knowledge - WARNING - File /app/data/T0015/222046/b14710b/RBUS/src/rtmessage/rtRoutingTree.h not successfully processed
2025-11-10 16:42:26,767 - Knowledge - ERROR - Timeout processing /app/data/T0015/222046/b14710b/RBUS/src/rbus/rbus_buffer.c after 90s
2025-11-10 16:42:26,967 - Knowledge - INFO - process ingested knowledge for /app/data/T0015/222046/b14710b/RBUS/src/CMakeLists.txt
2025-11-10 16:42:27,021 - Knowledge - INFO - process ingested knowledge for /app/data/T0015/222046/b14710b/RBUS/utils/codegen/ccsp_style_generator/sampleapp/final/Sample_rbus.h
2025-11-10 16:42:27,260 - Knowledge - INFO - process ingested knowledge for /app/data/T0015/222046/b14710b/RBUS/src/rtmessage/rtAtomic.h
2025-11-10 16:42:27,274 - Knowledge - INFO - process ingested knowledge for /app/data/T0015/222046/b14710b/RBUS/sampleapps/CMakeLists.txt
2025-11-10 16:42:27,516 - Knowledge - INFO - [LLM_CALL] Completed: dmProvider.cpp:chunk1, Duration: 66598ms, PromptTokens: 2720, CompletionTokens: 367, Cost: $0.00042
2025-11-10 16:42:27,683 - Knowledge - INFO - process ingested knowledge for /app/data/T0015/222046/b14710b/RBUS/src/core/rbuscore_logger.h
2025-11-10 16:42:27,758 - Knowledge - INFO - process ingested knowledge for /app/data/T0015/222046/b14710b/RBUS/utils/codegen/ccsp_style_generator/sampleapp/final/Sample_hal.c
2025-11-10 16:42:27,849 - Knowledge - INFO - process ingested knowledge for /app/data/T0015/222046/b14710b/RBUS/src/rtmessage/rtm_discovery_api.h
2025-11-10 16:42:27,938 - Knowledge - INFO - process ingested knowledge for /app/data/T0015/222046/b14710b/RBUS/sampleapps/message/rbusMessageListener.c
2025-11-10 16:42:28,011 - Knowledge - ERROR - Timeout processing /app/data/T0015/222046/b14710b/RBUS/src/rbus/rbus_object.c after 90s
2025-11-10 16:42:28,045 - Knowledge - INFO - done ingest for /app/data/T0015/222046/b14710b/RBUS/utils/dataProvider/dmProvider.cpp
2025-11-10 16:42:28,097 - Knowledge - WARNING - File /app/data/T0015/222046/b14710b/RBUS/src/rtmessage/rtMessage.c not successfully processed
2025-11-10 16:42:28,125 - Knowledge - WARNING - File /app/data/T0015/222046/b14710b/RBUS/src/rbus/rbus_tokenchain.c not successfully processed
2025-11-10 16:42:28,130 - Knowledge - INFO - process ingested knowledge for /app/data/T0015/222046/b14710b/RBUS/src/core/rbuscore.c
2025-11-10 16:42:28,200 - Knowledge - INFO - process ingested knowledge for /app/data/T0015/222046/b14710b/RBUS/utils/codegen/ccsp_style_generator/sampleapp/codegen.sh
2025-11-10 16:42:28,271 - Knowledge - INFO - process ingested knowledge for /app/data/T0015/222046/b14710b/RBUS/src/rtmessage/local_benchmarking.h
2025-11-10 16:42:28,343 - Knowledge - INFO - process ingested knowledge for /app/data/T0015/222046/b14710b/RBUS/sampleapps/message/rbusMessageSender.c
2025-11-10 16:42:28,959 - Knowledge - INFO - process ingested knowledge for /app/data/T0015/222046/b14710b/RBUS/src/core/CMakeLists.txt
2025-11-10 16:42:28,690 - Knowledge - WARNING - File /app/data/T0015/222046/b14710b/RBUS/src/rtmessage/rtBase64.c not successfully processed
2025-11-10 16:42:28,820 - Knowledge - WARNING - File /app/data/T0015/222046/b14710b/RBUS/src/rbus/rbus_handle.c not successfully processed
2025-11-10 16:42:28,428 - Knowledge - ERROR - Timeout processing /app/data/T0015/222046/b14710b/RBUS/src/rbus/rbus_message.h after 90s
2025-11-10 16:42:29,109 - Knowledge - INFO - process ingested knowledge for /app/data/T0015/222046/b14710b/RBUS/utils/codegen/ccsp_style_generator/sampleapp/Sample_dm.xml
2025-11-10 16:42:29,156 - Knowledge - INFO - process ingested knowledge for /app/data/T0015/222046/b14710b/RBUS/src/rtmessage/rtMemory.h
2025-11-10 16:42:29,404 - Knowledge - INFO - process ingested knowledge for /app/data/T0015/222046/b14710b/RBUS/sampleapps/provider/utilities.h
2025-11-10 16:42:29,489 - Knowledge - INFO - process ingested knowledge for /app/data/T0015/222046/b14710b/RBUS/src/core/rbuscore.h
2025-11-10 16:42:29,880 - Knowledge - ERROR - Timeout processing /app/data/T0015/222046/b14710b/RBUS/src/rbus/rbus_intervalsubscription.c after 90s
2025-11-10 16:42:29,935 - Knowledge - WARNING - File /app/data/T0015/222046/b14710b/RBUS/src/rbus/rbus_subscriptions.c not successfully processed
2025-11-10 16:42:29,973 - Knowledge - WARNING - File /app/data/T0015/222046/b14710b/RBUS/src/rtmessage/rtConnection.h not successfully processed
2025-11-10 16:42:30,386 - Knowledge - INFO - process ingested knowledge for /app/data/T0015/222046/b14710b/RBUS/src/rtmessage/rtSocket.h
2025-11-10 16:42:30,632 - Knowledge - ERROR - Timeout processing /app/data/T0015/222046/b14710b/RBUS/src/rbus/rbus_element.c after 90s
2025-11-10 16:42:30,995 - Knowledge - WARNING - File /app/data/T0015/222046/b14710b/RBUS/src/rtmessage/rtCipher.c not successfully processed
2025-11-10 16:42:31,616 - Knowledge - ERROR - Timeout processing /app/data/T0015/222046/b14710b/RBUS/src/rbus/rbus_message.c after 90s
2025-11-10 16:42:31,724 - Knowledge - WARNING - File /app/data/T0015/222046/b14710b/RBUS/src/rtmessage/rtrouted.c not successfully processed
2025-11-10 16:42:31,793 - Knowledge - INFO - process ingested knowledge for /app/data/T0015/222046/b14710b/RBUS/src/core/rbuscore_message.h
2025-11-10 16:42:31,802 - Knowledge - INFO - process ingested knowledge for /app/data/T0015/222046/b14710b/RBUS/src/rtmessage/rtAdvisory.h
2025-11-10 16:42:31,897 - Knowledge - ERROR - Timeout processing /app/data/T0015/222046/b14710b/RBUS/src/rbus/rbus_property.c after 90s
2025-11-10 16:42:31,966 - Knowledge - WARNING - File /app/data/T0015/222046/b14710b/RBUS/src/rbus/rbus_filter.c not successfully processed
2025-11-10 16:42:32,104 - Knowledge - WARNING - File /app/data/T0015/222046/b14710b/RBUS/src/rtmessage/rtVector.c not successfully processed
2025-11-10 16:42:32,461 - Knowledge - ERROR - Timeout processing /app/data/T0015/222046/b14710b/RBUS/utils/dataProvider/dmProviderHost.cpp after 90s
2025-11-10 16:42:32,532 - Knowledge - ERROR - Timeout processing /app/data/T0015/222046/b14710b/RBUS/src/rbus/rbus_value.c after 90s
2025-11-10 16:42:32,652 - Knowledge - WARNING - File /app/data/T0015/222046/b14710b/RBUS/src/rbus/rbus_buffer.c not successfully processed
2025-11-10 16:42:32,698 - Knowledge - INFO - process ingested knowledge for /app/data/T0015/222046/b14710b/RBUS/src/core/rbuscore_types.h
2025-11-10 16:42:32,793 - Knowledge - INFO - process ingested knowledge for /app/data/T0015/222046/b14710b/RBUS/src/rtmessage/rtString.h
2025-11-10 16:42:32,819 - Knowledge - INFO - Fast-tracked /app/data/T0015/222046/b14710b/RBUS/unittests/rbusTokenTest.cpp (small file (2501 bytes))
2025-11-10 16:42:32,926 - Knowledge - ERROR - Timeout processing /app/data/T0015/222046/b14710b/RBUS/utils/dataProvider/dmValue.cpp after 90s
2025-11-10 16:42:33,013 - Knowledge - INFO - [LLM_CALL] Completed: dmUtility.h:chunk1, Duration: 30446ms, PromptTokens: 2736, CompletionTokens: 456, Cost: $0.00046
2025-11-10 16:42:33,072 - Knowledge - ERROR - Timeout processing /app/data/T0015/222046/b14710b/RBUS/src/rbus/rbus_subscriptions.h after 90s
2025-11-10 16:42:33,661 - Knowledge - INFO - process ingested knowledge for /app/data/T0015/222046/b14710b/RBUS/src/rtmessage/rtDebug.h
2025-11-10 16:42:33,781 - Knowledge - ERROR - Timeout processing /app/data/T0015/222046/b14710b/RBUS/unittests/rbusPropertyTest.cpp after 90s
2025-11-10 16:42:33,843 - Knowledge - INFO - done ingest for /app/data/T0015/222046/b14710b/RBUS/utils/dataProvider/dmUtility.h
2025-11-10 16:42:33,844 - Knowledge - INFO - process ingested knowledge for /app/data/T0015/222046/b14710b/RBUS/src/rtmessage/rtSemaphore.h
2025-11-10 16:42:33,855 - Knowledge - INFO - Processing batch of 10 files
2025-11-10 16:42:33,886 - Knowledge - ERROR - Timeout processing /app/data/T0015/222046/b14710b/RBUS/unittests/rbusProvider.cpp after 90s
2025-11-10 16:42:33,949 - Knowledge - ERROR - Timeout processing /app/data/T0015/222046/b14710b/RBUS/src/rbus/rbus_handle.h after 90s
2025-11-10 16:42:34,246 - Knowledge - ERROR - Timeout processing /app/data/T0015/222046/b14710b/RBUS/unittests/rbus_unit_test_event_server.cpp after 90s
2025-11-10 16:42:34,705 - Knowledge - INFO - process ingested knowledge for /app/data/T0015/222046/b14710b/RBUS/test/core/rbus_client_utility.c
2025-11-10 16:42:34,877 - Knowledge - INFO - Fast-tracked /app/data/T0015/222046/b14710b/RBUS/unittests/rbusProviderConsumer.h (small file (3017 bytes))
2025-11-10 16:42:35,025 - Knowledge - ERROR - Timeout processing /app/data/T0015/222046/b14710b/RBUS/unittests/rbusObjectTest.cpp after 90s
2025-11-10 16:42:35,123 - Knowledge - WARNING - File /app/data/T0015/222046/b14710b/RBUS/src/rbus/rbus_message.h not successfully processed
2025-11-10 16:42:35,202 - Knowledge - ERROR - Timeout processing /app/data/T0015/222046/b14710b/RBUS/unittests/rbusValueTest.cpp after 90s
2025-11-10 16:42:35,859 - Knowledge - WARNING - File /app/data/T0015/222046/b14710b/RBUS/src/rbus/rbus_intervalsubscription.c not successfully processed
2025-11-10 16:42:35,866 - Knowledge - ERROR - Timeout processing /app/data/T0015/222046/b14710b/RBUS/unittests/rbus_unit_test_marshalling.cpp after 90s
2025-11-10 16:42:36,017 - Knowledge - ERROR - Timeout processing /app/data/T0015/222046/b14710b/RBUS/unittests/rbus_unit_test_event_client.cpp after 90s
2025-11-10 16:42:36,188 - Knowledge - WARNING - File /app/data/T0015/222046/b14710b/RBUS/src/rbus/rbus_element.c not successfully processed
2025-11-10 16:42:36,366 - Knowledge - ERROR - Timeout processing /app/data/T0015/222046/b14710b/RBUS/unittests/rbusMessageTest.cpp after 90s
2025-11-10 16:42:36,431 - Knowledge - ERROR - Timeout processing /app/data/T0015/222046/b14710b/RBUS/unittests/rbus_unit_test_nested_servers.cpp after 90s
2025-11-10 16:42:36,588 - Knowledge - INFO - [WEBSOCKET] Sent: Type=progress_update, Size: 293, Duration: 0ms
2025-11-10 16:42:36,746 - Knowledge - WARNING - File /app/data/T0015/222046/b14710b/RBUS/utils/dataProvider/dmProviderHost.cpp not successfully processed
2025-11-10 16:42:36,884 - Knowledge - WARNING - File /app/data/T0015/222046/b14710b/RBUS/src/rbus/rbus_message.c not successfully processed
2025-11-10 16:42:36,988 - Knowledge - ERROR - Timeout processing /app/data/T0015/222046/b14710b/RBUS/unittests/rbusFunctionalityTest.cpp after 90s
2025-11-10 16:42:37,015 - Knowledge - ERROR - Timeout processing /app/data/T0015/222046/b14710b/RBUS/src/rtmessage/rtSemaphore.c after 90s
2025-11-10 16:42:37,022 - Knowledge - INFO - process ingested knowledge for /app/data/T0015/222046/b14710b/RBUS/test/core/CMakeLists.txt
2025-11-10 16:42:37,171 - Knowledge - INFO - [WEBSOCKET] Sent: Type=unknown, Size: ?, Duration: 584ms
2025-11-10 16:42:37,335 - Knowledge - WARNING - File /app/data/T0015/222046/b14710b/RBUS/src/rbus/rbus_property.c not successfully processed
2025-11-10 16:42:37,520 - Knowledge - WARNING - File /app/data/T0015/222046/b14710b/RBUS/unittests/rbusPropertyTest.cpp not successfully processed
2025-11-10 16:42:37,629 - Knowledge - ERROR - Timeout processing /app/data/T0015/222046/b14710b/RBUS/src/rtmessage/rtTime.h after 90s
2025-11-10 16:42:37,807 - Knowledge - ERROR - Timeout processing /app/data/T0015/222046/b14710b/RBUS/unittests/rbus_test_util.h after 90s
2025-11-10 16:42:38,043 - Knowledge - INFO - Progress: 62.2% | Files: 213/339 | Rate: 1.24 files/sec | Queue: 0
2025-11-10 16:42:38,058 - Knowledge - INFO - Processing batch of 7 files
2025-11-10 16:42:38,530 - Knowledge - INFO - [LLM_CALL] Completed: util.cpp:chunk1, Duration: 21977ms, PromptTokens: 2814, CompletionTokens: 297, Cost: $0.00040
2025-11-10 16:42:38,616 - Knowledge - ERROR - Timeout processing /app/data/T0015/222046/b14710b/RBUS/src/rtmessage/rtConnection.c after 90s
2025-11-10 16:42:38,629 - Knowledge - INFO - process ingested knowledge for /app/data/T0015/222046/b14710b/RBUS/test/core/loadtest.cpp
2025-11-10 16:42:38,710 - Knowledge - ERROR - Timeout processing /app/data/T0015/222046/b14710b/RBUS/unittests/rbusSessionTest.cpp after 90s
2025-11-10 16:42:38,863 - Knowledge - INFO - process ingested knowledge for /app/data/T0015/222046/b14710b/RBUS/src/rtmessage/rtMemory.c
2025-11-10 16:42:38,948 - Knowledge - INFO - done ingest for /app/data/T0015/222046/b14710b/RBUS/unittests/util.cpp
2025-11-10 16:42:38,948 - Knowledge - INFO - [LLM_CALL] Completed: sample_provider_wifi.cpp:chunk1, Duration: 58140ms, PromptTokens: 3944, CompletionTokens: 576, Cost: $0.00062
2025-11-10 16:42:39,045 - Knowledge - ERROR - Timeout processing /app/data/T0015/222046/b14710b/RBUS/src/rtmessage/rtRoutingTree.c after 90s
2025-11-10 16:42:39,224 - Knowledge - ERROR - Timeout processing /app/data/T0015/222046/b14710b/RBUS/unittests/rbusApiNegTest.cpp after 90s
2025-11-10 16:42:39,569 - Knowledge - INFO - done ingest for /app/data/T0015/222046/b14710b/RBUS/utils/dataProvider/sample_provider_wifi.cpp
2025-11-10 16:42:39,590 - Knowledge - INFO - process ingested knowledge for /app/data/T0015/222046/b14710b/RBUS/test/core/sample_client.c
2025-11-10 16:42:39,626 - Knowledge - WARNING - File /app/data/T0015/222046/b14710b/RBUS/unittests/rbus_unit_test_event_server.cpp not successfully processed
2025-11-10 16:42:39,626 - Knowledge - INFO - process ingested knowledge for /app/data/T0015/222046/b14710b/RBUS/src/rtmessage/rtList.h
2025-11-10 16:42:39,653 - Knowledge - ERROR - Timeout processing /app/data/T0015/222046/b14710b/RBUS/include/rbus_object.h after 90s
2025-11-10 16:42:39,704 - Knowledge - WARNING - File /app/data/T0015/222046/b14710b/RBUS/src/rbus/rbus_value.c not successfully processed
2025-11-10 16:42:39,722 - Knowledge - INFO - [LLM_CALL] Completed: rbusElementTest.cpp:chunk1, Duration: 77738ms, PromptTokens: 8762, CompletionTokens: 571, Cost: $0.00110
2025-11-10 16:42:39,819 - Knowledge - ERROR - Timeout processing /app/data/T0015/222046/b14710b/RBUS/unittests/rbus_unit_test_server.cpp after 90s
2025-11-10 16:42:39,911 - Knowledge - ERROR - Timeout processing /app/data/T0015/222046/b14710b/RBUS/utils/dataProvider/dmClient.cpp after 90s
2025-11-10 16:42:40,051 - Knowledge - WARNING - File /app/data/T0015/222046/b14710b/RBUS/unittests/rbusValueTest.cpp not successfully processed
2025-11-10 16:42:40,222 - Knowledge - INFO - process ingested knowledge for /app/data/T0015/222046/b14710b/RBUS/test/core/rbus_perf.cpp
2025-11-10 16:42:40,223 - Knowledge - ERROR - Timeout processing /app/data/T0015/222046/b14710b/RBUS/include/rbus.h after 90s
2025-11-10 16:42:40,223 - Knowledge - INFO - process ingested knowledge for /app/data/T0015/222046/b14710b/RBUS/src/rtmessage/local_benchmarking.c
2025-11-10 16:42:40,342 - Knowledge - WARNING - File /app/data/T0015/222046/b14710b/RBUS/src/rbus/rbus_subscriptions.h not successfully processed
2025-11-10 16:42:40,412 - Knowledge - INFO - done ingest for /app/data/T0015/222046/b14710b/RBUS/unittests/rbusElementTest.cpp
2025-11-10 16:42:40,432 - Knowledge - WARNING - File /app/data/T0015/222046/b14710b/RBUS/utils/dataProvider/dmValue.cpp not successfully processed
2025-11-10 16:42:40,497 - Knowledge - ERROR - Timeout processing /app/data/T0015/222046/b14710b/RBUS/unittests/rbus_test_util.c after 90s
2025-11-10 16:42:40,648 - Knowledge - WARNING - File /app/data/T0015/222046/b14710b/RBUS/unittests/rbus_unit_test_event_client.cpp not successfully processed
2025-11-10 16:42:40,657 - Knowledge - WARNING - File /app/data/T0015/222046/b14710b/RBUS/utils/dataProvider/dmClient.cpp not successfully processed
2025-11-10 16:42:40,782 - Knowledge - INFO - process ingested knowledge for /app/data/T0015/222046/b14710b/RBUS/test/core/sample_server.c
2025-11-10 16:42:40,853 - Knowledge - INFO - [WEBSOCKET] Sent: Type=progress_update, Size: 290, Duration: 0ms
2025-11-10 16:42:40,856 - Knowledge - ERROR - Timeout processing /app/data/T0015/222046/b14710b/RBUS/include/rbus_property.h after 90s
2025-11-10 16:42:40,991 - Knowledge - INFO - process ingested knowledge for /app/data/T0015/222046/b14710b/RBUS/src/rtmessage/rtEncoder.h
2025-11-10 16:42:41,330 - Knowledge - WARNING - File /app/data/T0015/222046/b14710b/RBUS/unittests/rbusProvider.cpp not successfully processed
2025-11-10 16:42:41,395 - Knowledge - ERROR - Timeout processing /app/data/T0015/222046/b14710b/RBUS/unittests/rbusConsumer.cpp after 90s
2025-11-10 16:42:41,510 - Knowledge - WARNING - File /app/data/T0015/222046/b14710b/RBUS/unittests/rbus_unit_test_nested_servers.cpp not successfully processed
2025-11-10 16:42:41,714 - Knowledge - INFO - process ingested knowledge for /app/data/T0015/222046/b14710b/RBUS/test/core/bin_header.h
2025-11-10 16:42:41,853 - Knowledge - INFO - [LLM_CALL] Completed: rbus_unit_test_multiple_objects.cpp:chunk1, Duration: 39415ms, PromptTokens: 11802, CompletionTokens: 443, Cost: $0.00136
2025-11-10 16:42:42,000 - Knowledge - ERROR - Timeout processing /app/data/T0015/222046/b14710b/RBUS/include/rbus_value.h after 90s
2025-11-10 16:42:42,081 - Knowledge - INFO - process ingested knowledge for /app/data/T0015/222046/b14710b/RBUS/src/rtmessage/rtMessageHeader.h
2025-11-10 16:42:42,147 - Knowledge - WARNING - File /app/data/T0015/222046/b14710b/RBUS/unittests/rbusObjectTest.cpp not successfully processed
2025-11-10 16:42:42,216 - Knowledge - ERROR - Timeout processing /app/data/T0015/222046/b14710b/RBUS/unittests/rbus_unit_test_client.cpp after 90s
2025-11-10 16:42:42,316 - Knowledge - WARNING - File /app/data/T0015/222046/b14710b/RBUS/unittests/rbusFunctionalityTest.cpp not successfully processed
2025-11-10 16:42:42,430 - Knowledge - INFO - process ingested knowledge for /app/data/T0015/222046/b14710b/RBUS/cov_build.sh
2025-11-10 16:42:42,531 - Knowledge - INFO - done ingest for /app/data/T0015/222046/b14710b/RBUS/unittests/rbus_unit_test_multiple_objects.cpp
2025-11-10 16:42:42,541 - Knowledge - INFO - [WEBSOCKET] Sent: Type=unknown, Size: ?, Duration: 1688ms
2025-11-10 16:42:42,612 - Knowledge - ERROR - Timeout processing /app/data/T0015/222046/b14710b/RBUS/include/rbus_buffer.h after 90s
2025-11-10 16:42:42,728 - Knowledge - INFO - process ingested knowledge for /app/data/T0015/222046/b14710b/RBUS/src/rtmessage/rtBuffer.h
2025-11-10 16:42:42,879 - Knowledge - ERROR - Timeout processing /app/data/T0015/222046/b14710b/RBUS/unittests/rbus_unit_stresstest_server.cpp after 90s
2025-11-10 16:42:43,069 - Knowledge - INFO - process ingested knowledge for /app/data/T0015/222046/b14710b/RBUS/src/rbus/rbus_valuechange.h
2025-11-10 16:42:43,165 - Knowledge - ERROR - Timeout processing /app/data/T0015/222046/b14710b/RBUS/unittests/rbusFilterTest.cpp after 90s
2025-11-10 16:42:43,239 - Knowledge - INFO - Progress: 64.3% | Files: 223/339 | Rate: 1.26 files/sec | Queue: 0
2025-11-10 16:42:43,243 - Knowledge - WARNING - File /app/data/T0015/222046/b14710b/RBUS/src/rbus/rbus_handle.h not successfully processed
2025-11-10 16:42:43,273 - Knowledge - WARNING - File /app/data/T0015/222046/b14710b/RBUS/unittests/rbus_unit_test_marshalling.cpp not successfully processed
2025-11-10 16:42:43,281 - Knowledge - INFO - Processing batch of 4 files
2025-11-10 16:42:43,316 - Knowledge - INFO - Processing batch of 9 files
2025-11-10 16:42:43,318 - Knowledge - ERROR - Timeout processing /app/data/T0015/222046/b14710b/RBUS/include/rbus_filter.h after 90s
2025-11-10 16:42:43,446 - Knowledge - INFO - process ingested knowledge for /app/data/T0015/222046/b14710b/RBUS/src/rtmessage/rtrouteBase.h
2025-11-10 16:42:43,522 - Knowledge - WARNING - File /app/data/T0015/222046/b14710b/RBUS/unittests/rbus_test_util.h not successfully processed
2025-11-10 16:42:43,601 - Knowledge - INFO - process ingested knowledge for /app/data/T0015/222046/b14710b/RBUS/src/rbus/rbus_asyncsubscribe.c
2025-11-10 16:42:43,671 - Knowledge - ERROR - Timeout processing /app/data/T0015/222046/b14710b/RBUS/unittests/rbus_unit_test_multiple_servers.cpp after 90s
2025-11-10 16:42:43,878 - Knowledge - WARNING - File /app/data/T0015/222046/b14710b/RBUS/src/rbus/rbus_object.c not successfully processed
2025-11-10 16:42:43,950 - Knowledge - WARNING - File /app/data/T0015/222046/b14710b/RBUS/unittests/rbusMessageTest.cpp not successfully processed
2025-11-10 16:42:44,053 - Knowledge - INFO - process ingested knowledge for /app/data/T0015/222046/b14710b/RBUS/unittests/rbus_test_server.c
2025-11-10 16:42:44,157 - Knowledge - INFO - process ingested knowledge for /app/data/T0015/222046/b14710b/RBUS/utils/dataProvider/CMakeLists.txt
2025-11-10 16:42:44,260 - Knowledge - ERROR - Timeout processing /app/data/T0015/222046/b14710b/RBUS/sampleapps/consumer/rbusDirectConsumer.c after 90s
2025-11-10 16:42:44,446 - Knowledge - WARNING - File /app/data/T0015/222046/b14710b/RBUS/unittests/rbusSessionTest.cpp not successfully processed
2025-11-10 16:42:44,635 - Knowledge - WARNING - File /app/data/T0015/222046/b14710b/RBUS/unittests/rbusFilterTest.cpp not successfully processed
2025-11-10 16:42:44,837 - Knowledge - INFO - Processing batch of 4 files
2025-11-10 16:42:44,899 - Knowledge - INFO - Processing batch of 6 files
2025-11-10 16:42:44,976 - Knowledge - INFO - process ingested knowledge for /app/data/T0015/222046/b14710b/RBUS/unittests/main.cpp
2025-11-10 16:42:45,053 - Knowledge - INFO - process ingested knowledge for /app/data/T0015/222046/b14710b/RBUS/utils/dataProvider/dmError.h
2025-11-10 16:42:45,171 - Knowledge - WARNING - File /app/data/T0015/222046/b14710b/RBUS/unittests/rbusApiNegTest.cpp not successfully processed
2025-11-10 16:42:45,215 - Knowledge - WARNING - File /app/data/T0015/222046/b14710b/RBUS/src/rtmessage/rtSemaphore.c not successfully processed
2025-11-10 16:42:45,321 - Knowledge - INFO - process ingested knowledge for /app/data/T0015/222046/b14710b/RBUS/utils/dataProvider/dmQueryResult.cpp
2025-11-10 16:42:45,395 - Knowledge - INFO - process ingested knowledge for /app/data/T0015/222046/b14710b/RBUS/src/rbus/CMakeLists.txt
2025-11-10 16:42:45,440 - Knowledge - INFO - [WEBSOCKET] Sent: Type=progress_update, Size: 293, Duration: 0ms
2025-11-10 16:42:45,568 - Knowledge - INFO - process ingested knowledge for /app/data/T0015/222046/b14710b/RBUS/unittests/rbusTokenTest.cpp
2025-11-10 16:42:45,677 - Knowledge - INFO - process ingested knowledge for /app/data/T0015/222046/b14710b/RBUS/utils/dataProvider/dmProviderInfo.cpp
2025-11-10 16:42:45,713 - Knowledge - WARNING - File /app/data/T0015/222046/b14710b/RBUS/unittests/rbus_unit_test_server.cpp not successfully processed
2025-11-10 16:42:45,839 - Knowledge - WARNING - File /app/data/T0015/222046/b14710b/RBUS/src/rtmessage/rtTime.h not successfully processed
2025-11-10 16:42:45,924 - Knowledge - INFO - process ingested knowledge for /app/data/T0015/222046/b14710b/RBUS/utils/dataProvider/dmProviderDatabase.h
2025-11-10 16:42:46,000 - Knowledge - INFO - process ingested knowledge for /app/data/T0015/222046/b14710b/RBUS/src/rbus/rbus_asyncsubscribe.h
2025-11-10 16:42:46,075 - Knowledge - WARNING - File /app/data/T0015/222046/b14710b/RBUS/unittests/rbus_unit_test_multiple_servers.cpp not successfully processed
2025-11-10 16:42:46,076 - Knowledge - INFO - [WEBSOCKET] Sent: Type=unknown, Size: ?, Duration: 636ms
2025-11-10 16:42:46,143 - Knowledge - INFO - process ingested knowledge for /app/data/T0015/222046/b14710b/RBUS/unittests/CMakeLists.txt
2025-11-10 16:42:46,216 - Knowledge - INFO - process ingested knowledge for /app/data/T0015/222046/b14710b/RBUS/utils/dataProvider/dmQuery.h
2025-11-10 16:42:46,336 - Knowledge - WARNING - File /app/data/T0015/222046/b14710b/RBUS/unittests/rbus_test_util.c not successfully processed
2025-11-10 16:42:46,505 - Knowledge - INFO - process ingested knowledge for /app/data/T0015/222046/b14710b/RBUS/README.md
2025-11-10 16:42:46,574 - Knowledge - INFO - process ingested knowledge for /app/data/T0015/222046/b14710b/RBUS/src/rbus/rbus_tokenchain.h
2025-11-10 16:42:46,720 - Knowledge - INFO - Progress: 69.9% | Files: 239/339 | Rate: 1.31 files/sec | Queue: 0
2025-11-10 16:42:46,749 - Knowledge - WARNING - File /app/data/T0015/222046/b14710b/RBUS/src/rtmessage/rtConnection.c not successfully processed
2025-11-10 16:42:46,756 - Knowledge - INFO - Processing batch of 6 files
2025-11-10 16:42:46,930 - Knowledge - INFO - process ingested knowledge for /app/data/T0015/222046/b14710b/RBUS/utils/dataProvider/dmProvider.cpp
2025-11-10 16:42:46,993 - Knowledge - WARNING - File /app/data/T0015/222046/b14710b/RBUS/unittests/rbusConsumer.cpp not successfully processed
2025-11-10 16:42:47,078 - Knowledge - INFO - process ingested knowledge for /app/data/T0015/222046/b14710b/RBUS/unittests/rbus_event_server.c
2025-11-10 16:42:47,170 - Knowledge - INFO - process ingested knowledge for /app/data/T0015/222046/b14710b/RBUS/src/rbus/rbus.c
2025-11-10 16:42:47,334 - Knowledge - WARNING - File /app/data/T0015/222046/b14710b/RBUS/src/rtmessage/rtRoutingTree.c not successfully processed
2025-11-10 16:42:47,419 - Knowledge - INFO - process ingested knowledge for /app/data/T0015/222046/b14710b/RBUS/unittests/rbusElementTest.cpp
2025-11-10 16:42:47,491 - Knowledge - INFO - process ingested knowledge for /app/data/T0015/222046/b14710b/RBUS/utils/dataProvider/dmPropertyInfo.cpp
2025-11-10 16:42:47,564 - Knowledge - WARNING - File /app/data/T0015/222046/b14710b/RBUS/unittests/rbus_unit_test_client.cpp not successfully processed
2025-11-10 16:42:47,733 - Knowledge - INFO - process ingested knowledge for /app/data/T0015/222046/b14710b/RBUS/src/rbus/rbus_log.h
2025-11-10 16:42:47,855 - Knowledge - WARNING - File /app/data/T0015/222046/b14710b/RBUS/include/rbus_object.h not successfully processed
2025-11-10 16:42:47,955 - Knowledge - INFO - process ingested knowledge for /app/data/T0015/222046/b14710b/RBUS/unittests/rbus_unit_test_multiple_objects.cpp
2025-11-10 16:42:47,964 - Knowledge - INFO - process ingested knowledge for /app/data/T0015/222046/b14710b/RBUS/utils/dataProvider/dmProviderOperation.h
2025-11-10 16:42:48,113 - Knowledge - WARNING - File /app/data/T0015/222046/b14710b/RBUS/unittests/rbus_unit_stresstest_server.cpp not successfully processed
2025-11-10 16:42:48,153 - Knowledge - INFO - process ingested knowledge for /app/data/T0015/222046/b14710b/RBUS/src/rbus/rbus_intervalsubscription.h
2025-11-10 16:42:48,221 - Knowledge - WARNING - File /app/data/T0015/222046/b14710b/RBUS/include/rbus.h not successfully processed
2025-11-10 16:42:48,348 - Knowledge - INFO - process ingested knowledge for /app/data/T0015/222046/b14710b/RBUS/unittests/util.cpp
2025-11-10 16:42:48,422 - Knowledge - INFO - process ingested knowledge for /app/data/T0015/222046/b14710b/RBUS/utils/dataProvider/sample_provider_wifi.cpp
2025-11-10 16:42:48,511 - Knowledge - INFO - Processing batch of 2 files
2025-11-10 16:42:48,672 - Knowledge - WARNING - File /app/data/T0015/222046/b14710b/RBUS/include/rbus_property.h not successfully processed
2025-11-10 16:42:48,767 - Knowledge - INFO - process ingested knowledge for /app/data/T0015/222046/b14710b/RBUS/CONTRIBUTING.md
2025-11-10 16:42:48,902 - Knowledge - INFO - process ingested knowledge for /app/data/T0015/222046/b14710b/RBUS/unittests/rbusProviderConsumer.h
2025-11-10 16:42:48,909 - Knowledge - INFO - process ingested knowledge for /app/data/T0015/222046/b14710b/RBUS/utils/dataProvider/dmUtility.h
2025-11-10 16:42:48,971 - Knowledge - WARNING - File /app/data/T0015/222046/b14710b/RBUS/include/rbus_value.h not successfully processed
2025-11-10 16:42:49,086 - Knowledge - INFO - process ingested knowledge for /app/data/T0015/222046/b14710b/RBUS/build_dependencies.sh
2025-11-10 16:42:49,186 - Knowledge - INFO - process ingested knowledge for /app/data/T0015/222046/b14710b/RBUS/unittests/gtest_app.h
2025-11-10 16:42:49,309 - Knowledge - WARNING - File /app/data/T0015/222046/b14710b/RBUS/include/rbus_buffer.h not successfully processed
2025-11-10 16:42:49,384 - Knowledge - INFO - [WEBSOCKET] Sent: Type=progress_update, Size: 293, Duration: 0ms
2025-11-10 16:42:49,516 - Knowledge - INFO - process ingested knowledge for /app/data/T0015/222046/b14710b/RBUS/memoryleak.sh
2025-11-10 16:42:49,626 - Knowledge - WARNING - File /app/data/T0015/222046/b14710b/RBUS/include/rbus_filter.h not successfully processed
2025-11-10 16:42:49,729 - Knowledge - INFO - [WEBSOCKET] Sent: Type=unknown, Size: ?, Duration: 345ms
2025-11-10 16:42:49,887 - Knowledge - WARNING - File /app/data/T0015/222046/b14710b/RBUS/sampleapps/consumer/rbusDirectConsumer.c not successfully processed
2025-11-10 16:42:49,996 - Knowledge - INFO - Progress: 72.9% | Files: 247/339 | Rate: 1.33 files/sec | Queue: 0
2025-11-10 16:42:50,068 - Knowledge - INFO - Processing batch of 4 files
2025-11-10 16:42:50,232 - Knowledge - INFO - process ingested knowledge for /app/data/T0015/222046/b14710b/RBUS/src/rtmessage/rtRetainable.h
2025-11-10 16:42:50,427 - Knowledge - INFO - process ingested knowledge for /app/data/T0015/222046/b14710b/RBUS/src/rtmessage/rtEncoder.c
2025-11-10 16:42:50,713 - Knowledge - INFO - process ingested knowledge for /app/data/T0015/222046/b14710b/RBUS/src/rtmessage/rtCipher.h
2025-11-10 16:42:50,867 - Knowledge - INFO - process ingested knowledge for /app/data/T0015/222046/b14710b/RBUS/src/rtmessage/rtVector.h
2025-11-10 16:42:51,402 - Knowledge - INFO - Knowledge creation complete
2025-11-10 16:42:51,600 - Knowledge - INFO - ==================================================
2025-11-10 16:42:51,757 - Knowledge - INFO - KNOWLEDGE GRAPH GENERATION PERFORMANCE SUMMARY
2025-11-10 16:42:51,918 - Knowledge - INFO - ==================================================
2025-11-10 16:42:52,075 - Knowledge - INFO - Total processing time: 188.26 seconds (3.14 minutes)
2025-11-10 16:42:52,253 - Knowledge - INFO - Files processed: 0
2025-11-10 16:42:52,409 - Knowledge - INFO - Processing rate: 0.00 files/second
2025-11-10 16:42:52,552 - Knowledge - INFO - 
[TIME_BREAKDOWN]
2025-11-10 16:42:52,706 - Knowledge - INFO - File Reading: 0.00s (0.0%)
2025-11-10 16:42:52,876 - Knowledge - INFO - LLM Processing: 1034.74s (549.6%)
2025-11-10 16:42:53,041 - Knowledge - INFO - MongoDB Operations: 0.00s (0.0%)
2025-11-10 16:42:53,173 - Knowledge - INFO - Redis Operations: 0.00s (0.0%)
2025-11-10 16:42:53,398 - Knowledge - INFO - WebSocket Communication: 5.28s (2.8%)
2025-11-10 16:42:53,549 - Knowledge - INFO - 
[LLM_STATS]
2025-11-10 16:42:53,705 - Knowledge - INFO - Total LLM calls: 21
2025-11-10 16:42:54,008 - Knowledge - INFO - Average LLM response time: 49273ms
2025-11-10 16:42:54,152 - Knowledge - INFO - Average prompt tokens: 6305.2
2025-11-10 16:42:54,330 - Knowledge - INFO - Average completion tokens: 677.7
2025-11-10 16:42:54,493 - Knowledge - INFO - Total prompt tokens: 132410
2025-11-10 16:42:54,664 - Knowledge - INFO - Total completion tokens: 14231
2025-11-10 16:42:54,858 - Knowledge - INFO - Total LLM cost: $0.0189
2025-11-10 16:42:55,016 - Knowledge - INFO - 
[DATABASE_STATS]
2025-11-10 16:42:55,174 - Knowledge - INFO - MongoDB operations: 0
2025-11-10 16:42:55,400 - Knowledge - INFO - Redis operations: 0
2025-11-10 16:42:55,544 - Knowledge - INFO - 
[COMMUNICATION_STATS]
2025-11-10 16:42:55,709 - Knowledge - INFO - WebSocket messages sent: 20
2025-11-10 16:42:55,902 - Knowledge - INFO - Average message size: 145.8 bytes
2025-11-10 16:42:56,091 - Knowledge - INFO - 
[WORKER_STATS]
2025-11-10 16:42:56,265 - Knowledge - INFO - 
[FILE_TYPE_STATS]
2025-11-10 16:42:56,432 - Knowledge - INFO - 
[SLOWEST_FILES]
2025-11-10 16:42:56,589 - Knowledge - INFO - ==================================================
2025-11-10 16:42:56,767 - Knowledge - INFO - ==================================================
2025-11-10 16:42:56,930 - Knowledge - INFO - KNOWLEDGE GRAPH GENERATION PERFORMANCE SUMMARY
2025-11-10 16:42:57,117 - Knowledge - INFO - ==================================================
2025-11-10 16:42:57,283 - Knowledge - INFO - Total processing time: 193.57 seconds (3.23 minutes)
2025-11-10 16:42:57,426 - Knowledge - INFO - Files processed: 247 of 339
2025-11-10 16:42:57,649 - Knowledge - INFO - Processing rate: 1.28 files/second
2025-11-10 16:42:57,841 - Knowledge - INFO - WebSocket messages sent: 10
2025-11-10 16:42:57,990 - Knowledge - INFO - MongoDB operations: 247
2025-11-10 16:42:58,200 - Knowledge - INFO - Average MongoDB ops per file: 1.00
2025-11-10 16:42:58,400 - Knowledge - INFO - LLM costs: $0.0189
2025-11-10 16:42:58,563 - Knowledge - INFO - Prompt tokens: 132410
2025-11-10 16:42:58,747 - Knowledge - INFO - Completion tokens: 14231
2025-11-10 16:42:58,917 - Knowledge - INFO - Updating org costs, total cost: 0.018933400000000003
2025-11-10 16:43:00,132 - Knowledge - INFO - [WEBSOCKET] Sent: Type=progress_update, Size: 269, Duration: 0ms
2025-11-10 16:43:00,339 - Knowledge - INFO - Saving knowledge to Redis...
2025-11-10 16:43:00,723 - Knowledge - INFO - Knowledge saved to Redis successfully
2025-11-10 16:55:24,392 - Knowledge - INFO - Created shared MongoDB connection pool
2025-11-10 16:55:24,712 - Knowledge - INFO - Starting Knowledge Graph processing with 20 threads
2025-11-10 16:55:24,882 - Knowledge - INFO - Initial configuration: chunk_size=65536, max_cache_size=500
2025-11-10 16:55:25,076 - Knowledge - INFO - Knowledge Graph concurrency configuration: workers=20, max_batch_size=25, max_concurrent_llm_calls=50
2025-11-10 16:55:25,982 - Knowledge - INFO - 🔍 _load_persisted_knowledge called - checking for Redis optimization
2025-11-10 16:55:26,157 - Knowledge - WARNING - ❌ load_from_redis method not found - Redis support not attached
2025-11-10 16:55:26,356 - Knowledge - INFO - load persisted knowledge: begin
2025-11-10 16:55:28,358 - Knowledge - INFO - Persisted knowledge files in /app/data/T0015/222062/b1810jj/RBUS/.knowledge have been renamed to use .json
2025-11-10 16:55:28,574 - Knowledge - INFO - Found code-base-name: https://github.com/DarssiniRamesh/RBUS.git:main
2025-11-10 16:55:28,735 - Knowledge - INFO - Found code_base: <app.utils.kg_build.knowledge.KnowledgeCodeBase object at 0x7f95ddec9210>
2025-11-10 16:55:28,961 - Knowledge - INFO - Found code-base-name: https://github.com/DarssiniRamesh/RBUS.git:main
2025-11-10 16:55:29,138 - Knowledge - INFO - Found code_base: <app.utils.kg_build.knowledge.KnowledgeCodeBase object at 0x7f95ddec9210>
2025-11-10 16:55:29,313 - Knowledge - INFO - persist ingested knowledge for /app/data/T0015/222062/b1810jj/RBUS/cov_build.sh
2025-11-10 16:55:29,554 - Knowledge - INFO - [MONGODB_OP] Completed: persist, Collection: file_info, Duration: 81ms
2025-11-10 16:55:30,289 - Knowledge - INFO - [REDIS_OP] Completed: store_embedding, Key: cov_build.sh, Duration: 550ms
2025-11-10 16:55:30,489 - Knowledge - INFO - persist search terms embedding for cov_build.sh
2025-11-10 16:55:30,665 - Knowledge - INFO - process ingested knowledge for /app/data/T0015/222062/b1810jj/RBUS/cov_build.sh
2025-11-10 16:55:30,838 - Knowledge - INFO - Found code-base-name: https://github.com/DarssiniRamesh/RBUS.git:main
2025-11-10 16:55:31,033 - Knowledge - INFO - Found code_base: <app.utils.kg_build.knowledge.KnowledgeCodeBase object at 0x7f95ddec9210>
2025-11-10 16:55:31,291 - Knowledge - INFO - Found code-base-name: https://github.com/DarssiniRamesh/RBUS.git:main
2025-11-10 16:55:31,471 - Knowledge - INFO - Found code_base: <app.utils.kg_build.knowledge.KnowledgeCodeBase object at 0x7f95ddec9210>
2025-11-10 16:55:31,637 - Knowledge - INFO - persist ingested knowledge for /app/data/T0015/222062/b1810jj/RBUS/utils/dataProvider/dmError.cpp
2025-11-10 16:55:31,900 - Knowledge - INFO - [MONGODB_OP] Completed: persist, Collection: file_info, Duration: 82ms
2025-11-10 16:55:32,323 - Knowledge - INFO - [REDIS_OP] Completed: store_embedding, Key: utils/dataProvider/dmError.cpp, Duration: 255ms
2025-11-10 16:55:32,488 - Knowledge - INFO - persist search terms embedding for utils/dataProvider/dmError.cpp
2025-11-10 16:55:32,649 - Knowledge - INFO - process ingested knowledge for /app/data/T0015/222062/b1810jj/RBUS/utils/dataProvider/dmError.cpp
2025-11-10 16:55:32,844 - Knowledge - INFO - Found code-base-name: https://github.com/DarssiniRamesh/RBUS.git:main
2025-11-10 16:55:33,026 - Knowledge - INFO - Found code_base: <app.utils.kg_build.knowledge.KnowledgeCodeBase object at 0x7f95ddec9210>
2025-11-10 16:55:33,300 - Knowledge - INFO - Found code-base-name: https://github.com/DarssiniRamesh/RBUS.git:main
2025-11-10 16:55:33,532 - Knowledge - INFO - Found code_base: <app.utils.kg_build.knowledge.KnowledgeCodeBase object at 0x7f95ddec9210>
2025-11-10 16:55:33,694 - Knowledge - INFO - persist ingested knowledge for /app/data/T0015/222062/b1810jj/RBUS/utils/dataProvider/dmQueryResult.h
2025-11-10 16:55:33,943 - Knowledge - INFO - [MONGODB_OP] Completed: persist, Collection: file_info, Duration: 86ms
2025-11-10 16:55:34,406 - Knowledge - INFO - [REDIS_OP] Completed: store_embedding, Key: utils/dataProvider/dmQueryResult.h, Duration: 284ms
2025-11-10 16:55:34,576 - Knowledge - INFO - persist search terms embedding for utils/dataProvider/dmQueryResult.h
2025-11-10 16:55:34,769 - Knowledge - INFO - process ingested knowledge for /app/data/T0015/222062/b1810jj/RBUS/utils/dataProvider/dmQueryResult.h
2025-11-10 16:55:34,943 - Knowledge - INFO - Found code-base-name: https://github.com/DarssiniRamesh/RBUS.git:main
2025-11-10 16:55:35,111 - Knowledge - INFO - Found code_base: <app.utils.kg_build.knowledge.KnowledgeCodeBase object at 0x7f95ddec9210>
2025-11-10 16:55:35,363 - Knowledge - INFO - Found code-base-name: https://github.com/DarssiniRamesh/RBUS.git:main
2025-11-10 16:55:35,552 - Knowledge - INFO - Found code_base: <app.utils.kg_build.knowledge.KnowledgeCodeBase object at 0x7f95ddec9210>
2025-11-10 16:55:35,726 - Knowledge - INFO - persist ingested knowledge for /app/data/T0015/222062/b1810jj/RBUS/utils/codegen/ccsp_style_generator/sampleapp/final/Sample_rbus.h
2025-11-10 16:55:35,981 - Knowledge - INFO - [MONGODB_OP] Completed: persist, Collection: file_info, Duration: 80ms
2025-11-10 16:55:36,388 - Knowledge - INFO - [REDIS_OP] Completed: store_embedding, Key: utils/codegen/ccsp_style_generator/sampleapp/final/Sample_rbus.h, Duration: 250ms
2025-11-10 16:55:36,559 - Knowledge - INFO - persist search terms embedding for utils/codegen/ccsp_style_generator/sampleapp/final/Sample_rbus.h
2025-11-10 16:55:36,762 - Knowledge - INFO - process ingested knowledge for /app/data/T0015/222062/b1810jj/RBUS/utils/codegen/ccsp_style_generator/sampleapp/final/Sample_rbus.h
2025-11-10 16:55:36,955 - Knowledge - INFO - Found code-base-name: https://github.com/DarssiniRamesh/RBUS.git:main
2025-11-10 16:55:37,138 - Knowledge - INFO - Found code_base: <app.utils.kg_build.knowledge.KnowledgeCodeBase object at 0x7f95ddec9210>
2025-11-10 16:55:37,360 - Knowledge - INFO - Found code-base-name: https://github.com/DarssiniRamesh/RBUS.git:main
2025-11-10 16:55:37,600 - Knowledge - INFO - Found code_base: <app.utils.kg_build.knowledge.KnowledgeCodeBase object at 0x7f95ddec9210>
2025-11-10 16:55:37,763 - Knowledge - INFO - persist ingested knowledge for /app/data/T0015/222062/b1810jj/RBUS/unittests/CMakeLists.txt
2025-11-10 16:55:37,987 - Knowledge - INFO - [MONGODB_OP] Completed: persist, Collection: file_info, Duration: 64ms
2025-11-10 16:55:38,459 - Knowledge - INFO - [REDIS_OP] Completed: store_embedding, Key: unittests/CMakeLists.txt, Duration: 299ms
2025-11-10 16:55:38,627 - Knowledge - INFO - persist search terms embedding for unittests/CMakeLists.txt
2025-11-10 16:55:38,795 - Knowledge - INFO - process ingested knowledge for /app/data/T0015/222062/b1810jj/RBUS/unittests/CMakeLists.txt
2025-11-10 16:55:38,977 - Knowledge - INFO - Found code-base-name: https://github.com/DarssiniRamesh/RBUS.git:main
2025-11-10 16:55:39,169 - Knowledge - INFO - Found code_base: <app.utils.kg_build.knowledge.KnowledgeCodeBase object at 0x7f95ddec9210>
2025-11-10 16:55:39,408 - Knowledge - INFO - Found code-base-name: https://github.com/DarssiniRamesh/RBUS.git:main
2025-11-10 16:55:39,574 - Knowledge - INFO - Found code_base: <app.utils.kg_build.knowledge.KnowledgeCodeBase object at 0x7f95ddec9210>
2025-11-10 16:55:39,737 - Knowledge - INFO - persist ingested knowledge for /app/data/T0015/222062/b1810jj/RBUS/utils/dataProvider/data/Device.DeviceInfo.X_RDKCENTRAL-COM_xOpsDeviceMgmt.json
2025-11-10 16:55:40,060 - Knowledge - INFO - [MONGODB_OP] Completed: persist, Collection: file_info, Duration: 91ms
2025-11-10 16:55:40,437 - Knowledge - INFO - [REDIS_OP] Completed: store_embedding, Key: utils/dataProvider/data/Device.DeviceInfo.X_RDKCENTRAL-COM_xOpsDeviceMgmt.json, Duration: 216ms
2025-11-10 16:55:40,597 - Knowledge - INFO - persist search terms embedding for utils/dataProvider/data/Device.DeviceInfo.X_RDKCENTRAL-COM_xOpsDeviceMgmt.json
2025-11-10 16:55:40,764 - Knowledge - INFO - process ingested knowledge for /app/data/T0015/222062/b1810jj/RBUS/utils/dataProvider/data/Device.DeviceInfo.X_RDKCENTRAL-COM_xOpsDeviceMgmt.json
2025-11-10 16:55:40,937 - Knowledge - INFO - Found code-base-name: https://github.com/DarssiniRamesh/RBUS.git:main
2025-11-10 16:55:41,103 - Knowledge - INFO - Found code_base: <app.utils.kg_build.knowledge.KnowledgeCodeBase object at 0x7f95ddec9210>
2025-11-10 16:55:41,384 - Knowledge - INFO - Found code-base-name: https://github.com/DarssiniRamesh/RBUS.git:main
2025-11-10 16:55:41,588 - Knowledge - INFO - Found code_base: <app.utils.kg_build.knowledge.KnowledgeCodeBase object at 0x7f95ddec9210>
2025-11-10 16:55:41,803 - Knowledge - INFO - persist ingested knowledge for /app/data/T0015/222062/b1810jj/RBUS/utils/dataProvider/data/Device.WiFi.X_RDKCENTRAL-COM_Lnf.Psk.json
2025-11-10 16:55:42,088 - Knowledge - INFO - [MONGODB_OP] Completed: persist, Collection: file_info, Duration: 85ms
2025-11-10 16:55:42,586 - Knowledge - INFO - [REDIS_OP] Completed: store_embedding, Key: utils/dataProvider/data/Device.WiFi.X_RDKCENTRAL-COM_Lnf.Psk.json, Duration: 280ms
2025-11-10 16:55:42,770 - Knowledge - INFO - persist search terms embedding for utils/dataProvider/data/Device.WiFi.X_RDKCENTRAL-COM_Lnf.Psk.json
2025-11-10 16:55:42,933 - Knowledge - INFO - process ingested knowledge for /app/data/T0015/222062/b1810jj/RBUS/utils/dataProvider/data/Device.WiFi.X_RDKCENTRAL-COM_Lnf.Psk.json
2025-11-10 16:55:43,120 - Knowledge - INFO - Found code-base-name: https://github.com/DarssiniRamesh/RBUS.git:main
2025-11-10 16:55:43,314 - Knowledge - INFO - Found code_base: <app.utils.kg_build.knowledge.KnowledgeCodeBase object at 0x7f95ddec9210>
2025-11-10 16:55:43,572 - Knowledge - INFO - Found code-base-name: https://github.com/DarssiniRamesh/RBUS.git:main
2025-11-10 16:55:43,778 - Knowledge - INFO - Found code_base: <app.utils.kg_build.knowledge.KnowledgeCodeBase object at 0x7f95ddec9210>
2025-11-10 16:55:43,943 - Knowledge - INFO - persist ingested knowledge for /app/data/T0015/222062/b1810jj/RBUS/utils/codegen/ccsp_style_generator/sampleapp/final/Sample_app.c
2025-11-10 16:55:44,191 - Knowledge - INFO - [MONGODB_OP] Completed: persist, Collection: file_info, Duration: 81ms
2025-11-10 16:55:44,773 - Knowledge - INFO - [REDIS_OP] Completed: store_embedding, Key: utils/codegen/ccsp_style_generator/sampleapp/final/Sample_app.c, Duration: 406ms
2025-11-10 16:55:44,976 - Knowledge - INFO - persist search terms embedding for utils/codegen/ccsp_style_generator/sampleapp/final/Sample_app.c
2025-11-10 16:55:45,145 - Knowledge - INFO - process ingested knowledge for /app/data/T0015/222062/b1810jj/RBUS/utils/codegen/ccsp_style_generator/sampleapp/final/Sample_app.c
2025-11-10 16:55:45,332 - Knowledge - INFO - Found code-base-name: https://github.com/DarssiniRamesh/RBUS.git:main
2025-11-10 16:55:45,563 - Knowledge - INFO - Found code_base: <app.utils.kg_build.knowledge.KnowledgeCodeBase object at 0x7f95ddec9210>
2025-11-10 16:55:45,807 - Knowledge - INFO - Found code-base-name: https://github.com/DarssiniRamesh/RBUS.git:main
2025-11-10 16:55:46,018 - Knowledge - INFO - Found code_base: <app.utils.kg_build.knowledge.KnowledgeCodeBase object at 0x7f95ddec9210>
2025-11-10 16:55:46,252 - Knowledge - INFO - persist ingested knowledge for /app/data/T0015/222062/b1810jj/RBUS/test/rbus/consumer/partialPath.c
2025-11-10 16:55:46,534 - Knowledge - INFO - [MONGODB_OP] Completed: persist, Collection: file_info, Duration: 89ms
2025-11-10 16:55:47,234 - Knowledge - INFO - [REDIS_OP] Completed: store_embedding, Key: test/rbus/consumer/partialPath.c, Duration: 467ms
2025-11-10 16:55:47,518 - Knowledge - INFO - persist search terms embedding for test/rbus/consumer/partialPath.c
2025-11-10 16:55:47,693 - Knowledge - INFO - process ingested knowledge for /app/data/T0015/222062/b1810jj/RBUS/test/rbus/consumer/partialPath.c
2025-11-10 16:55:47,929 - Knowledge - INFO - Found code-base-name: https://github.com/DarssiniRamesh/RBUS.git:main
2025-11-10 16:55:48,132 - Knowledge - INFO - Found code_base: <app.utils.kg_build.knowledge.KnowledgeCodeBase object at 0x7f95ddec9210>
2025-11-10 16:55:48,357 - Knowledge - INFO - Found code-base-name: https://github.com/DarssiniRamesh/RBUS.git:main
2025-11-10 16:55:48,509 - Knowledge - INFO - Found code_base: <app.utils.kg_build.knowledge.KnowledgeCodeBase object at 0x7f95ddec9210>
2025-11-10 16:55:48,678 - Knowledge - INFO - persist ingested knowledge for /app/data/T0015/222062/b1810jj/RBUS/utils/dataProvider/data/Device.X_RDKCENTRAL-COM_Camera.json
2025-11-10 16:55:48,961 - Knowledge - INFO - [MONGODB_OP] Completed: persist, Collection: file_info, Duration: 91ms
2025-11-10 16:55:49,434 - Knowledge - INFO - [REDIS_OP] Completed: store_embedding, Key: utils/dataProvider/data/Device.X_RDKCENTRAL-COM_Camera.json, Duration: 300ms
2025-11-10 16:55:49,639 - Knowledge - INFO - persist search terms embedding for utils/dataProvider/data/Device.X_RDKCENTRAL-COM_Camera.json
2025-11-10 16:55:49,807 - Knowledge - INFO - process ingested knowledge for /app/data/T0015/222062/b1810jj/RBUS/utils/dataProvider/data/Device.X_RDKCENTRAL-COM_Camera.json
2025-11-10 16:55:49,987 - Knowledge - INFO - Found code-base-name: https://github.com/DarssiniRamesh/RBUS.git:main
2025-11-10 16:55:50,166 - Knowledge - INFO - Found code_base: <app.utils.kg_build.knowledge.KnowledgeCodeBase object at 0x7f95ddec9210>
2025-11-10 16:55:50,397 - Knowledge - INFO - Found code-base-name: https://github.com/DarssiniRamesh/RBUS.git:main
2025-11-10 16:55:50,578 - Knowledge - INFO - Found code_base: <app.utils.kg_build.knowledge.KnowledgeCodeBase object at 0x7f95ddec9210>
2025-11-10 16:55:50,796 - Knowledge - INFO - persist ingested knowledge for /app/data/T0015/222062/b1810jj/RBUS/test/core/rbus_perf.cpp
2025-11-10 16:55:51,069 - Knowledge - INFO - [MONGODB_OP] Completed: persist, Collection: file_info, Duration: 84ms
2025-11-10 16:55:51,488 - Knowledge - INFO - [REDIS_OP] Completed: store_embedding, Key: test/core/rbus_perf.cpp, Duration: 246ms
2025-11-10 16:55:51,660 - Knowledge - INFO - persist search terms embedding for test/core/rbus_perf.cpp
2025-11-10 16:55:51,899 - Knowledge - INFO - process ingested knowledge for /app/data/T0015/222062/b1810jj/RBUS/test/core/rbus_perf.cpp
2025-11-10 16:55:52,084 - Knowledge - INFO - Found code-base-name: https://github.com/DarssiniRamesh/RBUS.git:main
2025-11-10 16:55:52,253 - Knowledge - INFO - Found code_base: <app.utils.kg_build.knowledge.KnowledgeCodeBase object at 0x7f95ddec9210>
2025-11-10 16:55:52,498 - Knowledge - INFO - Found code-base-name: https://github.com/DarssiniRamesh/RBUS.git:main
2025-11-10 16:55:52,650 - Knowledge - INFO - Found code_base: <app.utils.kg_build.knowledge.KnowledgeCodeBase object at 0x7f95ddec9210>
2025-11-10 16:55:52,820 - Knowledge - INFO - persist ingested knowledge for /app/data/T0015/222062/b1810jj/RBUS/test/rbus/consumer/elementTree.c
2025-11-10 16:55:53,072 - Knowledge - INFO - [MONGODB_OP] Completed: persist, Collection: file_info, Duration: 85ms
2025-11-10 16:55:53,510 - Knowledge - INFO - [REDIS_OP] Completed: store_embedding, Key: test/rbus/consumer/elementTree.c, Duration: 268ms
2025-11-10 16:55:53,670 - Knowledge - INFO - persist search terms embedding for test/rbus/consumer/elementTree.c
2025-11-10 16:55:53,857 - Knowledge - INFO - process ingested knowledge for /app/data/T0015/222062/b1810jj/RBUS/test/rbus/consumer/elementTree.c
2025-11-10 16:55:54,080 - Knowledge - INFO - Found code-base-name: https://github.com/DarssiniRamesh/RBUS.git:main
2025-11-10 16:55:54,244 - Knowledge - INFO - Found code_base: <app.utils.kg_build.knowledge.KnowledgeCodeBase object at 0x7f95ddec9210>
2025-11-10 16:55:54,469 - Knowledge - INFO - Found code-base-name: https://github.com/DarssiniRamesh/RBUS.git:main
2025-11-10 16:55:54,632 - Knowledge - INFO - Found code_base: <app.utils.kg_build.knowledge.KnowledgeCodeBase object at 0x7f95ddec9210>
2025-11-10 16:55:54,793 - Knowledge - INFO - persist ingested knowledge for /app/data/T0015/222062/b1810jj/RBUS/test/rbus/rbusTestTimeoutValues/testTimeoutValuesConsumer.c
2025-11-10 16:55:55,112 - Knowledge - INFO - [MONGODB_OP] Completed: persist, Collection: file_info, Duration: 99ms
2025-11-10 16:55:55,545 - Knowledge - INFO - [REDIS_OP] Completed: store_embedding, Key: test/rbus/rbusTestTimeoutValues/testTimeoutValuesConsumer.c, Duration: 274ms
2025-11-10 16:55:55,716 - Knowledge - INFO - persist search terms embedding for test/rbus/rbusTestTimeoutValues/testTimeoutValuesConsumer.c
2025-11-10 16:55:55,901 - Knowledge - INFO - process ingested knowledge for /app/data/T0015/222062/b1810jj/RBUS/test/rbus/rbusTestTimeoutValues/testTimeoutValuesConsumer.c
2025-11-10 16:55:56,091 - Knowledge - INFO - Found code-base-name: https://github.com/DarssiniRamesh/RBUS.git:main
2025-11-10 16:55:56,250 - Knowledge - INFO - Found code_base: <app.utils.kg_build.knowledge.KnowledgeCodeBase object at 0x7f95ddec9210>
2025-11-10 16:55:56,485 - Knowledge - INFO - Found code-base-name: https://github.com/DarssiniRamesh/RBUS.git:main
2025-11-10 16:55:56,686 - Knowledge - INFO - Found code_base: <app.utils.kg_build.knowledge.KnowledgeCodeBase object at 0x7f95ddec9210>
2025-11-10 16:55:56,878 - Knowledge - INFO - persist ingested knowledge for /app/data/T0015/222062/b1810jj/RBUS/sampleapps/rtmessage/sample_super.c
2025-11-10 16:55:57,128 - Knowledge - INFO - [MONGODB_OP] Completed: persist, Collection: file_info, Duration: 86ms
2025-11-10 16:55:57,628 - Knowledge - INFO - [REDIS_OP] Completed: store_embedding, Key: sampleapps/rtmessage/sample_super.c, Duration: 290ms
2025-11-10 16:55:57,826 - Knowledge - INFO - persist search terms embedding for sampleapps/rtmessage/sample_super.c
2025-11-10 16:55:58,039 - Knowledge - INFO - process ingested knowledge for /app/data/T0015/222062/b1810jj/RBUS/sampleapps/rtmessage/sample_super.c
2025-11-10 16:55:58,217 - Knowledge - INFO - Found code-base-name: https://github.com/DarssiniRamesh/RBUS.git:main
2025-11-10 16:55:58,426 - Knowledge - INFO - Found code_base: <app.utils.kg_build.knowledge.KnowledgeCodeBase object at 0x7f95ddec9210>
2025-11-10 16:55:58,675 - Knowledge - INFO - Found code-base-name: https://github.com/DarssiniRamesh/RBUS.git:main
2025-11-10 16:55:58,885 - Knowledge - INFO - Found code_base: <app.utils.kg_build.knowledge.KnowledgeCodeBase object at 0x7f95ddec9210>
2025-11-10 16:55:59,047 - Knowledge - INFO - persist ingested knowledge for /app/data/T0015/222062/b1810jj/RBUS/unittests/rbusTokenTest.cpp
2025-11-10 16:55:59,293 - Knowledge - INFO - [MONGODB_OP] Completed: persist, Collection: file_info, Duration: 84ms
2025-11-10 16:55:59,803 - Knowledge - INFO - [REDIS_OP] Completed: store_embedding, Key: unittests/rbusTokenTest.cpp, Duration: 344ms
2025-11-10 16:55:59,968 - Knowledge - INFO - persist search terms embedding for unittests/rbusTokenTest.cpp
2025-11-10 16:56:00,133 - Knowledge - INFO - process ingested knowledge for /app/data/T0015/222062/b1810jj/RBUS/unittests/rbusTokenTest.cpp
2025-11-10 16:56:00,348 - Knowledge - INFO - Found code-base-name: https://github.com/DarssiniRamesh/RBUS.git:main
2025-11-10 16:56:00,547 - Knowledge - INFO - Found code_base: <app.utils.kg_build.knowledge.KnowledgeCodeBase object at 0x7f95ddec9210>
2025-11-10 16:56:00,785 - Knowledge - INFO - Found code-base-name: https://github.com/DarssiniRamesh/RBUS.git:main
2025-11-10 16:56:00,939 - Knowledge - INFO - Found code_base: <app.utils.kg_build.knowledge.KnowledgeCodeBase object at 0x7f95ddec9210>
2025-11-10 16:56:01,096 - Knowledge - INFO - persist ingested knowledge for /app/data/T0015/222062/b1810jj/RBUS/test/core/sample_server.c
2025-11-10 16:56:01,374 - Knowledge - INFO - [MONGODB_OP] Completed: persist, Collection: file_info, Duration: 86ms
2025-11-10 16:56:01,816 - Knowledge - INFO - [REDIS_OP] Completed: store_embedding, Key: test/core/sample_server.c, Duration: 256ms
2025-11-10 16:56:01,993 - Knowledge - INFO - persist search terms embedding for test/core/sample_server.c
2025-11-10 16:56:02,159 - Knowledge - INFO - process ingested knowledge for /app/data/T0015/222062/b1810jj/RBUS/test/core/sample_server.c
2025-11-10 16:56:02,328 - Knowledge - INFO - Found code-base-name: https://github.com/DarssiniRamesh/RBUS.git:main
2025-11-10 16:56:02,507 - Knowledge - INFO - Found code_base: <app.utils.kg_build.knowledge.KnowledgeCodeBase object at 0x7f95ddec9210>
2025-11-10 16:56:02,738 - Knowledge - INFO - Found code-base-name: https://github.com/DarssiniRamesh/RBUS.git:main
2025-11-10 16:56:02,920 - Knowledge - INFO - Found code_base: <app.utils.kg_build.knowledge.KnowledgeCodeBase object at 0x7f95ddec9210>
2025-11-10 16:56:03,135 - Knowledge - INFO - persist ingested knowledge for /app/data/T0015/222062/b1810jj/RBUS/src/rtmessage/rtVector.h
2025-11-10 16:56:03,386 - Knowledge - INFO - [MONGODB_OP] Completed: persist, Collection: file_info, Duration: 87ms
2025-11-10 16:56:03,880 - Knowledge - INFO - [REDIS_OP] Completed: store_embedding, Key: src/rtmessage/rtVector.h, Duration: 297ms
2025-11-10 16:56:04,050 - Knowledge - INFO - persist search terms embedding for src/rtmessage/rtVector.h
2025-11-10 16:56:04,250 - Knowledge - INFO - process ingested knowledge for /app/data/T0015/222062/b1810jj/RBUS/src/rtmessage/rtVector.h
2025-11-10 16:56:04,419 - Knowledge - INFO - Found code-base-name: https://github.com/DarssiniRamesh/RBUS.git:main
2025-11-10 16:56:04,585 - Knowledge - INFO - Found code_base: <app.utils.kg_build.knowledge.KnowledgeCodeBase object at 0x7f95ddec9210>
2025-11-10 16:56:04,801 - Knowledge - INFO - Found code-base-name: https://github.com/DarssiniRamesh/RBUS.git:main
2025-11-10 16:56:04,957 - Knowledge - INFO - Found code_base: <app.utils.kg_build.knowledge.KnowledgeCodeBase object at 0x7f95ddec9210>
2025-11-10 16:56:05,133 - Knowledge - INFO - persist ingested knowledge for /app/data/T0015/222062/b1810jj/RBUS/src/rbus/CMakeLists.txt
2025-11-10 16:56:05,376 - Knowledge - INFO - [MONGODB_OP] Completed: persist, Collection: file_info, Duration: 83ms
2025-11-10 16:56:05,836 - Knowledge - INFO - [REDIS_OP] Completed: store_embedding, Key: src/rbus/CMakeLists.txt, Duration: 219ms
2025-11-10 16:56:06,018 - Knowledge - INFO - persist search terms embedding for src/rbus/CMakeLists.txt
2025-11-10 16:56:06,182 - Knowledge - INFO - process ingested knowledge for /app/data/T0015/222062/b1810jj/RBUS/src/rbus/CMakeLists.txt
2025-11-10 16:56:06,409 - Knowledge - INFO - Found code-base-name: https://github.com/DarssiniRamesh/RBUS.git:main
2025-11-10 16:56:06,609 - Knowledge - INFO - Found code_base: <app.utils.kg_build.knowledge.KnowledgeCodeBase object at 0x7f95ddec9210>
2025-11-10 16:56:06,862 - Knowledge - INFO - Found code-base-name: https://github.com/DarssiniRamesh/RBUS.git:main
2025-11-10 16:56:07,065 - Knowledge - INFO - Found code_base: <app.utils.kg_build.knowledge.KnowledgeCodeBase object at 0x7f95ddec9210>
2025-11-10 16:56:07,236 - Knowledge - INFO - persist ingested knowledge for /app/data/T0015/222062/b1810jj/RBUS/test/rbus/common/testValueHelper.c
2025-11-10 16:56:07,481 - Knowledge - INFO - [MONGODB_OP] Completed: persist, Collection: file_info, Duration: 82ms
2025-11-10 16:56:07,920 - Knowledge - INFO - [REDIS_OP] Completed: store_embedding, Key: test/rbus/common/testValueHelper.c, Duration: 268ms
2025-11-10 16:56:08,109 - Knowledge - INFO - persist search terms embedding for test/rbus/common/testValueHelper.c
2025-11-10 16:56:08,297 - Knowledge - INFO - process ingested knowledge for /app/data/T0015/222062/b1810jj/RBUS/test/rbus/common/testValueHelper.c
2025-11-10 16:56:08,456 - Knowledge - INFO - Found code-base-name: https://github.com/DarssiniRamesh/RBUS.git:main
2025-11-10 16:56:08,624 - Knowledge - INFO - Found code_base: <app.utils.kg_build.knowledge.KnowledgeCodeBase object at 0x7f95ddec9210>
2025-11-10 16:56:08,868 - Knowledge - INFO - Found code-base-name: https://github.com/DarssiniRamesh/RBUS.git:main
2025-11-10 16:56:09,021 - Knowledge - INFO - Found code_base: <app.utils.kg_build.knowledge.KnowledgeCodeBase object at 0x7f95ddec9210>
2025-11-10 16:56:09,204 - Knowledge - INFO - persist ingested knowledge for /app/data/T0015/222062/b1810jj/RBUS/test/rbus/rbusGetExtSetMulti/testSetMultiProvider.c
2025-11-10 16:56:09,454 - Knowledge - INFO - [MONGODB_OP] Completed: persist, Collection: file_info, Duration: 81ms
2025-11-10 16:56:09,935 - Knowledge - INFO - [REDIS_OP] Completed: store_embedding, Key: test/rbus/rbusGetExtSetMulti/testSetMultiProvider.c, Duration: 274ms
2025-11-10 16:56:10,150 - Knowledge - INFO - persist search terms embedding for test/rbus/rbusGetExtSetMulti/testSetMultiProvider.c
2025-11-10 16:56:10,347 - Knowledge - INFO - process ingested knowledge for /app/data/T0015/222062/b1810jj/RBUS/test/rbus/rbusGetExtSetMulti/testSetMultiProvider.c
2025-11-10 16:56:10,567 - Knowledge - INFO - Found code-base-name: https://github.com/DarssiniRamesh/RBUS.git:main
2025-11-10 16:56:10,740 - Knowledge - INFO - Found code_base: <app.utils.kg_build.knowledge.KnowledgeCodeBase object at 0x7f95ddec9210>
2025-11-10 16:56:10,972 - Knowledge - INFO - Found code-base-name: https://github.com/DarssiniRamesh/RBUS.git:main
2025-11-10 16:56:11,173 - Knowledge - INFO - Found code_base: <app.utils.kg_build.knowledge.KnowledgeCodeBase object at 0x7f95ddec9210>
2025-11-10 16:56:11,342 - Knowledge - INFO - persist ingested knowledge for /app/data/T0015/222062/b1810jj/RBUS/sampleapps/rtmessage/rtsend.c
2025-11-10 16:56:11,603 - Knowledge - INFO - [MONGODB_OP] Completed: persist, Collection: file_info, Duration: 87ms
2025-11-10 16:56:11,956 - Knowledge - INFO - [REDIS_OP] Completed: store_embedding, Key: sampleapps/rtmessage/rtsend.c, Duration: 194ms
2025-11-10 16:56:12,127 - Knowledge - INFO - persist search terms embedding for sampleapps/rtmessage/rtsend.c
2025-11-10 16:56:12,290 - Knowledge - INFO - process ingested knowledge for /app/data/T0015/222062/b1810jj/RBUS/sampleapps/rtmessage/rtsend.c
2025-11-10 16:56:12,505 - Knowledge - INFO - Found code-base-name: https://github.com/DarssiniRamesh/RBUS.git:main
2025-11-10 16:56:12,694 - Knowledge - INFO - Found code_base: <app.utils.kg_build.knowledge.KnowledgeCodeBase object at 0x7f95ddec9210>
2025-11-10 16:56:12,926 - Knowledge - INFO - Found code-base-name: https://github.com/DarssiniRamesh/RBUS.git:main
2025-11-10 16:56:13,099 - Knowledge - INFO - Found code_base: <app.utils.kg_build.knowledge.KnowledgeCodeBase object at 0x7f95ddec9210>
2025-11-10 16:56:13,275 - Knowledge - INFO - persist ingested knowledge for /app/data/T0015/222062/b1810jj/RBUS/test/core/loadtest.cpp
2025-11-10 16:56:13,555 - Knowledge - INFO - [MONGODB_OP] Completed: persist, Collection: file_info, Duration: 83ms
2025-11-10 16:56:13,986 - Knowledge - INFO - [REDIS_OP] Completed: store_embedding, Key: test/core/loadtest.cpp, Duration: 271ms
2025-11-10 16:56:14,154 - Knowledge - INFO - persist search terms embedding for test/core/loadtest.cpp
2025-11-10 16:56:14,311 - Knowledge - INFO - process ingested knowledge for /app/data/T0015/222062/b1810jj/RBUS/test/core/loadtest.cpp
2025-11-10 16:56:14,521 - Knowledge - INFO - Found code-base-name: https://github.com/DarssiniRamesh/RBUS.git:main
2025-11-10 16:56:14,680 - Knowledge - INFO - Found code_base: <app.utils.kg_build.knowledge.KnowledgeCodeBase object at 0x7f95ddec9210>
2025-11-10 16:56:14,920 - Knowledge - INFO - Found code-base-name: https://github.com/DarssiniRamesh/RBUS.git:main
2025-11-10 16:56:15,091 - Knowledge - INFO - Found code_base: <app.utils.kg_build.knowledge.KnowledgeCodeBase object at 0x7f95ddec9210>
2025-11-10 16:56:15,266 - Knowledge - INFO - persist ingested knowledge for /app/data/T0015/222062/b1810jj/RBUS/src/rtmessage/rtEncoder.c
2025-11-10 16:56:15,531 - Knowledge - INFO - [MONGODB_OP] Completed: persist, Collection: file_info, Duration: 82ms
2025-11-10 16:56:16,033 - Knowledge - INFO - [REDIS_OP] Completed: store_embedding, Key: src/rtmessage/rtEncoder.c, Duration: 230ms
2025-11-10 16:56:16,197 - Knowledge - INFO - persist search terms embedding for src/rtmessage/rtEncoder.c
2025-11-10 16:56:16,365 - Knowledge - INFO - process ingested knowledge for /app/data/T0015/222062/b1810jj/RBUS/src/rtmessage/rtEncoder.c
2025-11-10 16:56:16,582 - Knowledge - INFO - Found code-base-name: https://github.com/DarssiniRamesh/RBUS.git:main
2025-11-10 16:56:16,752 - Knowledge - INFO - Found code_base: <app.utils.kg_build.knowledge.KnowledgeCodeBase object at 0x7f95ddec9210>
2025-11-10 16:56:16,989 - Knowledge - INFO - Found code-base-name: https://github.com/DarssiniRamesh/RBUS.git:main
2025-11-10 16:56:17,188 - Knowledge - INFO - Found code_base: <app.utils.kg_build.knowledge.KnowledgeCodeBase object at 0x7f95ddec9210>
2025-11-10 16:56:17,350 - Knowledge - INFO - persist ingested knowledge for /app/data/T0015/222062/b1810jj/RBUS/utils/dataProvider/data/Device.DeviceInfo.ProcessStatus.json
2025-11-10 16:56:17,610 - Knowledge - INFO - [MONGODB_OP] Completed: persist, Collection: file_info, Duration: 92ms
2025-11-10 16:56:17,996 - Knowledge - INFO - [REDIS_OP] Completed: store_embedding, Key: utils/dataProvider/data/Device.DeviceInfo.ProcessStatus.json, Duration: 223ms
2025-11-10 16:56:18,188 - Knowledge - INFO - persist search terms embedding for utils/dataProvider/data/Device.DeviceInfo.ProcessStatus.json
2025-11-10 16:56:18,393 - Knowledge - INFO - process ingested knowledge for /app/data/T0015/222062/b1810jj/RBUS/utils/dataProvider/data/Device.DeviceInfo.ProcessStatus.json
2025-11-10 16:56:18,563 - Knowledge - INFO - Found code-base-name: https://github.com/DarssiniRamesh/RBUS.git:main
2025-11-10 16:56:18,728 - Knowledge - INFO - Found code_base: <app.utils.kg_build.knowledge.KnowledgeCodeBase object at 0x7f95ddec9210>
2025-11-10 16:56:18,978 - Knowledge - INFO - Found code-base-name: https://github.com/DarssiniRamesh/RBUS.git:main
2025-11-10 16:56:19,142 - Knowledge - INFO - Found code_base: <app.utils.kg_build.knowledge.KnowledgeCodeBase object at 0x7f95ddec9210>
2025-11-10 16:56:19,303 - Knowledge - INFO - persist ingested knowledge for /app/data/T0015/222062/b1810jj/RBUS/utils/dataProvider/dmValue.h
2025-11-10 16:56:19,627 - Knowledge - INFO - [MONGODB_OP] Completed: persist, Collection: file_info, Duration: 88ms
2025-11-10 16:56:20,055 - Knowledge - INFO - [REDIS_OP] Completed: store_embedding, Key: utils/dataProvider/dmValue.h, Duration: 254ms
2025-11-10 16:56:20,237 - Knowledge - INFO - persist search terms embedding for utils/dataProvider/dmValue.h
2025-11-10 16:56:20,390 - Knowledge - INFO - process ingested knowledge for /app/data/T0015/222062/b1810jj/RBUS/utils/dataProvider/dmValue.h
2025-11-10 16:56:20,559 - Knowledge - INFO - Found code-base-name: https://github.com/DarssiniRamesh/RBUS.git:main
2025-11-10 16:56:20,732 - Knowledge - INFO - Found code_base: <app.utils.kg_build.knowledge.KnowledgeCodeBase object at 0x7f95ddec9210>
2025-11-10 16:56:21,018 - Knowledge - INFO - Found code-base-name: https://github.com/DarssiniRamesh/RBUS.git:main
2025-11-10 16:56:21,201 - Knowledge - INFO - Found code_base: <app.utils.kg_build.knowledge.KnowledgeCodeBase object at 0x7f95ddec9210>
2025-11-10 16:56:21,426 - Knowledge - INFO - persist ingested knowledge for /app/data/T0015/222062/b1810jj/RBUS/utils/dataProvider/data/Device.DeviceInfo.X_RDKCENTRAL-COM_RFC.Feature.AutoReboot.json
2025-11-10 16:56:21,691 - Knowledge - INFO - [MONGODB_OP] Completed: persist, Collection: file_info, Duration: 89ms
2025-11-10 16:56:22,294 - Knowledge - INFO - [REDIS_OP] Completed: store_embedding, Key: utils/dataProvider/data/Device.DeviceInfo.X_RDKCENTRAL-COM_RFC.Feature.AutoReboot.json, Duration: 444ms
2025-11-10 16:56:22,457 - Knowledge - INFO - persist search terms embedding for utils/dataProvider/data/Device.DeviceInfo.X_RDKCENTRAL-COM_RFC.Feature.AutoReboot.json
2025-11-10 16:56:22,622 - Knowledge - INFO - process ingested knowledge for /app/data/T0015/222062/b1810jj/RBUS/utils/dataProvider/data/Device.DeviceInfo.X_RDKCENTRAL-COM_RFC.Feature.AutoReboot.json
2025-11-10 16:56:22,793 - Knowledge - INFO - Found code-base-name: https://github.com/DarssiniRamesh/RBUS.git:main
2025-11-10 16:56:22,967 - Knowledge - INFO - Found code_base: <app.utils.kg_build.knowledge.KnowledgeCodeBase object at 0x7f95ddec9210>
2025-11-10 16:56:23,177 - Knowledge - INFO - Found code-base-name: https://github.com/DarssiniRamesh/RBUS.git:main
2025-11-10 16:56:23,356 - Knowledge - INFO - Found code_base: <app.utils.kg_build.knowledge.KnowledgeCodeBase object at 0x7f95ddec9210>
2025-11-10 16:56:23,588 - Knowledge - INFO - persist ingested knowledge for /app/data/T0015/222062/b1810jj/RBUS/test/rbus/multiRbusOpenEventConsumer/multiRbusOpenEventConsumer.c
2025-11-10 16:56:23,868 - Knowledge - INFO - [MONGODB_OP] Completed: persist, Collection: file_info, Duration: 81ms
2025-11-10 16:56:24,306 - Knowledge - INFO - [REDIS_OP] Completed: store_embedding, Key: test/rbus/multiRbusOpenEventConsumer/multiRbusOpenEventConsumer.c, Duration: 286ms
2025-11-10 16:56:24,472 - Knowledge - INFO - persist search terms embedding for test/rbus/multiRbusOpenEventConsumer/multiRbusOpenEventConsumer.c
2025-11-10 16:56:24,670 - Knowledge - INFO - process ingested knowledge for /app/data/T0015/222062/b1810jj/RBUS/test/rbus/multiRbusOpenEventConsumer/multiRbusOpenEventConsumer.c
2025-11-10 16:56:24,871 - Knowledge - INFO - Found code-base-name: https://github.com/DarssiniRamesh/RBUS.git:main
2025-11-10 16:56:25,025 - Knowledge - INFO - Found code_base: <app.utils.kg_build.knowledge.KnowledgeCodeBase object at 0x7f95ddec9210>
2025-11-10 16:56:25,291 - Knowledge - INFO - Found code-base-name: https://github.com/DarssiniRamesh/RBUS.git:main
2025-11-10 16:56:25,442 - Knowledge - INFO - Found code_base: <app.utils.kg_build.knowledge.KnowledgeCodeBase object at 0x7f95ddec9210>
2025-11-10 16:56:25,639 - Knowledge - INFO - persist ingested knowledge for /app/data/T0015/222062/b1810jj/RBUS/utils/dataProvider/data/Device.WiFi.EndPoint.Adapter.json
2025-11-10 16:56:25,940 - Knowledge - INFO - [MONGODB_OP] Completed: persist, Collection: file_info, Duration: 89ms
2025-11-10 16:56:26,378 - Knowledge - INFO - [REDIS_OP] Completed: store_embedding, Key: utils/dataProvider/data/Device.WiFi.EndPoint.Adapter.json, Duration: 243ms
2025-11-10 16:56:26,539 - Knowledge - INFO - persist search terms embedding for utils/dataProvider/data/Device.WiFi.EndPoint.Adapter.json
2025-11-10 16:56:26,696 - Knowledge - INFO - process ingested knowledge for /app/data/T0015/222062/b1810jj/RBUS/utils/dataProvider/data/Device.WiFi.EndPoint.Adapter.json
2025-11-10 16:56:26,872 - Knowledge - INFO - Found code-base-name: https://github.com/DarssiniRamesh/RBUS.git:main
2025-11-10 16:56:27,044 - Knowledge - INFO - Found code_base: <app.utils.kg_build.knowledge.KnowledgeCodeBase object at 0x7f95ddec9210>
2025-11-10 16:56:27,267 - Knowledge - INFO - Found code-base-name: https://github.com/DarssiniRamesh/RBUS.git:main
2025-11-10 16:56:27,429 - Knowledge - INFO - Found code_base: <app.utils.kg_build.knowledge.KnowledgeCodeBase object at 0x7f95ddec9210>
2025-11-10 16:56:27,640 - Knowledge - INFO - persist ingested knowledge for /app/data/T0015/222062/b1810jj/RBUS/utils/dataProvider/data/Device.Services.CVR.json
2025-11-10 16:56:27,897 - Knowledge - INFO - [MONGODB_OP] Completed: persist, Collection: file_info, Duration: 93ms
2025-11-10 16:56:28,330 - Knowledge - INFO - [REDIS_OP] Completed: store_embedding, Key: utils/dataProvider/data/Device.Services.CVR.json, Duration: 268ms
2025-11-10 16:56:28,504 - Knowledge - INFO - persist search terms embedding for utils/dataProvider/data/Device.Services.CVR.json
2025-11-10 16:56:28,662 - Knowledge - INFO - process ingested knowledge for /app/data/T0015/222062/b1810jj/RBUS/utils/dataProvider/data/Device.Services.CVR.json
2025-11-10 16:56:28,872 - Knowledge - INFO - Found code-base-name: https://github.com/DarssiniRamesh/RBUS.git:main
2025-11-10 16:56:29,033 - Knowledge - INFO - Found code_base: <app.utils.kg_build.knowledge.KnowledgeCodeBase object at 0x7f95ddec9210>
2025-11-10 16:56:29,292 - Knowledge - INFO - Found code-base-name: https://github.com/DarssiniRamesh/RBUS.git:main
2025-11-10 16:56:29,452 - Knowledge - INFO - Found code_base: <app.utils.kg_build.knowledge.KnowledgeCodeBase object at 0x7f95ddec9210>
2025-11-10 16:56:29,631 - Knowledge - INFO - persist ingested knowledge for /app/data/T0015/222062/b1810jj/RBUS/test/core/sample_client.c
2025-11-10 16:56:29,921 - Knowledge - INFO - [MONGODB_OP] Completed: persist, Collection: file_info, Duration: 86ms
2025-11-10 16:56:30,367 - Knowledge - INFO - [REDIS_OP] Completed: store_embedding, Key: test/core/sample_client.c, Duration: 268ms
2025-11-10 16:56:30,526 - Knowledge - INFO - persist search terms embedding for test/core/sample_client.c
2025-11-10 16:56:30,717 - Knowledge - INFO - process ingested knowledge for /app/data/T0015/222062/b1810jj/RBUS/test/core/sample_client.c
2025-11-10 16:56:30,905 - Knowledge - INFO - Found code-base-name: https://github.com/DarssiniRamesh/RBUS.git:main
2025-11-10 16:56:31,078 - Knowledge - INFO - Found code_base: <app.utils.kg_build.knowledge.KnowledgeCodeBase object at 0x7f95ddec9210>
2025-11-10 16:56:31,294 - Knowledge - INFO - Found code-base-name: https://github.com/DarssiniRamesh/RBUS.git:main
2025-11-10 16:56:31,488 - Knowledge - INFO - Found code_base: <app.utils.kg_build.knowledge.KnowledgeCodeBase object at 0x7f95ddec9210>
2025-11-10 16:56:31,663 - Knowledge - INFO - persist ingested knowledge for /app/data/T0015/222062/b1810jj/RBUS/test/rbus/consumer/subscribe.c
2025-11-10 16:56:31,908 - Knowledge - INFO - [MONGODB_OP] Completed: persist, Collection: file_info, Duration: 82ms
2025-11-10 16:56:32,396 - Knowledge - INFO - [REDIS_OP] Completed: store_embedding, Key: test/rbus/consumer/subscribe.c, Duration: 287ms
2025-11-10 16:56:32,556 - Knowledge - INFO - persist search terms embedding for test/rbus/consumer/subscribe.c
2025-11-10 16:56:32,761 - Knowledge - INFO - process ingested knowledge for /app/data/T0015/222062/b1810jj/RBUS/test/rbus/consumer/subscribe.c
2025-11-10 16:56:32,928 - Knowledge - INFO - Found code-base-name: https://github.com/DarssiniRamesh/RBUS.git:main
2025-11-10 16:56:33,098 - Knowledge - INFO - Found code_base: <app.utils.kg_build.knowledge.KnowledgeCodeBase object at 0x7f95ddec9210>
2025-11-10 16:56:33,328 - Knowledge - INFO - Found code-base-name: https://github.com/DarssiniRamesh/RBUS.git:main
2025-11-10 16:56:33,511 - Knowledge - INFO - Found code_base: <app.utils.kg_build.knowledge.KnowledgeCodeBase object at 0x7f95ddec9210>
2025-11-10 16:56:33,671 - Knowledge - INFO - persist ingested knowledge for /app/data/T0015/222062/b1810jj/RBUS/test/rbus/CMakeLists.txt
2025-11-10 16:56:33,956 - Knowledge - INFO - [MONGODB_OP] Completed: persist, Collection: file_info, Duration: 86ms
2025-11-10 16:56:34,461 - Knowledge - INFO - [REDIS_OP] Completed: store_embedding, Key: test/rbus/CMakeLists.txt, Duration: 322ms
2025-11-10 16:56:34,633 - Knowledge - INFO - persist search terms embedding for test/rbus/CMakeLists.txt
2025-11-10 16:56:34,801 - Knowledge - INFO - process ingested knowledge for /app/data/T0015/222062/b1810jj/RBUS/test/rbus/CMakeLists.txt
2025-11-10 16:56:34,959 - Knowledge - INFO - Found code-base-name: https://github.com/DarssiniRamesh/RBUS.git:main
2025-11-10 16:56:35,120 - Knowledge - INFO - Found code_base: <app.utils.kg_build.knowledge.KnowledgeCodeBase object at 0x7f95ddec9210>
2025-11-10 16:56:35,411 - Knowledge - INFO - Found code-base-name: https://github.com/DarssiniRamesh/RBUS.git:main
2025-11-10 16:56:35,577 - Knowledge - INFO - Found code_base: <app.utils.kg_build.knowledge.KnowledgeCodeBase object at 0x7f95ddec9210>
2025-11-10 16:56:35,741 - Knowledge - INFO - persist ingested knowledge for /app/data/T0015/222062/b1810jj/RBUS/utils/dataProvider/data/Device.WiFi.EndPoint.Interface.json
2025-11-10 16:56:36,007 - Knowledge - INFO - [MONGODB_OP] Completed: persist, Collection: file_info, Duration: 87ms
2025-11-10 16:56:36,959 - Knowledge - INFO - [REDIS_OP] Completed: store_embedding, Key: utils/dataProvider/data/Device.WiFi.EndPoint.Interface.json, Duration: 793ms
2025-11-10 16:56:37,127 - Knowledge - INFO - persist search terms embedding for utils/dataProvider/data/Device.WiFi.EndPoint.Interface.json
2025-11-10 16:56:37,305 - Knowledge - INFO - process ingested knowledge for /app/data/T0015/222062/b1810jj/RBUS/utils/dataProvider/data/Device.WiFi.EndPoint.Interface.json
2025-11-10 16:56:37,524 - Knowledge - INFO - Found code-base-name: https://github.com/DarssiniRamesh/RBUS.git:main
2025-11-10 16:56:37,717 - Knowledge - INFO - Found code_base: <app.utils.kg_build.knowledge.KnowledgeCodeBase object at 0x7f95ddec9210>
2025-11-10 16:56:37,958 - Knowledge - INFO - Found code-base-name: https://github.com/DarssiniRamesh/RBUS.git:main
2025-11-10 16:56:38,123 - Knowledge - INFO - Found code_base: <app.utils.kg_build.knowledge.KnowledgeCodeBase object at 0x7f95ddec9210>
2025-11-10 16:56:38,293 - Knowledge - INFO - persist ingested knowledge for /app/data/T0015/222062/b1810jj/RBUS/unittests/main.cpp
2025-11-10 16:56:38,554 - Knowledge - INFO - [MONGODB_OP] Completed: persist, Collection: file_info, Duration: 81ms
2025-11-10 16:56:39,082 - Knowledge - INFO - [REDIS_OP] Completed: store_embedding, Key: unittests/main.cpp, Duration: 319ms
2025-11-10 16:56:39,255 - Knowledge - INFO - persist search terms embedding for unittests/main.cpp
2025-11-10 16:56:39,441 - Knowledge - INFO - process ingested knowledge for /app/data/T0015/222062/b1810jj/RBUS/unittests/main.cpp
2025-11-10 16:56:39,599 - Knowledge - INFO - Found code-base-name: https://github.com/DarssiniRamesh/RBUS.git:main
2025-11-10 16:56:39,796 - Knowledge - INFO - Found code_base: <app.utils.kg_build.knowledge.KnowledgeCodeBase object at 0x7f95ddec9210>
2025-11-10 16:56:40,021 - Knowledge - INFO - Found code-base-name: https://github.com/DarssiniRamesh/RBUS.git:main
2025-11-10 16:56:40,186 - Knowledge - INFO - Found code_base: <app.utils.kg_build.knowledge.KnowledgeCodeBase object at 0x7f95ddec9210>
2025-11-10 16:56:40,349 - Knowledge - INFO - persist ingested knowledge for /app/data/T0015/222062/b1810jj/RBUS/utils/rbuscli/rbuscli.c
2025-11-10 16:56:40,607 - Knowledge - INFO - [MONGODB_OP] Completed: persist, Collection: file_info, Duration: 81ms
2025-11-10 16:56:41,078 - Knowledge - INFO - [REDIS_OP] Completed: store_embedding, Key: utils/rbuscli/rbuscli.c, Duration: 263ms
2025-11-10 16:56:41,258 - Knowledge - INFO - persist search terms embedding for utils/rbuscli/rbuscli.c
2025-11-10 16:56:41,439 - Knowledge - INFO - process ingested knowledge for /app/data/T0015/222062/b1810jj/RBUS/utils/rbuscli/rbuscli.c
2025-11-10 16:56:41,605 - Knowledge - INFO - Found code-base-name: https://github.com/DarssiniRamesh/RBUS.git:main
2025-11-10 16:56:41,790 - Knowledge - INFO - Found code_base: <app.utils.kg_build.knowledge.KnowledgeCodeBase object at 0x7f95ddec9210>
2025-11-10 16:56:42,055 - Knowledge - INFO - Found code-base-name: https://github.com/DarssiniRamesh/RBUS.git:main
2025-11-10 16:56:42,259 - Knowledge - INFO - Found code_base: <app.utils.kg_build.knowledge.KnowledgeCodeBase object at 0x7f95ddec9210>
2025-11-10 16:56:42,429 - Knowledge - INFO - persist ingested knowledge for /app/data/T0015/222062/b1810jj/RBUS/src/rtmessage/rtCipher.h
2025-11-10 16:56:42,668 - Knowledge - INFO - [MONGODB_OP] Completed: persist, Collection: file_info, Duration: 86ms
2025-11-10 16:56:43,164 - Knowledge - INFO - [REDIS_OP] Completed: store_embedding, Key: src/rtmessage/rtCipher.h, Duration: 312ms
2025-11-10 16:56:43,420 - Knowledge - INFO - persist search terms embedding for src/rtmessage/rtCipher.h
2025-11-10 16:56:43,588 - Knowledge - INFO - process ingested knowledge for /app/data/T0015/222062/b1810jj/RBUS/src/rtmessage/rtCipher.h
2025-11-10 16:56:43,823 - Knowledge - INFO - Found code-base-name: https://github.com/DarssiniRamesh/RBUS.git:main
2025-11-10 16:56:44,016 - Knowledge - INFO - Found code_base: <app.utils.kg_build.knowledge.KnowledgeCodeBase object at 0x7f95ddec9210>
2025-11-10 16:56:44,284 - Knowledge - INFO - Found code-base-name: https://github.com/DarssiniRamesh/RBUS.git:main
2025-11-10 16:56:44,462 - Knowledge - INFO - Found code_base: <app.utils.kg_build.knowledge.KnowledgeCodeBase object at 0x7f95ddec9210>
2025-11-10 16:56:44,624 - Knowledge - INFO - persist ingested knowledge for /app/data/T0015/222062/b1810jj/RBUS/utils/dataProvider/data/Device.WiFi.Radio.Stats.json
2025-11-10 16:56:44,900 - Knowledge - INFO - [MONGODB_OP] Completed: persist, Collection: file_info, Duration: 79ms
2025-11-10 16:56:45,323 - Knowledge - INFO - [REDIS_OP] Completed: store_embedding, Key: utils/dataProvider/data/Device.WiFi.Radio.Stats.json, Duration: 245ms
2025-11-10 16:56:45,527 - Knowledge - INFO - persist search terms embedding for utils/dataProvider/data/Device.WiFi.Radio.Stats.json
2025-11-10 16:56:45,731 - Knowledge - INFO - process ingested knowledge for /app/data/T0015/222062/b1810jj/RBUS/utils/dataProvider/data/Device.WiFi.Radio.Stats.json
2025-11-10 16:56:45,915 - Knowledge - INFO - Found code-base-name: https://github.com/DarssiniRamesh/RBUS.git:main
2025-11-10 16:56:46,110 - Knowledge - INFO - Found code_base: <app.utils.kg_build.knowledge.KnowledgeCodeBase object at 0x7f95ddec9210>
2025-11-10 16:56:46,381 - Knowledge - INFO - Found code-base-name: https://github.com/DarssiniRamesh/RBUS.git:main
2025-11-10 16:56:46,539 - Knowledge - INFO - Found code_base: <app.utils.kg_build.knowledge.KnowledgeCodeBase object at 0x7f95ddec9210>
2025-11-10 16:56:46,774 - Knowledge - INFO - persist ingested knowledge for /app/data/T0015/222062/b1810jj/RBUS/utils/dataProvider/dmProviderHost.h
2025-11-10 16:56:47,023 - Knowledge - INFO - [MONGODB_OP] Completed: persist, Collection: file_info, Duration: 83ms
2025-11-10 16:56:47,451 - Knowledge - INFO - [REDIS_OP] Completed: store_embedding, Key: utils/dataProvider/dmProviderHost.h, Duration: 266ms
2025-11-10 16:56:47,639 - Knowledge - INFO - persist search terms embedding for utils/dataProvider/dmProviderHost.h
2025-11-10 16:56:47,856 - Knowledge - INFO - process ingested knowledge for /app/data/T0015/222062/b1810jj/RBUS/utils/dataProvider/dmProviderHost.h
2025-11-10 16:56:48,023 - Knowledge - INFO - Found code-base-name: https://github.com/DarssiniRamesh/RBUS.git:main
2025-11-10 16:56:48,200 - Knowledge - INFO - Found code_base: <app.utils.kg_build.knowledge.KnowledgeCodeBase object at 0x7f95ddec9210>
2025-11-10 16:56:48,422 - Knowledge - INFO - Found code-base-name: https://github.com/DarssiniRamesh/RBUS.git:main
2025-11-10 16:56:48,626 - Knowledge - INFO - Found code_base: <app.utils.kg_build.knowledge.KnowledgeCodeBase object at 0x7f95ddec9210>
2025-11-10 16:56:48,786 - Knowledge - INFO - persist ingested knowledge for /app/data/T0015/222062/b1810jj/RBUS/test/rbus/multiRbusOpenConsumer/multiRbusOpenConsumer.c
2025-11-10 16:56:49,073 - Knowledge - INFO - [MONGODB_OP] Completed: persist, Collection: file_info, Duration: 82ms
2025-11-10 16:56:49,598 - Knowledge - INFO - [REDIS_OP] Completed: store_embedding, Key: test/rbus/multiRbusOpenConsumer/multiRbusOpenConsumer.c, Duration: 365ms
2025-11-10 16:56:49,758 - Knowledge - INFO - persist search terms embedding for test/rbus/multiRbusOpenConsumer/multiRbusOpenConsumer.c
2025-11-10 16:56:49,919 - Knowledge - INFO - process ingested knowledge for /app/data/T0015/222062/b1810jj/RBUS/test/rbus/multiRbusOpenConsumer/multiRbusOpenConsumer.c
2025-11-10 16:56:50,149 - Knowledge - INFO - Found code-base-name: https://github.com/DarssiniRamesh/RBUS.git:main
2025-11-10 16:56:50,318 - Knowledge - INFO - Found code_base: <app.utils.kg_build.knowledge.KnowledgeCodeBase object at 0x7f95ddec9210>
2025-11-10 16:56:50,551 - Knowledge - INFO - Found code-base-name: https://github.com/DarssiniRamesh/RBUS.git:main
2025-11-10 16:56:50,712 - Knowledge - INFO - Found code_base: <app.utils.kg_build.knowledge.KnowledgeCodeBase object at 0x7f95ddec9210>
2025-11-10 16:56:50,871 - Knowledge - INFO - persist ingested knowledge for /app/data/T0015/222062/b1810jj/RBUS/test/rbus/multiRbusOpenMethodProvider/multiRbusOpenMethodProvider.c
2025-11-10 16:56:51,128 - Knowledge - INFO - [MONGODB_OP] Completed: persist, Collection: file_info, Duration: 80ms
2025-11-10 16:56:51,461 - Knowledge - INFO - [REDIS_OP] Completed: store_embedding, Key: test/rbus/multiRbusOpenMethodProvider/multiRbusOpenMethodProvider.c, Duration: 177ms
2025-11-10 16:56:51,660 - Knowledge - INFO - persist search terms embedding for test/rbus/multiRbusOpenMethodProvider/multiRbusOpenMethodProvider.c
2025-11-10 16:56:51,812 - Knowledge - INFO - process ingested knowledge for /app/data/T0015/222062/b1810jj/RBUS/test/rbus/multiRbusOpenMethodProvider/multiRbusOpenMethodProvider.c
2025-11-10 16:56:51,978 - Knowledge - INFO - Found code-base-name: https://github.com/DarssiniRamesh/RBUS.git:main
2025-11-10 16:56:52,146 - Knowledge - INFO - Found code_base: <app.utils.kg_build.knowledge.KnowledgeCodeBase object at 0x7f95ddec9210>
2025-11-10 16:56:52,385 - Knowledge - INFO - Found code-base-name: https://github.com/DarssiniRamesh/RBUS.git:main
2025-11-10 16:56:52,565 - Knowledge - INFO - Found code_base: <app.utils.kg_build.knowledge.KnowledgeCodeBase object at 0x7f95ddec9210>
2025-11-10 16:56:52,719 - Knowledge - INFO - persist ingested knowledge for /app/data/T0015/222062/b1810jj/RBUS/test/rbus/rbusTestValue.c
2025-11-10 16:56:52,955 - Knowledge - INFO - [MONGODB_OP] Completed: persist, Collection: file_info, Duration: 80ms
2025-11-10 16:56:53,496 - Knowledge - INFO - [REDIS_OP] Completed: store_embedding, Key: test/rbus/rbusTestValue.c, Duration: 378ms
2025-11-10 16:56:53,651 - Knowledge - INFO - persist search terms embedding for test/rbus/rbusTestValue.c
2025-11-10 16:56:53,835 - Knowledge - INFO - process ingested knowledge for /app/data/T0015/222062/b1810jj/RBUS/test/rbus/rbusTestValue.c
2025-11-10 16:56:54,034 - Knowledge - INFO - Found code-base-name: https://github.com/DarssiniRamesh/RBUS.git:main
2025-11-10 16:56:54,224 - Knowledge - INFO - Found code_base: <app.utils.kg_build.knowledge.KnowledgeCodeBase object at 0x7f95ddec9210>
2025-11-10 16:56:54,509 - Knowledge - INFO - Found code-base-name: https://github.com/DarssiniRamesh/RBUS.git:main
2025-11-10 16:56:54,679 - Knowledge - INFO - Found code_base: <app.utils.kg_build.knowledge.KnowledgeCodeBase object at 0x7f95ddec9210>
2025-11-10 16:56:54,846 - Knowledge - INFO - persist ingested knowledge for /app/data/T0015/222062/b1810jj/RBUS/utils/dataProvider/data/Device.WiFi.X_RDKCENTRAL-COM_Lnf.json
2025-11-10 16:56:55,070 - Knowledge - INFO - [MONGODB_OP] Completed: persist, Collection: file_info, Duration: 71ms
2025-11-10 16:56:55,675 - Knowledge - INFO - [REDIS_OP] Completed: store_embedding, Key: utils/dataProvider/data/Device.WiFi.X_RDKCENTRAL-COM_Lnf.json, Duration: 404ms
2025-11-10 16:56:55,883 - Knowledge - INFO - persist search terms embedding for utils/dataProvider/data/Device.WiFi.X_RDKCENTRAL-COM_Lnf.json
2025-11-10 16:56:56,067 - Knowledge - INFO - process ingested knowledge for /app/data/T0015/222062/b1810jj/RBUS/utils/dataProvider/data/Device.WiFi.X_RDKCENTRAL-COM_Lnf.json
2025-11-10 16:56:56,241 - Knowledge - INFO - Found code-base-name: https://github.com/DarssiniRamesh/RBUS.git:main
2025-11-10 16:56:56,411 - Knowledge - INFO - Found code_base: <app.utils.kg_build.knowledge.KnowledgeCodeBase object at 0x7f95ddec9210>
2025-11-10 16:56:56,635 - Knowledge - INFO - Found code-base-name: https://github.com/DarssiniRamesh/RBUS.git:main
2025-11-10 16:56:56,826 - Knowledge - INFO - Found code_base: <app.utils.kg_build.knowledge.KnowledgeCodeBase object at 0x7f95ddec9210>
2025-11-10 16:56:56,993 - Knowledge - INFO - persist ingested knowledge for /app/data/T0015/222062/b1810jj/RBUS/src/rtmessage/rtString.h
2025-11-10 16:56:57,277 - Knowledge - INFO - [MONGODB_OP] Completed: persist, Collection: file_info, Duration: 80ms
2025-11-10 16:56:57,723 - Knowledge - INFO - [REDIS_OP] Completed: store_embedding, Key: src/rtmessage/rtString.h, Duration: 251ms
2025-11-10 16:56:57,887 - Knowledge - INFO - persist search terms embedding for src/rtmessage/rtString.h
2025-11-10 16:56:58,101 - Knowledge - INFO - process ingested knowledge for /app/data/T0015/222062/b1810jj/RBUS/src/rtmessage/rtString.h
2025-11-10 16:56:58,306 - Knowledge - INFO - Found code-base-name: https://github.com/DarssiniRamesh/RBUS.git:main
2025-11-10 16:56:58,504 - Knowledge - INFO - Found code_base: <app.utils.kg_build.knowledge.KnowledgeCodeBase object at 0x7f95ddec9210>
2025-11-10 16:56:58,723 - Knowledge - INFO - Found code-base-name: https://github.com/DarssiniRamesh/RBUS.git:main
2025-11-10 16:56:58,916 - Knowledge - INFO - Found code_base: <app.utils.kg_build.knowledge.KnowledgeCodeBase object at 0x7f95ddec9210>
2025-11-10 16:56:59,079 - Knowledge - INFO - persist ingested knowledge for /app/data/T0015/222062/b1810jj/RBUS/src/rtmessage/rtRetainable.h
2025-11-10 16:56:59,327 - Knowledge - INFO - [MONGODB_OP] Completed: persist, Collection: file_info, Duration: 90ms
2025-11-10 16:56:59,722 - Knowledge - INFO - [REDIS_OP] Completed: store_embedding, Key: src/rtmessage/rtRetainable.h, Duration: 243ms
2025-11-10 16:56:59,886 - Knowledge - INFO - persist search terms embedding for src/rtmessage/rtRetainable.h
2025-11-10 16:57:00,056 - Knowledge - INFO - process ingested knowledge for /app/data/T0015/222062/b1810jj/RBUS/src/rtmessage/rtRetainable.h
2025-11-10 16:57:00,228 - Knowledge - INFO - Found code-base-name: https://github.com/DarssiniRamesh/RBUS.git:main
2025-11-10 16:57:00,447 - Knowledge - INFO - Found code_base: <app.utils.kg_build.knowledge.KnowledgeCodeBase object at 0x7f95ddec9210>
2025-11-10 16:57:00,688 - Knowledge - INFO - Found code-base-name: https://github.com/DarssiniRamesh/RBUS.git:main
2025-11-10 16:57:00,892 - Knowledge - INFO - Found code_base: <app.utils.kg_build.knowledge.KnowledgeCodeBase object at 0x7f95ddec9210>
2025-11-10 16:57:01,060 - Knowledge - INFO - persist ingested knowledge for /app/data/T0015/222062/b1810jj/RBUS/src/rtmessage/rtDebug.h
2025-11-10 16:57:01,311 - Knowledge - INFO - [MONGODB_OP] Completed: persist, Collection: file_info, Duration: 89ms
2025-11-10 16:57:01,772 - Knowledge - INFO - [REDIS_OP] Completed: store_embedding, Key: src/rtmessage/rtDebug.h, Duration: 296ms
2025-11-10 16:57:02,015 - Knowledge - INFO - persist search terms embedding for src/rtmessage/rtDebug.h
2025-11-10 16:57:02,178 - Knowledge - INFO - process ingested knowledge for /app/data/T0015/222062/b1810jj/RBUS/src/rtmessage/rtDebug.h
2025-11-10 16:57:02,356 - Knowledge - INFO - Found code-base-name: https://github.com/DarssiniRamesh/RBUS.git:main
2025-11-10 16:57:02,532 - Knowledge - INFO - Found code_base: <app.utils.kg_build.knowledge.KnowledgeCodeBase object at 0x7f95ddec9210>
2025-11-10 16:57:02,768 - Knowledge - INFO - Found code-base-name: https://github.com/DarssiniRamesh/RBUS.git:main
2025-11-10 16:57:02,967 - Knowledge - INFO - Found code_base: <app.utils.kg_build.knowledge.KnowledgeCodeBase object at 0x7f95ddec9210>
2025-11-10 16:57:03,160 - Knowledge - INFO - persist ingested knowledge for /app/data/T0015/222062/b1810jj/RBUS/src/session_manager/test/sample_client.c
2025-11-10 16:57:03,407 - Knowledge - INFO - [MONGODB_OP] Completed: persist, Collection: file_info, Duration: 79ms
2025-11-10 16:57:03,813 - Knowledge - INFO - [REDIS_OP] Completed: store_embedding, Key: src/session_manager/test/sample_client.c, Duration: 245ms
2025-11-10 16:57:03,992 - Knowledge - INFO - persist search terms embedding for src/session_manager/test/sample_client.c
2025-11-10 16:57:04,159 - Knowledge - INFO - process ingested knowledge for /app/data/T0015/222062/b1810jj/RBUS/src/session_manager/test/sample_client.c
2025-11-10 16:57:04,382 - Knowledge - INFO - Found code-base-name: https://github.com/DarssiniRamesh/RBUS.git:main
2025-11-10 16:57:04,546 - Knowledge - INFO - Found code_base: <app.utils.kg_build.knowledge.KnowledgeCodeBase object at 0x7f95ddec9210>
2025-11-10 16:57:04,764 - Knowledge - INFO - Found code-base-name: https://github.com/DarssiniRamesh/RBUS.git:main
2025-11-10 16:57:04,958 - Knowledge - INFO - Found code_base: <app.utils.kg_build.knowledge.KnowledgeCodeBase object at 0x7f95ddec9210>
2025-11-10 16:57:05,124 - Knowledge - INFO - persist ingested knowledge for /app/data/T0015/222062/b1810jj/RBUS/test/rbus/multiRbusOpenRbusSetConsumer/multiRbusOpenRbusSetConsumer.c
2025-11-10 16:57:05,349 - Knowledge - INFO - [MONGODB_OP] Completed: persist, Collection: file_info, Duration: 64ms
2025-11-10 16:57:05,851 - Knowledge - INFO - [REDIS_OP] Completed: store_embedding, Key: test/rbus/multiRbusOpenRbusSetConsumer/multiRbusOpenRbusSetConsumer.c, Duration: 327ms
2025-11-10 16:57:06,022 - Knowledge - INFO - persist search terms embedding for test/rbus/multiRbusOpenRbusSetConsumer/multiRbusOpenRbusSetConsumer.c
2025-11-10 16:57:06,190 - Knowledge - INFO - process ingested knowledge for /app/data/T0015/222062/b1810jj/RBUS/test/rbus/multiRbusOpenRbusSetConsumer/multiRbusOpenRbusSetConsumer.c
2025-11-10 16:57:06,382 - Knowledge - INFO - Found code-base-name: https://github.com/DarssiniRamesh/RBUS.git:main
2025-11-10 16:57:06,546 - Knowledge - INFO - Found code_base: <app.utils.kg_build.knowledge.KnowledgeCodeBase object at 0x7f95ddec9210>
2025-11-10 16:57:06,807 - Knowledge - INFO - Found code-base-name: https://github.com/DarssiniRamesh/RBUS.git:main
2025-11-10 16:57:06,976 - Knowledge - INFO - Found code_base: <app.utils.kg_build.knowledge.KnowledgeCodeBase object at 0x7f95ddec9210>
2025-11-10 16:57:07,183 - Knowledge - INFO - persist ingested knowledge for /app/data/T0015/222062/b1810jj/RBUS/unittests/rbus_test_server.c
2025-11-10 16:57:07,429 - Knowledge - INFO - [MONGODB_OP] Completed: persist, Collection: file_info, Duration: 85ms
2025-11-10 16:57:07,878 - Knowledge - INFO - [REDIS_OP] Completed: store_embedding, Key: unittests/rbus_test_server.c, Duration: 284ms
2025-11-10 16:57:08,055 - Knowledge - INFO - persist search terms embedding for unittests/rbus_test_server.c
2025-11-10 16:57:08,233 - Knowledge - INFO - process ingested knowledge for /app/data/T0015/222062/b1810jj/RBUS/unittests/rbus_test_server.c
2025-11-10 16:57:08,478 - Knowledge - INFO - Found code-base-name: https://github.com/DarssiniRamesh/RBUS.git:main
2025-11-10 16:57:08,673 - Knowledge - INFO - Found code_base: <app.utils.kg_build.knowledge.KnowledgeCodeBase object at 0x7f95ddec9210>
2025-11-10 16:57:08,917 - Knowledge - INFO - Found code-base-name: https://github.com/DarssiniRamesh/RBUS.git:main
2025-11-10 16:57:09,084 - Knowledge - INFO - Found code_base: <app.utils.kg_build.knowledge.KnowledgeCodeBase object at 0x7f95ddec9210>
2025-11-10 16:57:09,255 - Knowledge - INFO - persist ingested knowledge for /app/data/T0015/222062/b1810jj/RBUS/utils/dataProvider/data/Device.DeviceInfo.Webpa.json
2025-11-10 16:57:09,559 - Knowledge - INFO - [MONGODB_OP] Completed: persist, Collection: file_info, Duration: 91ms
2025-11-10 16:57:09,987 - Knowledge - INFO - [REDIS_OP] Completed: store_embedding, Key: utils/dataProvider/data/Device.DeviceInfo.Webpa.json, Duration: 266ms
2025-11-10 16:57:10,190 - Knowledge - INFO - persist search terms embedding for utils/dataProvider/data/Device.DeviceInfo.Webpa.json
2025-11-10 16:57:10,356 - Knowledge - INFO - process ingested knowledge for /app/data/T0015/222062/b1810jj/RBUS/utils/dataProvider/data/Device.DeviceInfo.Webpa.json
2025-11-10 16:57:10,534 - Knowledge - INFO - Found code-base-name: https://github.com/DarssiniRamesh/RBUS.git:main
2025-11-10 16:57:10,695 - Knowledge - INFO - Found code_base: <app.utils.kg_build.knowledge.KnowledgeCodeBase object at 0x7f95ddec9210>
2025-11-10 16:57:10,919 - Knowledge - INFO - Found code-base-name: https://github.com/DarssiniRamesh/RBUS.git:main
2025-11-10 16:57:11,124 - Knowledge - INFO - Found code_base: <app.utils.kg_build.knowledge.KnowledgeCodeBase object at 0x7f95ddec9210>
2025-11-10 16:57:11,294 - Knowledge - INFO - persist ingested knowledge for /app/data/T0015/222062/b1810jj/RBUS/test/rbus/multiConsumerThreadsForSingleEvent/multiConsumerThreadsForSingleEvent.c
2025-11-10 16:57:11,550 - Knowledge - INFO - [MONGODB_OP] Completed: persist, Collection: file_info, Duration: 91ms
2025-11-10 16:57:12,544 - Knowledge - INFO - [REDIS_OP] Completed: store_embedding, Key: test/rbus/multiConsumerThreadsForSingleEvent/multiConsumerThreadsForSingleEvent.c, Duration: 760ms
2025-11-10 16:57:12,704 - Knowledge - INFO - persist search terms embedding for test/rbus/multiConsumerThreadsForSingleEvent/multiConsumerThreadsForSingleEvent.c
2025-11-10 16:57:12,877 - Knowledge - INFO - process ingested knowledge for /app/data/T0015/222062/b1810jj/RBUS/test/rbus/multiConsumerThreadsForSingleEvent/multiConsumerThreadsForSingleEvent.c
2025-11-10 16:57:13,070 - Knowledge - INFO - Found code-base-name: https://github.com/DarssiniRamesh/RBUS.git:main
2025-11-10 16:57:13,240 - Knowledge - INFO - Found code_base: <app.utils.kg_build.knowledge.KnowledgeCodeBase object at 0x7f95ddec9210>
2025-11-10 16:57:13,467 - Knowledge - INFO - Found code-base-name: https://github.com/DarssiniRamesh/RBUS.git:main
2025-11-10 16:57:13,663 - Knowledge - INFO - Found code_base: <app.utils.kg_build.knowledge.KnowledgeCodeBase object at 0x7f95ddec9210>
2025-11-10 16:57:13,805 - Knowledge - INFO - persist ingested knowledge for /app/data/T0015/222062/b1810jj/RBUS/utils/codegen/ccsp_style_generator/sampleapp/final/Sample_hal.c
2025-11-10 16:57:14,052 - Knowledge - INFO - [MONGODB_OP] Completed: persist, Collection: file_info, Duration: 84ms
2025-11-10 16:57:14,501 - Knowledge - INFO - [REDIS_OP] Completed: store_embedding, Key: utils/codegen/ccsp_style_generator/sampleapp/final/Sample_hal.c, Duration: 267ms
2025-11-10 16:57:14,657 - Knowledge - INFO - persist search terms embedding for utils/codegen/ccsp_style_generator/sampleapp/final/Sample_hal.c
2025-11-10 16:57:14,857 - Knowledge - INFO - process ingested knowledge for /app/data/T0015/222062/b1810jj/RBUS/utils/codegen/ccsp_style_generator/sampleapp/final/Sample_hal.c
2025-11-10 16:57:15,032 - Knowledge - INFO - Found code-base-name: https://github.com/DarssiniRamesh/RBUS.git:main
2025-11-10 16:57:15,232 - Knowledge - INFO - Found code_base: <app.utils.kg_build.knowledge.KnowledgeCodeBase object at 0x7f95ddec9210>
2025-11-10 16:57:15,456 - Knowledge - INFO - Found code-base-name: https://github.com/DarssiniRamesh/RBUS.git:main
2025-11-10 16:57:15,649 - Knowledge - INFO - Found code_base: <app.utils.kg_build.knowledge.KnowledgeCodeBase object at 0x7f95ddec9210>
2025-11-10 16:57:15,864 - Knowledge - INFO - persist ingested knowledge for /app/data/T0015/222062/b1810jj/RBUS/utils/codegen/ccsp_style_generator/src/rbus_context_helpers.c
2025-11-10 16:57:16,118 - Knowledge - INFO - [MONGODB_OP] Completed: persist, Collection: file_info, Duration: 83ms
2025-11-10 16:57:16,587 - Knowledge - INFO - [REDIS_OP] Completed: store_embedding, Key: utils/codegen/ccsp_style_generator/src/rbus_context_helpers.c, Duration: 299ms
2025-11-10 16:57:16,750 - Knowledge - INFO - persist search terms embedding for utils/codegen/ccsp_style_generator/src/rbus_context_helpers.c
2025-11-10 16:57:16,911 - Knowledge - INFO - process ingested knowledge for /app/data/T0015/222062/b1810jj/RBUS/utils/codegen/ccsp_style_generator/src/rbus_context_helpers.c
2025-11-10 16:57:17,099 - Knowledge - INFO - Found code-base-name: https://github.com/DarssiniRamesh/RBUS.git:main
2025-11-10 16:57:17,315 - Knowledge - INFO - Found code_base: <app.utils.kg_build.knowledge.KnowledgeCodeBase object at 0x7f95ddec9210>
2025-11-10 16:57:17,540 - Knowledge - INFO - Found code-base-name: https://github.com/DarssiniRamesh/RBUS.git:main
2025-11-10 16:57:17,705 - Knowledge - INFO - Found code_base: <app.utils.kg_build.knowledge.KnowledgeCodeBase object at 0x7f95ddec9210>
2025-11-10 16:57:17,865 - Knowledge - INFO - persist ingested knowledge for /app/data/T0015/222062/b1810jj/RBUS/test/rbus/provider/rbusTestProvider.c
2025-11-10 16:57:18,135 - Knowledge - INFO - [MONGODB_OP] Completed: persist, Collection: file_info, Duration: 80ms
2025-11-10 16:57:18,629 - Knowledge - INFO - [REDIS_OP] Completed: store_embedding, Key: test/rbus/provider/rbusTestProvider.c, Duration: 301ms
2025-11-10 16:57:18,799 - Knowledge - INFO - persist search terms embedding for test/rbus/provider/rbusTestProvider.c
2025-11-10 16:57:18,972 - Knowledge - INFO - process ingested knowledge for /app/data/T0015/222062/b1810jj/RBUS/test/rbus/provider/rbusTestProvider.c
2025-11-10 16:57:19,168 - Knowledge - INFO - Found code-base-name: https://github.com/DarssiniRamesh/RBUS.git:main
2025-11-10 16:57:19,389 - Knowledge - INFO - Found code_base: <app.utils.kg_build.knowledge.KnowledgeCodeBase object at 0x7f95ddec9210>
2025-11-10 16:57:19,664 - Knowledge - INFO - Found code-base-name: https://github.com/DarssiniRamesh/RBUS.git:main
2025-11-10 16:57:19,850 - Knowledge - INFO - Found code_base: <app.utils.kg_build.knowledge.KnowledgeCodeBase object at 0x7f95ddec9210>
2025-11-10 16:57:20,046 - Knowledge - INFO - persist ingested knowledge for /app/data/T0015/222062/b1810jj/RBUS/utils/dataProvider/data/Device.DeviceInfo.X_RDKCENTRAL-COM_RFC.json
2025-11-10 16:57:20,315 - Knowledge - INFO - [MONGODB_OP] Completed: persist, Collection: file_info, Duration: 88ms
2025-11-10 16:57:20,759 - Knowledge - INFO - [REDIS_OP] Completed: store_embedding, Key: utils/dataProvider/data/Device.DeviceInfo.X_RDKCENTRAL-COM_RFC.json, Duration: 274ms
2025-11-10 16:57:20,969 - Knowledge - INFO - persist search terms embedding for utils/dataProvider/data/Device.DeviceInfo.X_RDKCENTRAL-COM_RFC.json
2025-11-10 16:57:21,152 - Knowledge - INFO - process ingested knowledge for /app/data/T0015/222062/b1810jj/RBUS/utils/dataProvider/data/Device.DeviceInfo.X_RDKCENTRAL-COM_RFC.json
2025-11-10 16:57:21,328 - Knowledge - INFO - Found code-base-name: https://github.com/DarssiniRamesh/RBUS.git:main
2025-11-10 16:57:21,533 - Knowledge - INFO - Found code_base: <app.utils.kg_build.knowledge.KnowledgeCodeBase object at 0x7f95ddec9210>
2025-11-10 16:57:21,754 - Knowledge - INFO - Found code-base-name: https://github.com/DarssiniRamesh/RBUS.git:main
2025-11-10 16:57:21,924 - Knowledge - INFO - Found code_base: <app.utils.kg_build.knowledge.KnowledgeCodeBase object at 0x7f95ddec9210>
2025-11-10 16:57:22,181 - Knowledge - INFO - persist ingested knowledge for /app/data/T0015/222062/b1810jj/RBUS/sampleapps/message/rbusMessageSender.c
2025-11-10 16:57:22,422 - Knowledge - INFO - [MONGODB_OP] Completed: persist, Collection: file_info, Duration: 83ms
2025-11-10 16:57:22,848 - Knowledge - INFO - [REDIS_OP] Completed: store_embedding, Key: sampleapps/message/rbusMessageSender.c, Duration: 243ms
2025-11-10 16:57:23,007 - Knowledge - INFO - persist search terms embedding for sampleapps/message/rbusMessageSender.c
2025-11-10 16:57:23,201 - Knowledge - INFO - process ingested knowledge for /app/data/T0015/222062/b1810jj/RBUS/sampleapps/message/rbusMessageSender.c
2025-11-10 16:57:23,364 - Knowledge - INFO - Found code-base-name: https://github.com/DarssiniRamesh/RBUS.git:main
2025-11-10 16:57:23,530 - Knowledge - INFO - Found code_base: <app.utils.kg_build.knowledge.KnowledgeCodeBase object at 0x7f95ddec9210>
2025-11-10 16:57:23,773 - Knowledge - INFO - Found code-base-name: https://github.com/DarssiniRamesh/RBUS.git:main
2025-11-10 16:57:23,943 - Knowledge - INFO - Found code_base: <app.utils.kg_build.knowledge.KnowledgeCodeBase object at 0x7f95ddec9210>
2025-11-10 16:57:24,147 - Knowledge - INFO - persist ingested knowledge for /app/data/T0015/222062/b1810jj/RBUS/utils/dataProvider/data/Device.Devicecontrol.json
2025-11-10 16:57:24,414 - Knowledge - INFO - [MONGODB_OP] Completed: persist, Collection: file_info, Duration: 84ms
2025-11-10 16:57:24,844 - Knowledge - INFO - [REDIS_OP] Completed: store_embedding, Key: utils/dataProvider/data/Device.Devicecontrol.json, Duration: 239ms
2025-11-10 16:57:25,007 - Knowledge - INFO - persist search terms embedding for utils/dataProvider/data/Device.Devicecontrol.json
2025-11-10 16:57:25,194 - Knowledge - INFO - process ingested knowledge for /app/data/T0015/222062/b1810jj/RBUS/utils/dataProvider/data/Device.Devicecontrol.json
2025-11-10 16:57:25,409 - Knowledge - INFO - Found code-base-name: https://github.com/DarssiniRamesh/RBUS.git:main
2025-11-10 16:57:25,572 - Knowledge - INFO - Found code_base: <app.utils.kg_build.knowledge.KnowledgeCodeBase object at 0x7f95ddec9210>
2025-11-10 16:57:25,820 - Knowledge - INFO - Found code-base-name: https://github.com/DarssiniRamesh/RBUS.git:main
2025-11-10 16:57:25,999 - Knowledge - INFO - Found code_base: <app.utils.kg_build.knowledge.KnowledgeCodeBase object at 0x7f95ddec9210>
2025-11-10 16:57:26,161 - Knowledge - INFO - persist ingested knowledge for /app/data/T0015/222062/b1810jj/RBUS/test/rbus/common/test_macros.h
2025-11-10 16:57:26,407 - Knowledge - INFO - [MONGODB_OP] Completed: persist, Collection: file_info, Duration: 85ms
2025-11-10 16:57:26,834 - Knowledge - INFO - [REDIS_OP] Completed: store_embedding, Key: test/rbus/common/test_macros.h, Duration: 247ms
2025-11-10 16:57:27,028 - Knowledge - INFO - persist search terms embedding for test/rbus/common/test_macros.h
2025-11-10 16:57:27,379 - Knowledge - INFO - process ingested knowledge for /app/data/T0015/222062/b1810jj/RBUS/test/rbus/common/test_macros.h
2025-11-10 16:57:27,560 - Knowledge - INFO - Found code-base-name: https://github.com/DarssiniRamesh/RBUS.git:main
2025-11-10 16:57:27,769 - Knowledge - INFO - Found code_base: <app.utils.kg_build.knowledge.KnowledgeCodeBase object at 0x7f95ddec9210>
2025-11-10 16:57:27,999 - Knowledge - INFO - Found code-base-name: https://github.com/DarssiniRamesh/RBUS.git:main
2025-11-10 16:57:28,165 - Knowledge - INFO - Found code_base: <app.utils.kg_build.knowledge.KnowledgeCodeBase object at 0x7f95ddec9210>
2025-11-10 16:57:28,335 - Knowledge - INFO - persist ingested knowledge for /app/data/T0015/222062/b1810jj/RBUS/sampleapps/provider/utilities.c
2025-11-10 16:57:28,626 - Knowledge - INFO - [MONGODB_OP] Completed: persist, Collection: file_info, Duration: 90ms
2025-11-10 16:57:29,080 - Knowledge - INFO - [REDIS_OP] Completed: store_embedding, Key: sampleapps/provider/utilities.c, Duration: 239ms
2025-11-10 16:57:29,242 - Knowledge - INFO - persist search terms embedding for sampleapps/provider/utilities.c
2025-11-10 16:57:29,463 - Knowledge - INFO - process ingested knowledge for /app/data/T0015/222062/b1810jj/RBUS/sampleapps/provider/utilities.c
2025-11-10 16:57:29,626 - Knowledge - INFO - Found code-base-name: https://github.com/DarssiniRamesh/RBUS.git:main
2025-11-10 16:57:29,793 - Knowledge - INFO - Found code_base: <app.utils.kg_build.knowledge.KnowledgeCodeBase object at 0x7f95ddec9210>
2025-11-10 16:57:30,055 - Knowledge - INFO - Found code-base-name: https://github.com/DarssiniRamesh/RBUS.git:main
2025-11-10 16:57:30,242 - Knowledge - INFO - Found code_base: <app.utils.kg_build.knowledge.KnowledgeCodeBase object at 0x7f95ddec9210>
2025-11-10 16:57:30,441 - Knowledge - INFO - persist ingested knowledge for /app/data/T0015/222062/b1810jj/RBUS/test/rbus/consumer/filter.c
2025-11-10 16:57:30,739 - Knowledge - INFO - [MONGODB_OP] Completed: persist, Collection: file_info, Duration: 85ms
2025-11-10 16:57:31,275 - Knowledge - INFO - [REDIS_OP] Completed: store_embedding, Key: test/rbus/consumer/filter.c, Duration: 371ms
2025-11-10 16:57:31,475 - Knowledge - INFO - persist search terms embedding for test/rbus/consumer/filter.c
2025-11-10 16:57:31,638 - Knowledge - INFO - process ingested knowledge for /app/data/T0015/222062/b1810jj/RBUS/test/rbus/consumer/filter.c
2025-11-10 16:57:31,861 - Knowledge - INFO - Found code-base-name: https://github.com/DarssiniRamesh/RBUS.git:main
2025-11-10 16:57:32,082 - Knowledge - INFO - Found code_base: <app.utils.kg_build.knowledge.KnowledgeCodeBase object at 0x7f95ddec9210>
2025-11-10 16:57:32,323 - Knowledge - INFO - Found code-base-name: https://github.com/DarssiniRamesh/RBUS.git:main
2025-11-10 16:57:32,492 - Knowledge - INFO - Found code_base: <app.utils.kg_build.knowledge.KnowledgeCodeBase object at 0x7f95ddec9210>
2025-11-10 16:57:32,674 - Knowledge - INFO - persist ingested knowledge for /app/data/T0015/222062/b1810jj/RBUS/utils/dataProvider/dmPropertyInfo.h
2025-11-10 16:57:32,957 - Knowledge - INFO - [MONGODB_OP] Completed: persist, Collection: file_info, Duration: 84ms
2025-11-10 16:57:33,435 - Knowledge - INFO - [REDIS_OP] Completed: store_embedding, Key: utils/dataProvider/dmPropertyInfo.h, Duration: 313ms
2025-11-10 16:57:33,618 - Knowledge - INFO - persist search terms embedding for utils/dataProvider/dmPropertyInfo.h
2025-11-10 16:57:33,785 - Knowledge - INFO - process ingested knowledge for /app/data/T0015/222062/b1810jj/RBUS/utils/dataProvider/dmPropertyInfo.h
2025-11-10 16:57:33,999 - Knowledge - INFO - Found code-base-name: https://github.com/DarssiniRamesh/RBUS.git:main
2025-11-10 16:57:34,165 - Knowledge - INFO - Found code_base: <app.utils.kg_build.knowledge.KnowledgeCodeBase object at 0x7f95ddec9210>
2025-11-10 16:57:34,410 - Knowledge - INFO - Found code-base-name: https://github.com/DarssiniRamesh/RBUS.git:main
2025-11-10 16:57:34,576 - Knowledge - INFO - Found code_base: <app.utils.kg_build.knowledge.KnowledgeCodeBase object at 0x7f95ddec9210>
2025-11-10 16:57:34,728 - Knowledge - INFO - persist ingested knowledge for /app/data/T0015/222062/b1810jj/RBUS/test/rbus/multiRbusOpenRbusGetConsumer/multiRbusOpenRbusGetConsumer.c
2025-11-10 16:57:35,052 - Knowledge - INFO - [MONGODB_OP] Completed: persist, Collection: file_info, Duration: 85ms
2025-11-10 16:57:35,557 - Knowledge - INFO - [REDIS_OP] Completed: store_embedding, Key: test/rbus/multiRbusOpenRbusGetConsumer/multiRbusOpenRbusGetConsumer.c, Duration: 319ms
2025-11-10 16:57:35,752 - Knowledge - INFO - persist search terms embedding for test/rbus/multiRbusOpenRbusGetConsumer/multiRbusOpenRbusGetConsumer.c
2025-11-10 16:57:35,917 - Knowledge - INFO - process ingested knowledge for /app/data/T0015/222062/b1810jj/RBUS/test/rbus/multiRbusOpenRbusGetConsumer/multiRbusOpenRbusGetConsumer.c
2025-11-10 16:57:36,124 - Knowledge - INFO - Found code-base-name: https://github.com/DarssiniRamesh/RBUS.git:main
2025-11-10 16:57:36,300 - Knowledge - INFO - Found code_base: <app.utils.kg_build.knowledge.KnowledgeCodeBase object at 0x7f95ddec9210>
2025-11-10 16:57:36,548 - Knowledge - INFO - Found code-base-name: https://github.com/DarssiniRamesh/RBUS.git:main
2025-11-10 16:57:36,736 - Knowledge - INFO - Found code_base: <app.utils.kg_build.knowledge.KnowledgeCodeBase object at 0x7f95ddec9210>
2025-11-10 16:57:36,890 - Knowledge - INFO - persist ingested knowledge for /app/data/T0015/222062/b1810jj/RBUS/utils/dataProvider/data/Device.X_RDKCENTRAL-COM_Camera.Thumbnail.json
2025-11-10 16:57:37,132 - Knowledge - INFO - [MONGODB_OP] Completed: persist, Collection: file_info, Duration: 85ms
2025-11-10 16:57:37,562 - Knowledge - INFO - [REDIS_OP] Completed: store_embedding, Key: utils/dataProvider/data/Device.X_RDKCENTRAL-COM_Camera.Thumbnail.json, Duration: 245ms
2025-11-10 16:57:37,758 - Knowledge - INFO - persist search terms embedding for utils/dataProvider/data/Device.X_RDKCENTRAL-COM_Camera.Thumbnail.json
2025-11-10 16:57:37,915 - Knowledge - INFO - process ingested knowledge for /app/data/T0015/222062/b1810jj/RBUS/utils/dataProvider/data/Device.X_RDKCENTRAL-COM_Camera.Thumbnail.json
2025-11-10 16:57:38,086 - Knowledge - INFO - Found code-base-name: https://github.com/DarssiniRamesh/RBUS.git:main
2025-11-10 16:57:38,254 - Knowledge - INFO - Found code_base: <app.utils.kg_build.knowledge.KnowledgeCodeBase object at 0x7f95ddec9210>
2025-11-10 16:57:38,545 - Knowledge - INFO - Found code-base-name: https://github.com/DarssiniRamesh/RBUS.git:main
2025-11-10 16:57:38,761 - Knowledge - INFO - Found code_base: <app.utils.kg_build.knowledge.KnowledgeCodeBase object at 0x7f95ddec9210>
2025-11-10 16:57:38,973 - Knowledge - INFO - persist ingested knowledge for /app/data/T0015/222062/b1810jj/RBUS/src/rtmessage/rtrouter_diag.h
2025-11-10 16:57:39,254 - Knowledge - INFO - [MONGODB_OP] Completed: persist, Collection: file_info, Duration: 82ms
2025-11-10 16:57:39,710 - Knowledge - INFO - [REDIS_OP] Completed: store_embedding, Key: src/rtmessage/rtrouter_diag.h, Duration: 270ms
2025-11-10 16:57:39,884 - Knowledge - INFO - persist search terms embedding for src/rtmessage/rtrouter_diag.h
2025-11-10 16:57:40,087 - Knowledge - INFO - process ingested knowledge for /app/data/T0015/222062/b1810jj/RBUS/src/rtmessage/rtrouter_diag.h
2025-11-10 16:57:40,251 - Knowledge - INFO - Found code-base-name: https://github.com/DarssiniRamesh/RBUS.git:main
2025-11-10 16:57:40,436 - Knowledge - INFO - Found code_base: <app.utils.kg_build.knowledge.KnowledgeCodeBase object at 0x7f95ddec9210>
2025-11-10 16:57:40,663 - Knowledge - INFO - Found code-base-name: https://github.com/DarssiniRamesh/RBUS.git:main
2025-11-10 16:57:40,826 - Knowledge - INFO - Found code_base: <app.utils.kg_build.knowledge.KnowledgeCodeBase object at 0x7f95ddec9210>
2025-11-10 16:57:41,078 - Knowledge - INFO - persist ingested knowledge for /app/data/T0015/222062/b1810jj/RBUS/test/rbus/multiRbusOpenProvider/multiRbusOpenProvider.c
2025-11-10 16:57:41,335 - Knowledge - INFO - [MONGODB_OP] Completed: persist, Collection: file_info, Duration: 84ms
2025-11-10 16:57:41,760 - Knowledge - INFO - [REDIS_OP] Completed: store_embedding, Key: test/rbus/multiRbusOpenProvider/multiRbusOpenProvider.c, Duration: 253ms
2025-11-10 16:57:41,936 - Knowledge - INFO - persist search terms embedding for test/rbus/multiRbusOpenProvider/multiRbusOpenProvider.c
2025-11-10 16:57:42,106 - Knowledge - INFO - process ingested knowledge for /app/data/T0015/222062/b1810jj/RBUS/test/rbus/multiRbusOpenProvider/multiRbusOpenProvider.c
2025-11-10 16:57:42,319 - Knowledge - INFO - Found code-base-name: https://github.com/DarssiniRamesh/RBUS.git:main
2025-11-10 16:57:42,525 - Knowledge - INFO - Found code_base: <app.utils.kg_build.knowledge.KnowledgeCodeBase object at 0x7f95ddec9210>
2025-11-10 16:57:42,818 - Knowledge - INFO - Found code-base-name: https://github.com/DarssiniRamesh/RBUS.git:main
2025-11-10 16:57:43,025 - Knowledge - INFO - Found code_base: <app.utils.kg_build.knowledge.KnowledgeCodeBase object at 0x7f95ddec9210>
2025-11-10 16:57:43,181 - Knowledge - INFO - persist ingested knowledge for /app/data/T0015/222062/b1810jj/RBUS/sampleapps/consumer/rbusBlockingConsumer.c
2025-11-10 16:57:43,454 - Knowledge - INFO - [MONGODB_OP] Completed: persist, Collection: file_info, Duration: 82ms
2025-11-10 16:57:43,933 - Knowledge - INFO - [REDIS_OP] Completed: store_embedding, Key: sampleapps/consumer/rbusBlockingConsumer.c, Duration: 292ms
2025-11-10 16:57:44,106 - Knowledge - INFO - persist search terms embedding for sampleapps/consumer/rbusBlockingConsumer.c
2025-11-10 16:57:44,308 - Knowledge - INFO - process ingested knowledge for /app/data/T0015/222062/b1810jj/RBUS/sampleapps/consumer/rbusBlockingConsumer.c
2025-11-10 16:57:44,536 - Knowledge - INFO - Found code-base-name: https://github.com/DarssiniRamesh/RBUS.git:main
2025-11-10 16:57:44,695 - Knowledge - INFO - Found code_base: <app.utils.kg_build.knowledge.KnowledgeCodeBase object at 0x7f95ddec9210>
2025-11-10 16:57:44,930 - Knowledge - INFO - Found code-base-name: https://github.com/DarssiniRamesh/RBUS.git:main
2025-11-10 16:57:45,108 - Knowledge - INFO - Found code_base: <app.utils.kg_build.knowledge.KnowledgeCodeBase object at 0x7f95ddec9210>
2025-11-10 16:57:45,270 - Knowledge - INFO - persist ingested knowledge for /app/data/T0015/222062/b1810jj/RBUS/test/rbus/multiProviderThreadsForSingleEvent/multiProviderThreadsForSingleEvent.c
2025-11-10 16:57:45,520 - Knowledge - INFO - [MONGODB_OP] Completed: persist, Collection: file_info, Duration: 88ms
2025-11-10 16:57:45,981 - Knowledge - INFO - [REDIS_OP] Completed: store_embedding, Key: test/rbus/multiProviderThreadsForSingleEvent/multiProviderThreadsForSingleEvent.c, Duration: 261ms
2025-11-10 16:57:46,184 - Knowledge - INFO - persist search terms embedding for test/rbus/multiProviderThreadsForSingleEvent/multiProviderThreadsForSingleEvent.c
2025-11-10 16:57:46,349 - Knowledge - INFO - process ingested knowledge for /app/data/T0015/222062/b1810jj/RBUS/test/rbus/multiProviderThreadsForSingleEvent/multiProviderThreadsForSingleEvent.c
2025-11-10 16:57:46,514 - Knowledge - INFO - Found code-base-name: https://github.com/DarssiniRamesh/RBUS.git:main
2025-11-10 16:57:46,668 - Knowledge - INFO - Found code_base: <app.utils.kg_build.knowledge.KnowledgeCodeBase object at 0x7f95ddec9210>
2025-11-10 16:57:46,952 - Knowledge - INFO - Found code-base-name: https://github.com/DarssiniRamesh/RBUS.git:main
2025-11-10 16:57:47,146 - Knowledge - INFO - Found code_base: <app.utils.kg_build.knowledge.KnowledgeCodeBase object at 0x7f95ddec9210>
2025-11-10 16:57:47,300 - Knowledge - INFO - persist ingested knowledge for /app/data/T0015/222062/b1810jj/RBUS/src/rtmessage/rtMessage.h
2025-11-10 16:57:47,551 - Knowledge - INFO - [MONGODB_OP] Completed: persist, Collection: file_info, Duration: 82ms
2025-11-10 16:57:47,994 - Knowledge - INFO - [REDIS_OP] Completed: store_embedding, Key: src/rtmessage/rtMessage.h, Duration: 270ms
2025-11-10 16:57:48,156 - Knowledge - INFO - persist search terms embedding for src/rtmessage/rtMessage.h
2025-11-10 16:57:48,323 - Knowledge - INFO - process ingested knowledge for /app/data/T0015/222062/b1810jj/RBUS/src/rtmessage/rtMessage.h
2025-11-10 16:57:48,503 - Knowledge - INFO - Found code-base-name: https://github.com/DarssiniRamesh/RBUS.git:main
2025-11-10 16:57:48,714 - Knowledge - INFO - Found code_base: <app.utils.kg_build.knowledge.KnowledgeCodeBase object at 0x7f95ddec9210>
2025-11-10 16:57:49,011 - Knowledge - INFO - Found code-base-name: https://github.com/DarssiniRamesh/RBUS.git:main
2025-11-10 16:57:49,174 - Knowledge - INFO - Found code_base: <app.utils.kg_build.knowledge.KnowledgeCodeBase object at 0x7f95ddec9210>
2025-11-10 16:57:49,361 - Knowledge - INFO - persist ingested knowledge for /app/data/T0015/222062/b1810jj/RBUS/src/rtmessage/rtError.c
2025-11-10 16:57:49,664 - Knowledge - INFO - [MONGODB_OP] Completed: persist, Collection: file_info, Duration: 86ms
2025-11-10 16:57:50,355 - Knowledge - INFO - [REDIS_OP] Completed: store_embedding, Key: src/rtmessage/rtError.c, Duration: 518ms
2025-11-10 16:57:50,541 - Knowledge - INFO - persist search terms embedding for src/rtmessage/rtError.c
2025-11-10 16:57:50,690 - Knowledge - INFO - process ingested knowledge for /app/data/T0015/222062/b1810jj/RBUS/src/rtmessage/rtError.c
2025-11-10 16:57:50,861 - Knowledge - INFO - Found code-base-name: https://github.com/DarssiniRamesh/RBUS.git:main
2025-11-10 16:57:51,021 - Knowledge - INFO - Found code_base: <app.utils.kg_build.knowledge.KnowledgeCodeBase object at 0x7f95ddec9210>
2025-11-10 16:57:51,253 - Knowledge - INFO - Found code-base-name: https://github.com/DarssiniRamesh/RBUS.git:main
2025-11-10 16:57:51,427 - Knowledge - INFO - Found code_base: <app.utils.kg_build.knowledge.KnowledgeCodeBase object at 0x7f95ddec9210>
2025-11-10 16:57:51,598 - Knowledge - INFO - persist ingested knowledge for /app/data/T0015/222062/b1810jj/RBUS/src/rtmessage/rtBuffer.c
2025-11-10 16:57:51,875 - Knowledge - INFO - [MONGODB_OP] Completed: persist, Collection: file_info, Duration: 83ms
2025-11-10 16:57:52,330 - Knowledge - INFO - [REDIS_OP] Completed: store_embedding, Key: src/rtmessage/rtBuffer.c, Duration: 251ms
2025-11-10 16:57:52,508 - Knowledge - INFO - persist search terms embedding for src/rtmessage/rtBuffer.c
2025-11-10 16:57:52,711 - Knowledge - INFO - process ingested knowledge for /app/data/T0015/222062/b1810jj/RBUS/src/rtmessage/rtBuffer.c
2025-11-10 16:57:52,923 - Knowledge - INFO - Found code-base-name: https://github.com/DarssiniRamesh/RBUS.git:main
2025-11-10 16:57:53,084 - Knowledge - INFO - Found code_base: <app.utils.kg_build.knowledge.KnowledgeCodeBase object at 0x7f95ddec9210>
2025-11-10 16:57:53,367 - Knowledge - INFO - Found code-base-name: https://github.com/DarssiniRamesh/RBUS.git:main
2025-11-10 16:57:53,561 - Knowledge - INFO - Found code_base: <app.utils.kg_build.knowledge.KnowledgeCodeBase object at 0x7f95ddec9210>
2025-11-10 16:57:53,717 - Knowledge - INFO - persist ingested knowledge for /app/data/T0015/222062/b1810jj/RBUS/src/session_manager/CMakeLists.txt
2025-11-10 16:57:53,969 - Knowledge - INFO - [MONGODB_OP] Completed: persist, Collection: file_info, Duration: 85ms
2025-11-10 16:57:54,366 - Knowledge - INFO - [REDIS_OP] Completed: store_embedding, Key: src/session_manager/CMakeLists.txt, Duration: 226ms
2025-11-10 16:57:54,538 - Knowledge - INFO - persist search terms embedding for src/session_manager/CMakeLists.txt
2025-11-10 16:57:54,714 - Knowledge - INFO - process ingested knowledge for /app/data/T0015/222062/b1810jj/RBUS/src/session_manager/CMakeLists.txt
2025-11-10 16:57:54,915 - Knowledge - INFO - Found code-base-name: https://github.com/DarssiniRamesh/RBUS.git:main
2025-11-10 16:57:55,147 - Knowledge - INFO - Found code_base: <app.utils.kg_build.knowledge.KnowledgeCodeBase object at 0x7f95ddec9210>
2025-11-10 16:57:55,397 - Knowledge - INFO - Found code-base-name: https://github.com/DarssiniRamesh/RBUS.git:main
2025-11-10 16:57:55,595 - Knowledge - INFO - Found code_base: <app.utils.kg_build.knowledge.KnowledgeCodeBase object at 0x7f95ddec9210>
2025-11-10 16:57:55,796 - Knowledge - INFO - persist ingested knowledge for /app/data/T0015/222062/b1810jj/RBUS/src/rtmessage/rtsub.c
2025-11-10 16:57:56,063 - Knowledge - INFO - [MONGODB_OP] Completed: persist, Collection: file_info, Duration: 83ms
2025-11-10 16:57:56,562 - Knowledge - INFO - [REDIS_OP] Completed: store_embedding, Key: src/rtmessage/rtsub.c, Duration: 327ms
2025-11-10 16:57:56,769 - Knowledge - INFO - persist search terms embedding for src/rtmessage/rtsub.c
2025-11-10 16:57:56,930 - Knowledge - INFO - process ingested knowledge for /app/data/T0015/222062/b1810jj/RBUS/src/rtmessage/rtsub.c
2025-11-10 16:57:57,106 - Knowledge - INFO - Found code-base-name: https://github.com/DarssiniRamesh/RBUS.git:main
2025-11-10 16:57:57,271 - Knowledge - INFO - Found code_base: <app.utils.kg_build.knowledge.KnowledgeCodeBase object at 0x7f95ddec9210>
2025-11-10 16:57:57,534 - Knowledge - INFO - Found code-base-name: https://github.com/DarssiniRamesh/RBUS.git:main
2025-11-10 16:57:57,700 - Knowledge - INFO - Found code_base: <app.utils.kg_build.knowledge.KnowledgeCodeBase object at 0x7f95ddec9210>
2025-11-10 16:57:57,859 - Knowledge - INFO - persist ingested knowledge for /app/data/T0015/222062/b1810jj/RBUS/utils/dataProvider/data/Device.DeviceInfo.MemoryStatus.json
2025-11-10 16:57:58,116 - Knowledge - INFO - [MONGODB_OP] Completed: persist, Collection: file_info, Duration: 85ms
2025-11-10 16:57:58,574 - Knowledge - INFO - [REDIS_OP] Completed: store_embedding, Key: utils/dataProvider/data/Device.DeviceInfo.MemoryStatus.json, Duration: 259ms
2025-11-10 16:57:58,739 - Knowledge - INFO - persist search terms embedding for utils/dataProvider/data/Device.DeviceInfo.MemoryStatus.json
2025-11-10 16:57:58,917 - Knowledge - INFO - process ingested knowledge for /app/data/T0015/222062/b1810jj/RBUS/utils/dataProvider/data/Device.DeviceInfo.MemoryStatus.json
2025-11-10 16:57:59,112 - Knowledge - INFO - Found code-base-name: https://github.com/DarssiniRamesh/RBUS.git:main
2025-11-10 16:57:59,279 - Knowledge - INFO - Found code_base: <app.utils.kg_build.knowledge.KnowledgeCodeBase object at 0x7f95ddec9210>
2025-11-10 16:57:59,524 - Knowledge - INFO - Found code-base-name: https://github.com/DarssiniRamesh/RBUS.git:main
2025-11-10 16:57:59,692 - Knowledge - INFO - Found code_base: <app.utils.kg_build.knowledge.KnowledgeCodeBase object at 0x7f95ddec9210>
2025-11-10 16:57:59,849 - Knowledge - INFO - persist ingested knowledge for /app/data/T0015/222062/b1810jj/RBUS/src/rtmessage/rtrouteBase.c
2025-11-10 16:58:00,103 - Knowledge - INFO - [MONGODB_OP] Completed: persist, Collection: file_info, Duration: 83ms
2025-11-10 16:58:00,548 - Knowledge - INFO - [REDIS_OP] Completed: store_embedding, Key: src/rtmessage/rtrouteBase.c, Duration: 270ms
2025-11-10 16:58:00,735 - Knowledge - INFO - persist search terms embedding for src/rtmessage/rtrouteBase.c
2025-11-10 16:58:00,901 - Knowledge - INFO - process ingested knowledge for /app/data/T0015/222062/b1810jj/RBUS/src/rtmessage/rtrouteBase.c
2025-11-10 16:58:01,108 - Knowledge - INFO - Found code-base-name: https://github.com/DarssiniRamesh/RBUS.git:main
2025-11-10 16:58:01,331 - Knowledge - INFO - Found code_base: <app.utils.kg_build.knowledge.KnowledgeCodeBase object at 0x7f95ddec9210>
2025-11-10 16:58:01,589 - Knowledge - INFO - Found code-base-name: https://github.com/DarssiniRamesh/RBUS.git:main
2025-11-10 16:58:01,810 - Knowledge - INFO - Found code_base: <app.utils.kg_build.knowledge.KnowledgeCodeBase object at 0x7f95ddec9210>
2025-11-10 16:58:01,981 - Knowledge - INFO - persist ingested knowledge for /app/data/T0015/222062/b1810jj/RBUS/utils/dataProvider/dmProviderInfo.h
2025-11-10 16:58:02,289 - Knowledge - INFO - [MONGODB_OP] Completed: persist, Collection: file_info, Duration: 85ms
2025-11-10 16:58:02,728 - Knowledge - INFO - [REDIS_OP] Completed: store_embedding, Key: utils/dataProvider/dmProviderInfo.h, Duration: 259ms
2025-11-10 16:58:02,934 - Knowledge - INFO - persist search terms embedding for utils/dataProvider/dmProviderInfo.h
2025-11-10 16:58:03,100 - Knowledge - INFO - process ingested knowledge for /app/data/T0015/222062/b1810jj/RBUS/utils/dataProvider/dmProviderInfo.h
2025-11-10 16:58:03,265 - Knowledge - INFO - Found code-base-name: https://github.com/DarssiniRamesh/RBUS.git:main
2025-11-10 16:58:03,429 - Knowledge - INFO - Found code_base: <app.utils.kg_build.knowledge.KnowledgeCodeBase object at 0x7f95ddec9210>
2025-11-10 16:58:03,678 - Knowledge - INFO - Found code-base-name: https://github.com/DarssiniRamesh/RBUS.git:main
2025-11-10 16:58:03,855 - Knowledge - INFO - Found code_base: <app.utils.kg_build.knowledge.KnowledgeCodeBase object at 0x7f95ddec9210>
2025-11-10 16:58:04,022 - Knowledge - INFO - persist ingested knowledge for /app/data/T0015/222062/b1810jj/RBUS/utils/dataProvider/CMakeLists.txt
2025-11-10 16:58:04,269 - Knowledge - INFO - [MONGODB_OP] Completed: persist, Collection: file_info, Duration: 91ms
2025-11-10 16:58:04,772 - Knowledge - INFO - [REDIS_OP] Completed: store_embedding, Key: utils/dataProvider/CMakeLists.txt, Duration: 336ms
2025-11-10 16:58:04,979 - Knowledge - INFO - persist search terms embedding for utils/dataProvider/CMakeLists.txt
2025-11-10 16:58:05,161 - Knowledge - INFO - process ingested knowledge for /app/data/T0015/222062/b1810jj/RBUS/utils/dataProvider/CMakeLists.txt
2025-11-10 16:58:05,389 - Knowledge - INFO - Found code-base-name: https://github.com/DarssiniRamesh/RBUS.git:main
2025-11-10 16:58:05,590 - Knowledge - INFO - Found code_base: <app.utils.kg_build.knowledge.KnowledgeCodeBase object at 0x7f95ddec9210>
2025-11-10 16:58:05,864 - Knowledge - INFO - Found code-base-name: https://github.com/DarssiniRamesh/RBUS.git:main
2025-11-10 16:58:06,041 - Knowledge - INFO - Found code_base: <app.utils.kg_build.knowledge.KnowledgeCodeBase object at 0x7f95ddec9210>
2025-11-10 16:58:06,225 - Knowledge - INFO - persist ingested knowledge for /app/data/T0015/222062/b1810jj/RBUS/utils/codegen/ccsp_style_generator/sampleapp/codegen.sh
2025-11-10 16:58:06,513 - Knowledge - INFO - [MONGODB_OP] Completed: persist, Collection: file_info, Duration: 84ms
2025-11-10 16:58:06,995 - Knowledge - INFO - [REDIS_OP] Completed: store_embedding, Key: utils/codegen/ccsp_style_generator/sampleapp/codegen.sh, Duration: 284ms
2025-11-10 16:58:07,194 - Knowledge - INFO - persist search terms embedding for utils/codegen/ccsp_style_generator/sampleapp/codegen.sh
2025-11-10 16:58:07,366 - Knowledge - INFO - process ingested knowledge for /app/data/T0015/222062/b1810jj/RBUS/utils/codegen/ccsp_style_generator/sampleapp/codegen.sh
2025-11-10 16:58:07,550 - Knowledge - INFO - Found code-base-name: https://github.com/DarssiniRamesh/RBUS.git:main
2025-11-10 16:58:07,709 - Knowledge - INFO - Found code_base: <app.utils.kg_build.knowledge.KnowledgeCodeBase object at 0x7f95ddec9210>
2025-11-10 16:58:07,922 - Knowledge - INFO - Found code-base-name: https://github.com/DarssiniRamesh/RBUS.git:main
2025-11-10 16:58:08,078 - Knowledge - INFO - Found code_base: <app.utils.kg_build.knowledge.KnowledgeCodeBase object at 0x7f95ddec9210>
2025-11-10 16:58:08,280 - Knowledge - INFO - persist ingested knowledge for /app/data/T0015/222062/b1810jj/RBUS/src/rtmessage/rtBase64.h
2025-11-10 16:58:08,524 - Knowledge - INFO - [MONGODB_OP] Completed: persist, Collection: file_info, Duration: 82ms
2025-11-10 16:58:09,162 - Knowledge - INFO - [REDIS_OP] Completed: store_embedding, Key: src/rtmessage/rtBase64.h, Duration: 443ms
2025-11-10 16:58:09,331 - Knowledge - INFO - persist search terms embedding for src/rtmessage/rtBase64.h
2025-11-10 16:58:09,517 - Knowledge - INFO - process ingested knowledge for /app/data/T0015/222062/b1810jj/RBUS/src/rtmessage/rtBase64.h
2025-11-10 16:58:09,718 - Knowledge - INFO - Found code-base-name: https://github.com/DarssiniRamesh/RBUS.git:main
2025-11-10 16:58:09,882 - Knowledge - INFO - Found code_base: <app.utils.kg_build.knowledge.KnowledgeCodeBase object at 0x7f95ddec9210>
2025-11-10 16:58:10,121 - Knowledge - INFO - Found code-base-name: https://github.com/DarssiniRamesh/RBUS.git:main
2025-11-10 16:58:10,324 - Knowledge - INFO - Found code_base: <app.utils.kg_build.knowledge.KnowledgeCodeBase object at 0x7f95ddec9210>
2025-11-10 16:58:10,484 - Knowledge - INFO - persist ingested knowledge for /app/data/T0015/222062/b1810jj/RBUS/src/rtmessage/rtAtomic.h
2025-11-10 16:58:10,734 - Knowledge - INFO - [MONGODB_OP] Completed: persist, Collection: file_info, Duration: 82ms
2025-11-10 16:58:11,158 - Knowledge - INFO - [REDIS_OP] Completed: store_embedding, Key: src/rtmessage/rtAtomic.h, Duration: 246ms
2025-11-10 16:58:11,330 - Knowledge - INFO - persist search terms embedding for src/rtmessage/rtAtomic.h
2025-11-10 16:58:11,535 - Knowledge - INFO - process ingested knowledge for /app/data/T0015/222062/b1810jj/RBUS/src/rtmessage/rtAtomic.h
2025-11-10 16:58:11,719 - Knowledge - INFO - Found code-base-name: https://github.com/DarssiniRamesh/RBUS.git:main
2025-11-10 16:58:11,916 - Knowledge - INFO - Found code_base: <app.utils.kg_build.knowledge.KnowledgeCodeBase object at 0x7f95ddec9210>
2025-11-10 16:58:12,139 - Knowledge - INFO - Found code-base-name: https://github.com/DarssiniRamesh/RBUS.git:main
2025-11-10 16:58:12,351 - Knowledge - INFO - Found code_base: <app.utils.kg_build.knowledge.KnowledgeCodeBase object at 0x7f95ddec9210>
2025-11-10 16:58:12,556 - Knowledge - INFO - persist ingested knowledge for /app/data/T0015/222062/b1810jj/RBUS/src/core/rbuscore.h
2025-11-10 16:58:12,798 - Knowledge - INFO - [MONGODB_OP] Completed: persist, Collection: file_info, Duration: 78ms
2025-11-10 16:58:13,243 - Knowledge - INFO - [REDIS_OP] Completed: store_embedding, Key: src/core/rbuscore.h, Duration: 282ms
2025-11-10 16:58:13,398 - Knowledge - INFO - persist search terms embedding for src/core/rbuscore.h
2025-11-10 16:58:13,563 - Knowledge - INFO - process ingested knowledge for /app/data/T0015/222062/b1810jj/RBUS/src/core/rbuscore.h
2025-11-10 16:58:13,736 - Knowledge - INFO - Found code-base-name: https://github.com/DarssiniRamesh/RBUS.git:main
2025-11-10 16:58:13,895 - Knowledge - INFO - Found code_base: <app.utils.kg_build.knowledge.KnowledgeCodeBase object at 0x7f95ddec9210>
2025-11-10 16:58:14,112 - Knowledge - INFO - Found code-base-name: https://github.com/DarssiniRamesh/RBUS.git:main
2025-11-10 16:58:14,275 - Knowledge - INFO - Found code_base: <app.utils.kg_build.knowledge.KnowledgeCodeBase object at 0x7f95ddec9210>
2025-11-10 16:58:14,450 - Knowledge - INFO - persist ingested knowledge for /app/data/T0015/222062/b1810jj/RBUS/test/rbus/multiRbusOpenRbusGetProvider/multiRbusOpenRbusGetProvider.c
2025-11-10 16:58:14,699 - Knowledge - INFO - [MONGODB_OP] Completed: persist, Collection: file_info, Duration: 80ms
2025-11-10 16:58:15,100 - Knowledge - INFO - [REDIS_OP] Completed: store_embedding, Key: test/rbus/multiRbusOpenRbusGetProvider/multiRbusOpenRbusGetProvider.c, Duration: 226ms
2025-11-10 16:58:15,256 - Knowledge - INFO - persist search terms embedding for test/rbus/multiRbusOpenRbusGetProvider/multiRbusOpenRbusGetProvider.c
2025-11-10 16:58:15,445 - Knowledge - INFO - process ingested knowledge for /app/data/T0015/222062/b1810jj/RBUS/test/rbus/multiRbusOpenRbusGetProvider/multiRbusOpenRbusGetProvider.c
2025-11-10 16:58:15,624 - Knowledge - INFO - Found code-base-name: https://github.com/DarssiniRamesh/RBUS.git:main
2025-11-10 16:58:15,817 - Knowledge - INFO - Found code_base: <app.utils.kg_build.knowledge.KnowledgeCodeBase object at 0x7f95ddec9210>
2025-11-10 16:58:16,035 - Knowledge - INFO - Found code-base-name: https://github.com/DarssiniRamesh/RBUS.git:main
2025-11-10 16:58:16,192 - Knowledge - INFO - Found code_base: <app.utils.kg_build.knowledge.KnowledgeCodeBase object at 0x7f95ddec9210>
2025-11-10 16:58:16,431 - Knowledge - INFO - persist ingested knowledge for /app/data/T0015/222062/b1810jj/RBUS/utils/dataProvider/dmValueType.h
2025-11-10 16:58:16,674 - Knowledge - INFO - [MONGODB_OP] Completed: persist, Collection: file_info, Duration: 80ms
2025-11-10 16:58:17,118 - Knowledge - INFO - [REDIS_OP] Completed: store_embedding, Key: utils/dataProvider/dmValueType.h, Duration: 281ms
2025-11-10 16:58:17,302 - Knowledge - INFO - persist search terms embedding for utils/dataProvider/dmValueType.h
2025-11-10 16:58:17,508 - Knowledge - INFO - process ingested knowledge for /app/data/T0015/222062/b1810jj/RBUS/utils/dataProvider/dmValueType.h
2025-11-10 16:58:17,676 - Knowledge - INFO - Found code-base-name: https://github.com/DarssiniRamesh/RBUS.git:main
2025-11-10 16:58:17,841 - Knowledge - INFO - Found code_base: <app.utils.kg_build.knowledge.KnowledgeCodeBase object at 0x7f95ddec9210>
2025-11-10 16:58:18,130 - Knowledge - INFO - Found code-base-name: https://github.com/DarssiniRamesh/RBUS.git:main
2025-11-10 16:58:18,314 - Knowledge - INFO - Found code_base: <app.utils.kg_build.knowledge.KnowledgeCodeBase object at 0x7f95ddec9210>
2025-11-10 16:58:18,475 - Knowledge - INFO - persist ingested knowledge for /app/data/T0015/222062/b1810jj/RBUS/utils/dataProvider/data/Device.WiFi.json
2025-11-10 16:58:18,761 - Knowledge - INFO - [MONGODB_OP] Completed: persist, Collection: file_info, Duration: 91ms
2025-11-10 16:58:19,440 - Knowledge - INFO - [REDIS_OP] Completed: store_embedding, Key: utils/dataProvider/data/Device.WiFi.json, Duration: 506ms
2025-11-10 16:58:19,599 - Knowledge - INFO - persist search terms embedding for utils/dataProvider/data/Device.WiFi.json
2025-11-10 16:58:19,768 - Knowledge - INFO - process ingested knowledge for /app/data/T0015/222062/b1810jj/RBUS/utils/dataProvider/data/Device.WiFi.json
2025-11-10 16:58:19,928 - Knowledge - INFO - Found code-base-name: https://github.com/DarssiniRamesh/RBUS.git:main
2025-11-10 16:58:20,097 - Knowledge - INFO - Found code_base: <app.utils.kg_build.knowledge.KnowledgeCodeBase object at 0x7f95ddec9210>
2025-11-10 16:58:20,374 - Knowledge - INFO - Found code-base-name: https://github.com/DarssiniRamesh/RBUS.git:main
2025-11-10 16:58:20,534 - Knowledge - INFO - Found code_base: <app.utils.kg_build.knowledge.KnowledgeCodeBase object at 0x7f95ddec9210>
2025-11-10 16:58:20,707 - Knowledge - INFO - persist ingested knowledge for /app/data/T0015/222062/b1810jj/RBUS/utils/dataProvider/data/Device.X_RDKCENTRAL-COM_Camera.Stream.json
2025-11-10 16:58:20,958 - Knowledge - INFO - [MONGODB_OP] Completed: persist, Collection: file_info, Duration: 86ms
2025-11-10 16:58:21,484 - Knowledge - INFO - [REDIS_OP] Completed: store_embedding, Key: utils/dataProvider/data/Device.X_RDKCENTRAL-COM_Camera.Stream.json, Duration: 352ms
2025-11-10 16:58:21,655 - Knowledge - INFO - persist search terms embedding for utils/dataProvider/data/Device.X_RDKCENTRAL-COM_Camera.Stream.json
2025-11-10 16:58:21,831 - Knowledge - INFO - process ingested knowledge for /app/data/T0015/222062/b1810jj/RBUS/utils/dataProvider/data/Device.X_RDKCENTRAL-COM_Camera.Stream.json
2025-11-10 16:58:22,004 - Knowledge - INFO - Found code-base-name: https://github.com/DarssiniRamesh/RBUS.git:main
2025-11-10 16:58:22,154 - Knowledge - INFO - Found code_base: <app.utils.kg_build.knowledge.KnowledgeCodeBase object at 0x7f95ddec9210>
2025-11-10 16:58:22,406 - Knowledge - INFO - Found code-base-name: https://github.com/DarssiniRamesh/RBUS.git:main
2025-11-10 16:58:22,579 - Knowledge - INFO - Found code_base: <app.utils.kg_build.knowledge.KnowledgeCodeBase object at 0x7f95ddec9210>
2025-11-10 16:58:22,755 - Knowledge - INFO - persist ingested knowledge for /app/data/T0015/222062/b1810jj/RBUS/src/rtmessage/rtm_discovery_api.h
2025-11-10 16:58:23,011 - Knowledge - INFO - [MONGODB_OP] Completed: persist, Collection: file_info, Duration: 88ms
2025-11-10 16:58:23,430 - Knowledge - INFO - [REDIS_OP] Completed: store_embedding, Key: src/rtmessage/rtm_discovery_api.h, Duration: 251ms
2025-11-10 16:58:23,588 - Knowledge - INFO - persist search terms embedding for src/rtmessage/rtm_discovery_api.h
2025-11-10 16:58:23,792 - Knowledge - INFO - process ingested knowledge for /app/data/T0015/222062/b1810jj/RBUS/src/rtmessage/rtm_discovery_api.h
2025-11-10 16:58:24,031 - Knowledge - INFO - Found code-base-name: https://github.com/DarssiniRamesh/RBUS.git:main
2025-11-10 16:58:24,218 - Knowledge - INFO - Found code_base: <app.utils.kg_build.knowledge.KnowledgeCodeBase object at 0x7f95ddec9210>
2025-11-10 16:58:24,454 - Knowledge - INFO - Found code-base-name: https://github.com/DarssiniRamesh/RBUS.git:main
2025-11-10 16:58:24,614 - Knowledge - INFO - Found code_base: <app.utils.kg_build.knowledge.KnowledgeCodeBase object at 0x7f95ddec9210>
2025-11-10 16:58:24,788 - Knowledge - INFO - persist ingested knowledge for /app/data/T0015/222062/b1810jj/RBUS/utils/dataProvider/sample_provider_gen.cpp
2025-11-10 16:58:25,077 - Knowledge - INFO - [MONGODB_OP] Completed: persist, Collection: file_info, Duration: 90ms
2025-11-10 16:58:25,506 - Knowledge - INFO - [REDIS_OP] Completed: store_embedding, Key: utils/dataProvider/sample_provider_gen.cpp, Duration: 255ms
2025-11-10 16:58:25,729 - Knowledge - INFO - persist search terms embedding for utils/dataProvider/sample_provider_gen.cpp
2025-11-10 16:58:25,908 - Knowledge - INFO - process ingested knowledge for /app/data/T0015/222062/b1810jj/RBUS/utils/dataProvider/sample_provider_gen.cpp
2025-11-10 16:58:26,117 - Knowledge - INFO - Found code-base-name: https://github.com/DarssiniRamesh/RBUS.git:main
2025-11-10 16:58:26,276 - Knowledge - INFO - Found code_base: <app.utils.kg_build.knowledge.KnowledgeCodeBase object at 0x7f95ddec9210>
2025-11-10 16:58:26,530 - Knowledge - INFO - Found code-base-name: https://github.com/DarssiniRamesh/RBUS.git:main
2025-11-10 16:58:26,703 - Knowledge - INFO - Found code_base: <app.utils.kg_build.knowledge.KnowledgeCodeBase object at 0x7f95ddec9210>
2025-11-10 16:58:26,921 - Knowledge - INFO - persist ingested knowledge for /app/data/T0015/222062/b1810jj/RBUS/src/rtmessage/local_benchmarking.h
2025-11-10 16:58:27,184 - Knowledge - INFO - [MONGODB_OP] Completed: persist, Collection: file_info, Duration: 88ms
2025-11-10 16:58:27,757 - Knowledge - INFO - [REDIS_OP] Completed: store_embedding, Key: src/rtmessage/local_benchmarking.h, Duration: 413ms
2025-11-10 16:58:27,938 - Knowledge - INFO - persist search terms embedding for src/rtmessage/local_benchmarking.h
2025-11-10 16:58:28,131 - Knowledge - INFO - process ingested knowledge for /app/data/T0015/222062/b1810jj/RBUS/src/rtmessage/local_benchmarking.h
2025-11-10 16:58:28,310 - Knowledge - INFO - Found code-base-name: https://github.com/DarssiniRamesh/RBUS.git:main
2025-11-10 16:58:28,474 - Knowledge - INFO - Found code_base: <app.utils.kg_build.knowledge.KnowledgeCodeBase object at 0x7f95ddec9210>
2025-11-10 16:58:28,716 - Knowledge - INFO - Found code-base-name: https://github.com/DarssiniRamesh/RBUS.git:main
2025-11-10 16:58:28,924 - Knowledge - INFO - Found code_base: <app.utils.kg_build.knowledge.KnowledgeCodeBase object at 0x7f95ddec9210>
2025-11-10 16:58:29,097 - Knowledge - INFO - persist ingested knowledge for /app/data/T0015/222062/b1810jj/RBUS/utils/dataProvider/data/Device.X_RDKCENTRAL-COM_Camera.LiveStream.json
2025-11-10 16:58:29,350 - Knowledge - INFO - [MONGODB_OP] Completed: persist, Collection: file_info, Duration: 93ms
2025-11-10 16:58:29,791 - Knowledge - INFO - [REDIS_OP] Completed: store_embedding, Key: utils/dataProvider/data/Device.X_RDKCENTRAL-COM_Camera.LiveStream.json, Duration: 235ms
2025-11-10 16:58:30,000 - Knowledge - INFO - persist search terms embedding for utils/dataProvider/data/Device.X_RDKCENTRAL-COM_Camera.LiveStream.json
2025-11-10 16:58:30,191 - Knowledge - INFO - process ingested knowledge for /app/data/T0015/222062/b1810jj/RBUS/utils/dataProvider/data/Device.X_RDKCENTRAL-COM_Camera.LiveStream.json
2025-11-10 16:58:30,379 - Knowledge - INFO - Found code-base-name: https://github.com/DarssiniRamesh/RBUS.git:main
2025-11-10 16:58:30,545 - Knowledge - INFO - Found code_base: <app.utils.kg_build.knowledge.KnowledgeCodeBase object at 0x7f95ddec9210>
2025-11-10 16:58:30,777 - Knowledge - INFO - Found code-base-name: https://github.com/DarssiniRamesh/RBUS.git:main
2025-11-10 16:58:30,940 - Knowledge - INFO - Found code_base: <app.utils.kg_build.knowledge.KnowledgeCodeBase object at 0x7f95ddec9210>
2025-11-10 16:58:31,115 - Knowledge - INFO - persist ingested knowledge for /app/data/T0015/222062/b1810jj/RBUS/utils/dataProvider/dmClient.h
2025-11-10 16:58:31,368 - Knowledge - INFO - [MONGODB_OP] Completed: persist, Collection: file_info, Duration: 84ms
2025-11-10 16:58:31,840 - Knowledge - INFO - [REDIS_OP] Completed: store_embedding, Key: utils/dataProvider/dmClient.h, Duration: 278ms
2025-11-10 16:58:32,025 - Knowledge - INFO - persist search terms embedding for utils/dataProvider/dmClient.h
2025-11-10 16:58:32,238 - Knowledge - INFO - process ingested knowledge for /app/data/T0015/222062/b1810jj/RBUS/utils/dataProvider/dmClient.h
2025-11-10 16:58:32,411 - Knowledge - INFO - Found code-base-name: https://github.com/DarssiniRamesh/RBUS.git:main
2025-11-10 16:58:32,592 - Knowledge - INFO - Found code_base: <app.utils.kg_build.knowledge.KnowledgeCodeBase object at 0x7f95ddec9210>
2025-11-10 16:58:32,833 - Knowledge - INFO - Found code-base-name: https://github.com/DarssiniRamesh/RBUS.git:main
2025-11-10 16:58:33,054 - Knowledge - INFO - Found code_base: <app.utils.kg_build.knowledge.KnowledgeCodeBase object at 0x7f95ddec9210>
2025-11-10 16:58:33,220 - Knowledge - INFO - persist ingested knowledge for /app/data/T0015/222062/b1810jj/RBUS/test/rbus/common/runningParamHelper.h
2025-11-10 16:58:33,543 - Knowledge - INFO - [MONGODB_OP] Completed: persist, Collection: file_info, Duration: 84ms
2025-11-10 16:58:34,004 - Knowledge - INFO - [REDIS_OP] Completed: store_embedding, Key: test/rbus/common/runningParamHelper.h, Duration: 291ms
2025-11-10 16:58:34,206 - Knowledge - INFO - persist search terms embedding for test/rbus/common/runningParamHelper.h
2025-11-10 16:58:34,364 - Knowledge - INFO - process ingested knowledge for /app/data/T0015/222062/b1810jj/RBUS/test/rbus/common/runningParamHelper.h
2025-11-10 16:58:34,543 - Knowledge - INFO - Found code-base-name: https://github.com/DarssiniRamesh/RBUS.git:main
2025-11-10 16:58:34,776 - Knowledge - INFO - Found code_base: <app.utils.kg_build.knowledge.KnowledgeCodeBase object at 0x7f95ddec9210>
2025-11-10 16:58:35,024 - Knowledge - INFO - Found code-base-name: https://github.com/DarssiniRamesh/RBUS.git:main
2025-11-10 16:58:35,211 - Knowledge - INFO - Found code_base: <app.utils.kg_build.knowledge.KnowledgeCodeBase object at 0x7f95ddec9210>
2025-11-10 16:58:35,382 - Knowledge - INFO - persist ingested knowledge for /app/data/T0015/222062/b1810jj/RBUS/utils/dataProvider/data/Device.WiFi.X_RDKCENTRAL-COM_BandSteering.json
2025-11-10 16:58:35,682 - Knowledge - INFO - [MONGODB_OP] Completed: persist, Collection: file_info, Duration: 89ms
2025-11-10 16:58:36,069 - Knowledge - INFO - [REDIS_OP] Completed: store_embedding, Key: utils/dataProvider/data/Device.WiFi.X_RDKCENTRAL-COM_BandSteering.json, Duration: 220ms
2025-11-10 16:58:36,263 - Knowledge - INFO - persist search terms embedding for utils/dataProvider/data/Device.WiFi.X_RDKCENTRAL-COM_BandSteering.json
2025-11-10 16:58:36,426 - Knowledge - INFO - process ingested knowledge for /app/data/T0015/222062/b1810jj/RBUS/utils/dataProvider/data/Device.WiFi.X_RDKCENTRAL-COM_BandSteering.json
2025-11-10 16:58:36,642 - Knowledge - INFO - Found code-base-name: https://github.com/DarssiniRamesh/RBUS.git:main
2025-11-10 16:58:36,843 - Knowledge - INFO - Found code_base: <app.utils.kg_build.knowledge.KnowledgeCodeBase object at 0x7f95ddec9210>
2025-11-10 16:58:37,071 - Knowledge - INFO - Found code-base-name: https://github.com/DarssiniRamesh/RBUS.git:main
2025-11-10 16:58:37,244 - Knowledge - INFO - Found code_base: <app.utils.kg_build.knowledge.KnowledgeCodeBase object at 0x7f95ddec9210>
2025-11-10 16:58:37,450 - Knowledge - INFO - persist ingested knowledge for /app/data/T0015/222062/b1810jj/RBUS/cmake/Findbreakpad.cmake
2025-11-10 16:58:37,779 - Knowledge - INFO - [MONGODB_OP] Completed: persist, Collection: file_info, Duration: 78ms
2025-11-10 16:58:38,254 - Knowledge - INFO - [REDIS_OP] Completed: store_embedding, Key: cmake/Findbreakpad.cmake, Duration: 319ms
2025-11-10 16:58:38,437 - Knowledge - INFO - persist search terms embedding for cmake/Findbreakpad.cmake
2025-11-10 16:58:38,605 - Knowledge - INFO - process ingested knowledge for /app/data/T0015/222062/b1810jj/RBUS/cmake/Findbreakpad.cmake
2025-11-10 16:58:38,765 - Knowledge - INFO - Found code-base-name: https://github.com/DarssiniRamesh/RBUS.git:main
2025-11-10 16:58:39,007 - Knowledge - INFO - Found code_base: <app.utils.kg_build.knowledge.KnowledgeCodeBase object at 0x7f95ddec9210>
2025-11-10 16:58:39,246 - Knowledge - INFO - Found code-base-name: https://github.com/DarssiniRamesh/RBUS.git:main
2025-11-10 16:58:39,409 - Knowledge - INFO - Found code_base: <app.utils.kg_build.knowledge.KnowledgeCodeBase object at 0x7f95ddec9210>
2025-11-10 16:58:39,578 - Knowledge - INFO - persist ingested knowledge for /app/data/T0015/222062/b1810jj/RBUS/test/rbus/consumer/methods.c
2025-11-10 16:58:39,877 - Knowledge - INFO - [MONGODB_OP] Completed: persist, Collection: file_info, Duration: 83ms
2025-11-10 16:58:40,304 - Knowledge - INFO - [REDIS_OP] Completed: store_embedding, Key: test/rbus/consumer/methods.c, Duration: 260ms
2025-11-10 16:58:40,508 - Knowledge - INFO - persist search terms embedding for test/rbus/consumer/methods.c
2025-11-10 16:58:40,689 - Knowledge - INFO - process ingested knowledge for /app/data/T0015/222062/b1810jj/RBUS/test/rbus/consumer/methods.c
2025-11-10 16:58:40,854 - Knowledge - INFO - Found code-base-name: https://github.com/DarssiniRamesh/RBUS.git:main
2025-11-10 16:58:41,022 - Knowledge - INFO - Found code_base: <app.utils.kg_build.knowledge.KnowledgeCodeBase object at 0x7f95ddec9210>
2025-11-10 16:58:41,254 - Knowledge - INFO - Found code-base-name: https://github.com/DarssiniRamesh/RBUS.git:main
2025-11-10 16:58:41,411 - Knowledge - INFO - Found code_base: <app.utils.kg_build.knowledge.KnowledgeCodeBase object at 0x7f95ddec9210>
2025-11-10 16:58:41,612 - Knowledge - INFO - persist ingested knowledge for /app/data/T0015/222062/b1810jj/RBUS/utils/dataProvider/data/Device.DeviceInfo.X_RDKCENTRAL-COM_Syndication.json
2025-11-10 16:58:41,861 - Knowledge - INFO - [MONGODB_OP] Completed: persist, Collection: file_info, Duration: 87ms
2025-11-10 16:58:42,314 - Knowledge - INFO - [REDIS_OP] Completed: store_embedding, Key: utils/dataProvider/data/Device.DeviceInfo.X_RDKCENTRAL-COM_Syndication.json, Duration: 283ms
2025-11-10 16:58:42,504 - Knowledge - INFO - persist search terms embedding for utils/dataProvider/data/Device.DeviceInfo.X_RDKCENTRAL-COM_Syndication.json
2025-11-10 16:58:42,698 - Knowledge - INFO - process ingested knowledge for /app/data/T0015/222062/b1810jj/RBUS/utils/dataProvider/data/Device.DeviceInfo.X_RDKCENTRAL-COM_Syndication.json
2025-11-10 16:58:42,862 - Knowledge - INFO - Found code-base-name: https://github.com/DarssiniRamesh/RBUS.git:main
2025-11-10 16:58:43,069 - Knowledge - INFO - Found code_base: <app.utils.kg_build.knowledge.KnowledgeCodeBase object at 0x7f95ddec9210>
2025-11-10 16:58:43,312 - Knowledge - INFO - Found code-base-name: https://github.com/DarssiniRamesh/RBUS.git:main
2025-11-10 16:58:43,538 - Knowledge - INFO - Found code_base: <app.utils.kg_build.knowledge.KnowledgeCodeBase object at 0x7f95ddec9210>
2025-11-10 16:58:43,700 - Knowledge - INFO - persist ingested knowledge for /app/data/T0015/222062/b1810jj/RBUS/sampleapps/consumer/sample_rbus_session_mgr.c
2025-11-10 16:58:43,939 - Knowledge - INFO - [MONGODB_OP] Completed: persist, Collection: file_info, Duration: 85ms
2025-11-10 16:58:44,411 - Knowledge - INFO - [REDIS_OP] Completed: store_embedding, Key: sampleapps/consumer/sample_rbus_session_mgr.c, Duration: 294ms
2025-11-10 16:58:44,587 - Knowledge - INFO - persist search terms embedding for sampleapps/consumer/sample_rbus_session_mgr.c
2025-11-10 16:58:44,778 - Knowledge - INFO - process ingested knowledge for /app/data/T0015/222062/b1810jj/RBUS/sampleapps/consumer/sample_rbus_session_mgr.c
2025-11-10 16:58:44,950 - Knowledge - INFO - Found code-base-name: https://github.com/DarssiniRamesh/RBUS.git:main
2025-11-10 16:58:45,148 - Knowledge - INFO - Found code_base: <app.utils.kg_build.knowledge.KnowledgeCodeBase object at 0x7f95ddec9210>
2025-11-10 16:58:45,406 - Knowledge - INFO - Found code-base-name: https://github.com/DarssiniRamesh/RBUS.git:main
2025-11-10 16:58:45,618 - Knowledge - INFO - Found code_base: <app.utils.kg_build.knowledge.KnowledgeCodeBase object at 0x7f95ddec9210>
2025-11-10 16:58:45,821 - Knowledge - INFO - persist ingested knowledge for /app/data/T0015/222062/b1810jj/RBUS/test/core/benchmark_test/rbus_benchmark_test_app.cpp
2025-11-10 16:58:46,086 - Knowledge - INFO - [MONGODB_OP] Completed: persist, Collection: file_info, Duration: 82ms
2025-11-10 16:58:46,436 - Knowledge - INFO - [REDIS_OP] Completed: store_embedding, Key: test/core/benchmark_test/rbus_benchmark_test_app.cpp, Duration: 180ms
2025-11-10 16:58:46,600 - Knowledge - INFO - persist search terms embedding for test/core/benchmark_test/rbus_benchmark_test_app.cpp
2025-11-10 16:58:46,767 - Knowledge - INFO - process ingested knowledge for /app/data/T0015/222062/b1810jj/RBUS/test/core/benchmark_test/rbus_benchmark_test_app.cpp
2025-11-10 16:58:46,918 - Knowledge - INFO - Found code-base-name: https://github.com/DarssiniRamesh/RBUS.git:main
2025-11-10 16:58:47,069 - Knowledge - INFO - Found code_base: <app.utils.kg_build.knowledge.KnowledgeCodeBase object at 0x7f95ddec9210>
2025-11-10 16:58:47,297 - Knowledge - INFO - Found code-base-name: https://github.com/DarssiniRamesh/RBUS.git:main
2025-11-10 16:58:47,483 - Knowledge - INFO - Found code_base: <app.utils.kg_build.knowledge.KnowledgeCodeBase object at 0x7f95ddec9210>
2025-11-10 16:58:47,696 - Knowledge - INFO - persist ingested knowledge for /app/data/T0015/222062/b1810jj/RBUS/cmake/Findlinenoise.cmake
2025-11-10 16:58:47,945 - Knowledge - INFO - [MONGODB_OP] Completed: persist, Collection: file_info, Duration: 95ms
2025-11-10 16:58:48,389 - Knowledge - INFO - [REDIS_OP] Completed: store_embedding, Key: cmake/Findlinenoise.cmake, Duration: 287ms
2025-11-10 16:58:48,548 - Knowledge - INFO - persist search terms embedding for cmake/Findlinenoise.cmake
2025-11-10 16:58:48,758 - Knowledge - INFO - process ingested knowledge for /app/data/T0015/222062/b1810jj/RBUS/cmake/Findlinenoise.cmake
2025-11-10 16:58:48,970 - Knowledge - INFO - Found code-base-name: https://github.com/DarssiniRamesh/RBUS.git:main
2025-11-10 16:58:49,142 - Knowledge - INFO - Found code_base: <app.utils.kg_build.knowledge.KnowledgeCodeBase object at 0x7f95ddec9210>
2025-11-10 16:58:49,353 - Knowledge - INFO - Found code-base-name: https://github.com/DarssiniRamesh/RBUS.git:main
2025-11-10 16:58:49,518 - Knowledge - INFO - Found code_base: <app.utils.kg_build.knowledge.KnowledgeCodeBase object at 0x7f95ddec9210>
2025-11-10 16:58:49,680 - Knowledge - INFO - persist ingested knowledge for /app/data/T0015/222062/b1810jj/RBUS/test/rbus/multiRbusOpenMethodConsumer/multiRbusOpenMethodConsumer.c
2025-11-10 16:58:49,914 - Knowledge - INFO - [MONGODB_OP] Completed: persist, Collection: file_info, Duration: 79ms
2025-11-10 16:58:50,438 - Knowledge - INFO - [REDIS_OP] Completed: store_embedding, Key: test/rbus/multiRbusOpenMethodConsumer/multiRbusOpenMethodConsumer.c, Duration: 309ms
2025-11-10 16:58:50,610 - Knowledge - INFO - persist search terms embedding for test/rbus/multiRbusOpenMethodConsumer/multiRbusOpenMethodConsumer.c
2025-11-10 16:58:50,802 - Knowledge - INFO - process ingested knowledge for /app/data/T0015/222062/b1810jj/RBUS/test/rbus/multiRbusOpenMethodConsumer/multiRbusOpenMethodConsumer.c
2025-11-10 16:58:51,004 - Knowledge - INFO - Found code-base-name: https://github.com/DarssiniRamesh/RBUS.git:main
2025-11-10 16:58:51,170 - Knowledge - INFO - Found code_base: <app.utils.kg_build.knowledge.KnowledgeCodeBase object at 0x7f95ddec9210>
2025-11-10 16:58:51,425 - Knowledge - INFO - Found code-base-name: https://github.com/DarssiniRamesh/RBUS.git:main
2025-11-10 16:58:51,600 - Knowledge - INFO - Found code_base: <app.utils.kg_build.knowledge.KnowledgeCodeBase object at 0x7f95ddec9210>
2025-11-10 16:58:51,772 - Knowledge - INFO - persist ingested knowledge for /app/data/T0015/222062/b1810jj/RBUS/cmake/CodeCoverage.cmake
2025-11-10 16:58:52,016 - Knowledge - INFO - [MONGODB_OP] Completed: persist, Collection: file_info, Duration: 83ms
2025-11-10 16:58:52,485 - Knowledge - INFO - [REDIS_OP] Completed: store_embedding, Key: cmake/CodeCoverage.cmake, Duration: 270ms
2025-11-10 16:58:52,708 - Knowledge - INFO - persist search terms embedding for cmake/CodeCoverage.cmake
2025-11-10 16:58:52,862 - Knowledge - INFO - process ingested knowledge for /app/data/T0015/222062/b1810jj/RBUS/cmake/CodeCoverage.cmake
2025-11-10 16:58:53,029 - Knowledge - INFO - Found code-base-name: https://github.com/DarssiniRamesh/RBUS.git:main
2025-11-10 16:58:53,201 - Knowledge - INFO - Found code_base: <app.utils.kg_build.knowledge.KnowledgeCodeBase object at 0x7f95ddec9210>
2025-11-10 16:58:53,425 - Knowledge - INFO - Found code-base-name: https://github.com/DarssiniRamesh/RBUS.git:main
2025-11-10 16:58:53,583 - Knowledge - INFO - Found code_base: <app.utils.kg_build.knowledge.KnowledgeCodeBase object at 0x7f95ddec9210>
2025-11-10 16:58:53,740 - Knowledge - INFO - persist ingested knowledge for /app/data/T0015/222062/b1810jj/RBUS/cmake/Findmsgpack.cmake
2025-11-10 16:58:54,007 - Knowledge - INFO - [MONGODB_OP] Completed: persist, Collection: file_info, Duration: 89ms
2025-11-10 16:58:54,425 - Knowledge - INFO - [REDIS_OP] Completed: store_embedding, Key: cmake/Findmsgpack.cmake, Duration: 249ms
2025-11-10 16:58:54,585 - Knowledge - INFO - persist search terms embedding for cmake/Findmsgpack.cmake
2025-11-10 16:58:54,760 - Knowledge - INFO - process ingested knowledge for /app/data/T0015/222062/b1810jj/RBUS/cmake/Findmsgpack.cmake
2025-11-10 16:58:54,931 - Knowledge - INFO - Found code-base-name: https://github.com/DarssiniRamesh/RBUS.git:main
2025-11-10 16:58:55,091 - Knowledge - INFO - Found code_base: <app.utils.kg_build.knowledge.KnowledgeCodeBase object at 0x7f95ddec9210>
2025-11-10 16:58:55,317 - Knowledge - INFO - Found code-base-name: https://github.com/DarssiniRamesh/RBUS.git:main
2025-11-10 16:58:55,484 - Knowledge - INFO - Found code_base: <app.utils.kg_build.knowledge.KnowledgeCodeBase object at 0x7f95ddec9210>
2025-11-10 16:58:55,631 - Knowledge - INFO - persist ingested knowledge for /app/data/T0015/222062/b1810jj/RBUS/unittests/rbus_event_server.c
2025-11-10 16:58:55,917 - Knowledge - INFO - [MONGODB_OP] Completed: persist, Collection: file_info, Duration: 81ms
2025-11-10 16:58:56,392 - Knowledge - INFO - [REDIS_OP] Completed: store_embedding, Key: unittests/rbus_event_server.c, Duration: 280ms
2025-11-10 16:58:56,573 - Knowledge - INFO - persist search terms embedding for unittests/rbus_event_server.c
2025-11-10 16:58:56,750 - Knowledge - INFO - process ingested knowledge for /app/data/T0015/222062/b1810jj/RBUS/unittests/rbus_event_server.c
2025-11-10 16:58:56,921 - Knowledge - INFO - Found code-base-name: https://github.com/DarssiniRamesh/RBUS.git:main
2025-11-10 16:58:57,114 - Knowledge - INFO - Found code_base: <app.utils.kg_build.knowledge.KnowledgeCodeBase object at 0x7f95ddec9210>
2025-11-10 16:58:57,363 - Knowledge - INFO - Found code-base-name: https://github.com/DarssiniRamesh/RBUS.git:main
2025-11-10 16:58:57,540 - Knowledge - INFO - Found code_base: <app.utils.kg_build.knowledge.KnowledgeCodeBase object at 0x7f95ddec9210>
2025-11-10 16:58:57,735 - Knowledge - INFO - persist ingested knowledge for /app/data/T0015/222062/b1810jj/RBUS/src/rbus/rbus_valuechange.h
2025-11-10 16:58:57,984 - Knowledge - INFO - [MONGODB_OP] Completed: persist, Collection: file_info, Duration: 82ms
2025-11-10 16:59:00,119 - Knowledge - INFO - [REDIS_OP] Completed: store_embedding, Key: src/rbus/rbus_valuechange.h, Duration: 1965ms
2025-11-10 16:59:00,277 - Knowledge - INFO - persist search terms embedding for src/rbus/rbus_valuechange.h
2025-11-10 16:59:00,459 - Knowledge - INFO - process ingested knowledge for /app/data/T0015/222062/b1810jj/RBUS/src/rbus/rbus_valuechange.h
2025-11-10 16:59:00,634 - Knowledge - INFO - Found code-base-name: https://github.com/DarssiniRamesh/RBUS.git:main
2025-11-10 16:59:00,792 - Knowledge - INFO - Found code_base: <app.utils.kg_build.knowledge.KnowledgeCodeBase object at 0x7f95ddec9210>
2025-11-10 16:59:01,013 - Knowledge - INFO - Found code-base-name: https://github.com/DarssiniRamesh/RBUS.git:main
2025-11-10 16:59:01,194 - Knowledge - INFO - Found code_base: <app.utils.kg_build.knowledge.KnowledgeCodeBase object at 0x7f95ddec9210>
2025-11-10 16:59:01,360 - Knowledge - INFO - persist ingested knowledge for /app/data/T0015/222062/b1810jj/RBUS/utils/dataProvider/dmProvider.h
2025-11-10 16:59:01,600 - Knowledge - INFO - [MONGODB_OP] Completed: persist, Collection: file_info, Duration: 88ms
2025-11-10 16:59:02,054 - Knowledge - INFO - [REDIS_OP] Completed: store_embedding, Key: utils/dataProvider/dmProvider.h, Duration: 238ms
2025-11-10 16:59:02,255 - Knowledge - INFO - persist search terms embedding for utils/dataProvider/dmProvider.h
2025-11-10 16:59:02,425 - Knowledge - INFO - process ingested knowledge for /app/data/T0015/222062/b1810jj/RBUS/utils/dataProvider/dmProvider.h
2025-11-10 16:59:02,585 - Knowledge - INFO - Found code-base-name: https://github.com/DarssiniRamesh/RBUS.git:main
2025-11-10 16:59:02,764 - Knowledge - INFO - Found code_base: <app.utils.kg_build.knowledge.KnowledgeCodeBase object at 0x7f95ddec9210>
2025-11-10 16:59:03,016 - Knowledge - INFO - Found code-base-name: https://github.com/DarssiniRamesh/RBUS.git:main
2025-11-10 16:59:03,221 - Knowledge - INFO - Found code_base: <app.utils.kg_build.knowledge.KnowledgeCodeBase object at 0x7f95ddec9210>
2025-11-10 16:59:03,382 - Knowledge - INFO - persist ingested knowledge for /app/data/T0015/222062/b1810jj/RBUS/utils/codegen/ccsp_style_generator/scripts/rbus_code_generator_ccsp_style.sh
2025-11-10 16:59:03,639 - Knowledge - INFO - [MONGODB_OP] Completed: persist, Collection: file_info, Duration: 90ms
2025-11-10 16:59:04,097 - Knowledge - INFO - [REDIS_OP] Completed: store_embedding, Key: utils/codegen/ccsp_style_generator/scripts/rbus_code_generator_ccsp_style.sh, Duration: 258ms
2025-11-10 16:59:04,292 - Knowledge - INFO - persist search terms embedding for utils/codegen/ccsp_style_generator/scripts/rbus_code_generator_ccsp_style.sh
2025-11-10 16:59:04,503 - Knowledge - INFO - process ingested knowledge for /app/data/T0015/222062/b1810jj/RBUS/utils/codegen/ccsp_style_generator/scripts/rbus_code_generator_ccsp_style.sh
2025-11-10 16:59:04,669 - Knowledge - INFO - Found code-base-name: https://github.com/DarssiniRamesh/RBUS.git:main
2025-11-10 16:59:04,839 - Knowledge - INFO - Found code_base: <app.utils.kg_build.knowledge.KnowledgeCodeBase object at 0x7f95ddec9210>
2025-11-10 16:59:05,077 - Knowledge - INFO - Found code-base-name: https://github.com/DarssiniRamesh/RBUS.git:main
2025-11-10 16:59:05,244 - Knowledge - INFO - Found code_base: <app.utils.kg_build.knowledge.KnowledgeCodeBase object at 0x7f95ddec9210>
2025-11-10 16:59:05,429 - Knowledge - INFO - persist ingested knowledge for /app/data/T0015/222062/b1810jj/RBUS/utils/dataProvider/data/Device.DeviceInfo.X_RDKCENTRAL-COM_RFC.Feature.json
2025-11-10 16:59:05,697 - Knowledge - INFO - [MONGODB_OP] Completed: persist, Collection: file_info, Duration: 104ms
2025-11-10 16:59:06,196 - Knowledge - INFO - [REDIS_OP] Completed: store_embedding, Key: utils/dataProvider/data/Device.DeviceInfo.X_RDKCENTRAL-COM_RFC.Feature.json, Duration: 287ms
2025-11-10 16:59:06,394 - Knowledge - INFO - persist search terms embedding for utils/dataProvider/data/Device.DeviceInfo.X_RDKCENTRAL-COM_RFC.Feature.json
2025-11-10 16:59:06,562 - Knowledge - INFO - process ingested knowledge for /app/data/T0015/222062/b1810jj/RBUS/utils/dataProvider/data/Device.DeviceInfo.X_RDKCENTRAL-COM_RFC.Feature.json
2025-11-10 16:59:06,735 - Knowledge - INFO - Found code-base-name: https://github.com/DarssiniRamesh/RBUS.git:main
2025-11-10 16:59:06,924 - Knowledge - INFO - Found code_base: <app.utils.kg_build.knowledge.KnowledgeCodeBase object at 0x7f95ddec9210>
2025-11-10 16:59:07,212 - Knowledge - INFO - Found code-base-name: https://github.com/DarssiniRamesh/RBUS.git:main
2025-11-10 16:59:07,390 - Knowledge - INFO - Found code_base: <app.utils.kg_build.knowledge.KnowledgeCodeBase object at 0x7f95ddec9210>
2025-11-10 16:59:07,557 - Knowledge - INFO - persist ingested knowledge for /app/data/T0015/222062/b1810jj/RBUS/src/rtmessage/rtMemory.h
2025-11-10 16:59:07,802 - Knowledge - INFO - [MONGODB_OP] Completed: persist, Collection: file_info, Duration: 87ms
2025-11-10 16:59:08,358 - Knowledge - INFO - [REDIS_OP] Completed: store_embedding, Key: src/rtmessage/rtMemory.h, Duration: 350ms
2025-11-10 16:59:08,605 - Knowledge - INFO - persist search terms embedding for src/rtmessage/rtMemory.h
2025-11-10 16:59:08,778 - Knowledge - INFO - process ingested knowledge for /app/data/T0015/222062/b1810jj/RBUS/src/rtmessage/rtMemory.h
2025-11-10 16:59:08,988 - Knowledge - INFO - Found code-base-name: https://github.com/DarssiniRamesh/RBUS.git:main
2025-11-10 16:59:09,193 - Knowledge - INFO - Found code_base: <app.utils.kg_build.knowledge.KnowledgeCodeBase object at 0x7f95ddec9210>
2025-11-10 16:59:09,433 - Knowledge - INFO - Found code-base-name: https://github.com/DarssiniRamesh/RBUS.git:main
2025-11-10 16:59:09,607 - Knowledge - INFO - Found code_base: <app.utils.kg_build.knowledge.KnowledgeCodeBase object at 0x7f95ddec9210>
2025-11-10 16:59:09,766 - Knowledge - INFO - persist ingested knowledge for /app/data/T0015/222062/b1810jj/RBUS/test/rbus/multiRbusOpenEventProvider/multiRbusOpenEventProvider.c
2025-11-10 16:59:10,016 - Knowledge - INFO - [MONGODB_OP] Completed: persist, Collection: file_info, Duration: 83ms
2025-11-10 16:59:10,447 - Knowledge - INFO - [REDIS_OP] Completed: store_embedding, Key: test/rbus/multiRbusOpenEventProvider/multiRbusOpenEventProvider.c, Duration: 249ms
2025-11-10 16:59:10,606 - Knowledge - INFO - persist search terms embedding for test/rbus/multiRbusOpenEventProvider/multiRbusOpenEventProvider.c
2025-11-10 16:59:10,796 - Knowledge - INFO - process ingested knowledge for /app/data/T0015/222062/b1810jj/RBUS/test/rbus/multiRbusOpenEventProvider/multiRbusOpenEventProvider.c
2025-11-10 16:59:10,972 - Knowledge - INFO - Found code-base-name: https://github.com/DarssiniRamesh/RBUS.git:main
2025-11-10 16:59:11,145 - Knowledge - INFO - Found code_base: <app.utils.kg_build.knowledge.KnowledgeCodeBase object at 0x7f95ddec9210>
2025-11-10 16:59:11,365 - Knowledge - INFO - Found code-base-name: https://github.com/DarssiniRamesh/RBUS.git:main
2025-11-10 16:59:11,562 - Knowledge - INFO - Found code_base: <app.utils.kg_build.knowledge.KnowledgeCodeBase object at 0x7f95ddec9210>
2025-11-10 16:59:11,733 - Knowledge - INFO - persist ingested knowledge for /app/data/T0015/222062/b1810jj/RBUS/utils/codegen/ccsp_style_generator/sampleapp/codegen/Sample_rbus.c
2025-11-10 16:59:11,970 - Knowledge - INFO - [MONGODB_OP] Completed: persist, Collection: file_info, Duration: 84ms
2025-11-10 16:59:12,500 - Knowledge - INFO - [REDIS_OP] Completed: store_embedding, Key: utils/codegen/ccsp_style_generator/sampleapp/codegen/Sample_rbus.c, Duration: 319ms
2025-11-10 16:59:12,672 - Knowledge - INFO - persist search terms embedding for utils/codegen/ccsp_style_generator/sampleapp/codegen/Sample_rbus.c
2025-11-10 16:59:12,853 - Knowledge - INFO - process ingested knowledge for /app/data/T0015/222062/b1810jj/RBUS/utils/codegen/ccsp_style_generator/sampleapp/codegen/Sample_rbus.c
2025-11-10 16:59:13,069 - Knowledge - INFO - Found code-base-name: https://github.com/DarssiniRamesh/RBUS.git:main
2025-11-10 16:59:13,223 - Knowledge - INFO - Found code_base: <app.utils.kg_build.knowledge.KnowledgeCodeBase object at 0x7f95ddec9210>
2025-11-10 16:59:13,452 - Knowledge - INFO - Found code-base-name: https://github.com/DarssiniRamesh/RBUS.git:main
2025-11-10 16:59:13,640 - Knowledge - INFO - Found code_base: <app.utils.kg_build.knowledge.KnowledgeCodeBase object at 0x7f95ddec9210>
2025-11-10 16:59:13,823 - Knowledge - INFO - persist ingested knowledge for /app/data/T0015/222062/b1810jj/RBUS/utils/dataProvider/data/Device.WiFi.EndPoint.Stats.json
2025-11-10 16:59:14,099 - Knowledge - INFO - [MONGODB_OP] Completed: persist, Collection: file_info, Duration: 86ms
2025-11-10 16:59:14,472 - Knowledge - INFO - [REDIS_OP] Completed: store_embedding, Key: utils/dataProvider/data/Device.WiFi.EndPoint.Stats.json, Duration: 212ms
2025-11-10 16:59:14,642 - Knowledge - INFO - persist search terms embedding for utils/dataProvider/data/Device.WiFi.EndPoint.Stats.json
2025-11-10 16:59:14,844 - Knowledge - INFO - process ingested knowledge for /app/data/T0015/222062/b1810jj/RBUS/utils/dataProvider/data/Device.WiFi.EndPoint.Stats.json
2025-11-10 16:59:14,992 - Knowledge - INFO - Found code-base-name: https://github.com/DarssiniRamesh/RBUS.git:main
2025-11-10 16:59:15,151 - Knowledge - INFO - Found code_base: <app.utils.kg_build.knowledge.KnowledgeCodeBase object at 0x7f95ddec9210>
2025-11-10 16:59:15,392 - Knowledge - INFO - Found code-base-name: https://github.com/DarssiniRamesh/RBUS.git:main
2025-11-10 16:59:15,564 - Knowledge - INFO - Found code_base: <app.utils.kg_build.knowledge.KnowledgeCodeBase object at 0x7f95ddec9210>
2025-11-10 16:59:15,730 - Knowledge - INFO - persist ingested knowledge for /app/data/T0015/222062/b1810jj/RBUS/src/rtmessage/rtSocket.h
2025-11-10 16:59:15,988 - Knowledge - INFO - [MONGODB_OP] Completed: persist, Collection: file_info, Duration: 84ms
2025-11-10 16:59:16,429 - Knowledge - INFO - [REDIS_OP] Completed: store_embedding, Key: src/rtmessage/rtSocket.h, Duration: 247ms
2025-11-10 16:59:16,593 - Knowledge - INFO - persist search terms embedding for src/rtmessage/rtSocket.h
2025-11-10 16:59:16,805 - Knowledge - INFO - process ingested knowledge for /app/data/T0015/222062/b1810jj/RBUS/src/rtmessage/rtSocket.h
2025-11-10 16:59:16,967 - Knowledge - INFO - Found code-base-name: https://github.com/DarssiniRamesh/RBUS.git:main
2025-11-10 16:59:17,181 - Knowledge - INFO - Found code_base: <app.utils.kg_build.knowledge.KnowledgeCodeBase object at 0x7f95ddec9210>
2025-11-10 16:59:17,454 - Knowledge - INFO - Found code-base-name: https://github.com/DarssiniRamesh/RBUS.git:main
2025-11-10 16:59:17,609 - Knowledge - INFO - Found code_base: <app.utils.kg_build.knowledge.KnowledgeCodeBase object at 0x7f95ddec9210>
2025-11-10 16:59:17,808 - Knowledge - INFO - persist ingested knowledge for /app/data/T0015/222062/b1810jj/RBUS/utils/dataProvider/dmProviderDatabase.cpp
2025-11-10 16:59:18,065 - Knowledge - INFO - [MONGODB_OP] Completed: persist, Collection: file_info, Duration: 92ms
2025-11-10 16:59:18,501 - Knowledge - INFO - [REDIS_OP] Completed: store_embedding, Key: utils/dataProvider/dmProviderDatabase.cpp, Duration: 283ms
2025-11-10 16:59:18,691 - Knowledge - INFO - persist search terms embedding for utils/dataProvider/dmProviderDatabase.cpp
2025-11-10 16:59:18,897 - Knowledge - INFO - process ingested knowledge for /app/data/T0015/222062/b1810jj/RBUS/utils/dataProvider/dmProviderDatabase.cpp
2025-11-10 16:59:19,063 - Knowledge - INFO - Found code-base-name: https://github.com/DarssiniRamesh/RBUS.git:main
2025-11-10 16:59:19,303 - Knowledge - INFO - Found code_base: <app.utils.kg_build.knowledge.KnowledgeCodeBase object at 0x7f95ddec9210>
2025-11-10 16:59:19,527 - Knowledge - INFO - Found code-base-name: https://github.com/DarssiniRamesh/RBUS.git:main
2025-11-10 16:59:19,718 - Knowledge - INFO - Found code_base: <app.utils.kg_build.knowledge.KnowledgeCodeBase object at 0x7f95ddec9210>
2025-11-10 16:59:19,886 - Knowledge - INFO - persist ingested knowledge for /app/data/T0015/222062/b1810jj/RBUS/CMakeLists.txt
2025-11-10 16:59:20,125 - Knowledge - INFO - [MONGODB_OP] Completed: persist, Collection: file_info, Duration: 87ms
2025-11-10 16:59:20,574 - Knowledge - INFO - [REDIS_OP] Completed: store_embedding, Key: CMakeLists.txt, Duration: 284ms
2025-11-10 16:59:20,749 - Knowledge - INFO - persist search terms embedding for CMakeLists.txt
2025-11-10 16:59:20,944 - Knowledge - INFO - process ingested knowledge for /app/data/T0015/222062/b1810jj/RBUS/CMakeLists.txt
2025-11-10 16:59:21,126 - Knowledge - INFO - Found code-base-name: https://github.com/DarssiniRamesh/RBUS.git:main
2025-11-10 16:59:21,297 - Knowledge - INFO - Found code_base: <app.utils.kg_build.knowledge.KnowledgeCodeBase object at 0x7f95ddec9210>
2025-11-10 16:59:21,560 - Knowledge - INFO - Found code-base-name: https://github.com/DarssiniRamesh/RBUS.git:main
2025-11-10 16:59:21,761 - Knowledge - INFO - Found code_base: <app.utils.kg_build.knowledge.KnowledgeCodeBase object at 0x7f95ddec9210>
2025-11-10 16:59:21,982 - Knowledge - INFO - persist ingested knowledge for /app/data/T0015/222062/b1810jj/RBUS/src/core/rbuscore_types.h
2025-11-10 16:59:22,229 - Knowledge - INFO - [MONGODB_OP] Completed: persist, Collection: file_info, Duration: 81ms
2025-11-10 16:59:22,650 - Knowledge - INFO - [REDIS_OP] Completed: store_embedding, Key: src/core/rbuscore_types.h, Duration: 211ms
2025-11-10 16:59:22,812 - Knowledge - INFO - persist search terms embedding for src/core/rbuscore_types.h
2025-11-10 16:59:23,028 - Knowledge - INFO - process ingested knowledge for /app/data/T0015/222062/b1810jj/RBUS/src/core/rbuscore_types.h
2025-11-10 16:59:23,234 - Knowledge - INFO - Found code-base-name: https://github.com/DarssiniRamesh/RBUS.git:main
2025-11-10 16:59:23,400 - Knowledge - INFO - Found code_base: <app.utils.kg_build.knowledge.KnowledgeCodeBase object at 0x7f95ddec9210>
2025-11-10 16:59:23,630 - Knowledge - INFO - Found code-base-name: https://github.com/DarssiniRamesh/RBUS.git:main
2025-11-10 16:59:23,797 - Knowledge - INFO - Found code_base: <app.utils.kg_build.knowledge.KnowledgeCodeBase object at 0x7f95ddec9210>
2025-11-10 16:59:23,970 - Knowledge - INFO - persist ingested knowledge for /app/data/T0015/222062/b1810jj/RBUS/utils/dataProvider/data/Device.X_COMCAST-COM_Xcalibur.Client.json
2025-11-10 16:59:24,223 - Knowledge - INFO - [MONGODB_OP] Completed: persist, Collection: file_info, Duration: 86ms
2025-11-10 16:59:24,708 - Knowledge - INFO - [REDIS_OP] Completed: store_embedding, Key: utils/dataProvider/data/Device.X_COMCAST-COM_Xcalibur.Client.json, Duration: 302ms
2025-11-10 16:59:24,868 - Knowledge - INFO - persist search terms embedding for utils/dataProvider/data/Device.X_COMCAST-COM_Xcalibur.Client.json
2025-11-10 16:59:25,060 - Knowledge - INFO - process ingested knowledge for /app/data/T0015/222062/b1810jj/RBUS/utils/dataProvider/data/Device.X_COMCAST-COM_Xcalibur.Client.json
2025-11-10 16:59:25,238 - Knowledge - INFO - Found code-base-name: https://github.com/DarssiniRamesh/RBUS.git:main
2025-11-10 16:59:25,418 - Knowledge - INFO - Found code_base: <app.utils.kg_build.knowledge.KnowledgeCodeBase object at 0x7f95ddec9210>
2025-11-10 16:59:25,650 - Knowledge - INFO - Found code-base-name: https://github.com/DarssiniRamesh/RBUS.git:main
2025-11-10 16:59:25,803 - Knowledge - INFO - Found code_base: <app.utils.kg_build.knowledge.KnowledgeCodeBase object at 0x7f95ddec9210>
2025-11-10 16:59:25,977 - Knowledge - INFO - persist ingested knowledge for /app/data/T0015/222062/b1810jj/RBUS/utils/CMakeLists.txt
2025-11-10 16:59:26,241 - Knowledge - INFO - [MONGODB_OP] Completed: persist, Collection: file_info, Duration: 82ms
2025-11-10 16:59:26,740 - Knowledge - INFO - [REDIS_OP] Completed: store_embedding, Key: utils/CMakeLists.txt, Duration: 285ms
2025-11-10 16:59:26,958 - Knowledge - INFO - persist search terms embedding for utils/CMakeLists.txt
2025-11-10 16:59:27,133 - Knowledge - INFO - process ingested knowledge for /app/data/T0015/222062/b1810jj/RBUS/utils/CMakeLists.txt
2025-11-10 16:59:27,305 - Knowledge - INFO - Found code-base-name: https://github.com/DarssiniRamesh/RBUS.git:main
2025-11-10 16:59:27,497 - Knowledge - INFO - Found code_base: <app.utils.kg_build.knowledge.KnowledgeCodeBase object at 0x7f95ddec9210>
2025-11-10 16:59:27,773 - Knowledge - INFO - Found code-base-name: https://github.com/DarssiniRamesh/RBUS.git:main
2025-11-10 16:59:28,011 - Knowledge - INFO - Found code_base: <app.utils.kg_build.knowledge.KnowledgeCodeBase object at 0x7f95ddec9210>
2025-11-10 16:59:28,185 - Knowledge - INFO - persist ingested knowledge for /app/data/T0015/222062/b1810jj/RBUS/src/session_manager/rbus_session_mgr.h
2025-11-10 16:59:28,443 - Knowledge - INFO - [MONGODB_OP] Completed: persist, Collection: file_info, Duration: 83ms
2025-11-10 16:59:29,139 - Knowledge - INFO - [REDIS_OP] Completed: store_embedding, Key: src/session_manager/rbus_session_mgr.h, Duration: 529ms
2025-11-10 16:59:29,336 - Knowledge - INFO - persist search terms embedding for src/session_manager/rbus_session_mgr.h
2025-11-10 16:59:29,514 - Knowledge - INFO - process ingested knowledge for /app/data/T0015/222062/b1810jj/RBUS/src/session_manager/rbus_session_mgr.h
2025-11-10 16:59:29,737 - Knowledge - INFO - Found code-base-name: https://github.com/DarssiniRamesh/RBUS.git:main
2025-11-10 16:59:29,943 - Knowledge - INFO - Found code_base: <app.utils.kg_build.knowledge.KnowledgeCodeBase object at 0x7f95ddec9210>
2025-11-10 16:59:30,163 - Knowledge - INFO - Found code-base-name: https://github.com/DarssiniRamesh/RBUS.git:main
2025-11-10 16:59:30,356 - Knowledge - INFO - Found code_base: <app.utils.kg_build.knowledge.KnowledgeCodeBase object at 0x7f95ddec9210>
2025-11-10 16:59:30,534 - Knowledge - INFO - persist ingested knowledge for /app/data/T0015/222062/b1810jj/RBUS/src/core/rbuscore_message.h
2025-11-10 16:59:30,820 - Knowledge - INFO - [MONGODB_OP] Completed: persist, Collection: file_info, Duration: 85ms
2025-11-10 16:59:31,242 - Knowledge - INFO - [REDIS_OP] Completed: store_embedding, Key: src/core/rbuscore_message.h, Duration: 211ms
2025-11-10 16:59:31,458 - Knowledge - INFO - persist search terms embedding for src/core/rbuscore_message.h
2025-11-10 16:59:31,637 - Knowledge - INFO - process ingested knowledge for /app/data/T0015/222062/b1810jj/RBUS/src/core/rbuscore_message.h
2025-11-10 16:59:31,815 - Knowledge - INFO - Found code-base-name: https://github.com/DarssiniRamesh/RBUS.git:main
2025-11-10 16:59:31,983 - Knowledge - INFO - Found code_base: <app.utils.kg_build.knowledge.KnowledgeCodeBase object at 0x7f95ddec9210>
2025-11-10 16:59:32,231 - Knowledge - INFO - Found code-base-name: https://github.com/DarssiniRamesh/RBUS.git:main
2025-11-10 16:59:32,393 - Knowledge - INFO - Found code_base: <app.utils.kg_build.knowledge.KnowledgeCodeBase object at 0x7f95ddec9210>
2025-11-10 16:59:32,545 - Knowledge - INFO - persist ingested knowledge for /app/data/T0015/222062/b1810jj/RBUS/src/rtmessage/rtAdvisory.h
2025-11-10 16:59:32,837 - Knowledge - INFO - [MONGODB_OP] Completed: persist, Collection: file_info, Duration: 85ms
2025-11-10 16:59:33,301 - Knowledge - INFO - [REDIS_OP] Completed: store_embedding, Key: src/rtmessage/rtAdvisory.h, Duration: 267ms
2025-11-10 16:59:33,519 - Knowledge - INFO - persist search terms embedding for src/rtmessage/rtAdvisory.h
2025-11-10 16:59:33,711 - Knowledge - INFO - process ingested knowledge for /app/data/T0015/222062/b1810jj/RBUS/src/rtmessage/rtAdvisory.h
2025-11-10 16:59:33,867 - Knowledge - INFO - Found code-base-name: https://github.com/DarssiniRamesh/RBUS.git:main
2025-11-10 16:59:34,044 - Knowledge - INFO - Found code_base: <app.utils.kg_build.knowledge.KnowledgeCodeBase object at 0x7f95ddec9210>
2025-11-10 16:59:34,315 - Knowledge - INFO - Found code-base-name: https://github.com/DarssiniRamesh/RBUS.git:main
2025-11-10 16:59:34,515 - Knowledge - INFO - Found code_base: <app.utils.kg_build.knowledge.KnowledgeCodeBase object at 0x7f95ddec9210>
2025-11-10 16:59:34,693 - Knowledge - INFO - persist ingested knowledge for /app/data/T0015/222062/b1810jj/RBUS/test/core/bin_header.h
2025-11-10 16:59:34,975 - Knowledge - INFO - [MONGODB_OP] Completed: persist, Collection: file_info, Duration: 82ms
2025-11-10 16:59:35,392 - Knowledge - INFO - [REDIS_OP] Completed: store_embedding, Key: test/core/bin_header.h, Duration: 254ms
2025-11-10 16:59:35,552 - Knowledge - INFO - persist search terms embedding for test/core/bin_header.h
2025-11-10 16:59:35,717 - Knowledge - INFO - process ingested knowledge for /app/data/T0015/222062/b1810jj/RBUS/test/core/bin_header.h
2025-11-10 16:59:35,894 - Knowledge - INFO - Found code-base-name: https://github.com/DarssiniRamesh/RBUS.git:main
2025-11-10 16:59:36,091 - Knowledge - INFO - Found code_base: <app.utils.kg_build.knowledge.KnowledgeCodeBase object at 0x7f95ddec9210>
2025-11-10 16:59:36,392 - Knowledge - INFO - Found code-base-name: https://github.com/DarssiniRamesh/RBUS.git:main
2025-11-10 16:59:36,554 - Knowledge - INFO - Found code_base: <app.utils.kg_build.knowledge.KnowledgeCodeBase object at 0x7f95ddec9210>
2025-11-10 16:59:36,760 - Knowledge - INFO - persist ingested knowledge for /app/data/T0015/222062/b1810jj/RBUS/conf/rbus_log_capture.sh
2025-11-10 16:59:37,000 - Knowledge - INFO - [MONGODB_OP] Completed: persist, Collection: file_info, Duration: 81ms
2025-11-10 16:59:37,449 - Knowledge - INFO - [REDIS_OP] Completed: store_embedding, Key: conf/rbus_log_capture.sh, Duration: 265ms
2025-11-10 16:59:37,642 - Knowledge - INFO - persist search terms embedding for conf/rbus_log_capture.sh
2025-11-10 16:59:37,881 - Knowledge - INFO - process ingested knowledge for /app/data/T0015/222062/b1810jj/RBUS/conf/rbus_log_capture.sh
2025-11-10 16:59:38,126 - Knowledge - INFO - Found code-base-name: https://github.com/DarssiniRamesh/RBUS.git:main
2025-11-10 16:59:38,331 - Knowledge - INFO - Found code_base: <app.utils.kg_build.knowledge.KnowledgeCodeBase object at 0x7f95ddec9210>
2025-11-10 16:59:38,559 - Knowledge - INFO - Found code-base-name: https://github.com/DarssiniRamesh/RBUS.git:main
2025-11-10 16:59:38,722 - Knowledge - INFO - Found code_base: <app.utils.kg_build.knowledge.KnowledgeCodeBase object at 0x7f95ddec9210>
2025-11-10 16:59:38,890 - Knowledge - INFO - persist ingested knowledge for /app/data/T0015/222062/b1810jj/RBUS/utils/dataProvider/dmcli.cpp
2025-11-10 16:59:39,133 - Knowledge - INFO - [MONGODB_OP] Completed: persist, Collection: file_info, Duration: 82ms
2025-11-10 16:59:39,742 - Knowledge - INFO - [REDIS_OP] Completed: store_embedding, Key: utils/dataProvider/dmcli.cpp, Duration: 442ms
2025-11-10 16:59:39,905 - Knowledge - INFO - persist search terms embedding for utils/dataProvider/dmcli.cpp
2025-11-10 16:59:40,108 - Knowledge - INFO - process ingested knowledge for /app/data/T0015/222062/b1810jj/RBUS/utils/dataProvider/dmcli.cpp
2025-11-10 16:59:40,342 - Knowledge - INFO - Found code-base-name: https://github.com/DarssiniRamesh/RBUS.git:main
2025-11-10 16:59:40,508 - Knowledge - INFO - Found code_base: <app.utils.kg_build.knowledge.KnowledgeCodeBase object at 0x7f95ddec9210>
2025-11-10 16:59:40,735 - Knowledge - INFO - Found code-base-name: https://github.com/DarssiniRamesh/RBUS.git:main
2025-11-10 16:59:40,892 - Knowledge - INFO - Found code_base: <app.utils.kg_build.knowledge.KnowledgeCodeBase object at 0x7f95ddec9210>
2025-11-10 16:59:41,090 - Knowledge - INFO - persist ingested knowledge for /app/data/T0015/222062/b1810jj/RBUS/utils/dataProvider/data/Device.X_RDKCENTRAL-COM_Camera.LiveStream.EvoStream.json
2025-11-10 16:59:41,353 - Knowledge - INFO - [MONGODB_OP] Completed: persist, Collection: file_info, Duration: 85ms
2025-11-10 16:59:41,759 - Knowledge - INFO - [REDIS_OP] Completed: store_embedding, Key: utils/dataProvider/data/Device.X_RDKCENTRAL-COM_Camera.LiveStream.EvoStream.json, Duration: 224ms
2025-11-10 16:59:41,929 - Knowledge - INFO - persist search terms embedding for utils/dataProvider/data/Device.X_RDKCENTRAL-COM_Camera.LiveStream.EvoStream.json
2025-11-10 16:59:42,141 - Knowledge - INFO - process ingested knowledge for /app/data/T0015/222062/b1810jj/RBUS/utils/dataProvider/data/Device.X_RDKCENTRAL-COM_Camera.LiveStream.EvoStream.json
2025-11-10 16:59:42,344 - Knowledge - INFO - Found code-base-name: https://github.com/DarssiniRamesh/RBUS.git:main
2025-11-10 16:59:42,555 - Knowledge - INFO - Found code_base: <app.utils.kg_build.knowledge.KnowledgeCodeBase object at 0x7f95ddec9210>
2025-11-10 16:59:42,791 - Knowledge - INFO - Found code-base-name: https://github.com/DarssiniRamesh/RBUS.git:main
2025-11-10 16:59:42,999 - Knowledge - INFO - Found code_base: <app.utils.kg_build.knowledge.KnowledgeCodeBase object at 0x7f95ddec9210>
2025-11-10 16:59:43,175 - Knowledge - INFO - persist ingested knowledge for /app/data/T0015/222062/b1810jj/RBUS/test/rbus/consumer/rbusTestConsumer.c
2025-11-10 16:59:43,463 - Knowledge - INFO - [MONGODB_OP] Completed: persist, Collection: file_info, Duration: 81ms
2025-11-10 16:59:43,893 - Knowledge - INFO - [REDIS_OP] Completed: store_embedding, Key: test/rbus/consumer/rbusTestConsumer.c, Duration: 265ms
2025-11-10 16:59:44,092 - Knowledge - INFO - persist search terms embedding for test/rbus/consumer/rbusTestConsumer.c
2025-11-10 16:59:44,269 - Knowledge - INFO - process ingested knowledge for /app/data/T0015/222062/b1810jj/RBUS/test/rbus/consumer/rbusTestConsumer.c
2025-11-10 16:59:44,462 - Knowledge - INFO - Found code-base-name: https://github.com/DarssiniRamesh/RBUS.git:main
2025-11-10 16:59:44,658 - Knowledge - INFO - Found code_base: <app.utils.kg_build.knowledge.KnowledgeCodeBase object at 0x7f95ddec9210>
2025-11-10 16:59:44,927 - Knowledge - INFO - Found code-base-name: https://github.com/DarssiniRamesh/RBUS.git:main
2025-11-10 16:59:45,101 - Knowledge - INFO - Found code_base: <app.utils.kg_build.knowledge.KnowledgeCodeBase object at 0x7f95ddec9210>
2025-11-10 16:59:45,301 - Knowledge - INFO - persist ingested knowledge for /app/data/T0015/222062/b1810jj/RBUS/src/rbus/rbus_asyncsubscribe.c
2025-11-10 16:59:45,545 - Knowledge - INFO - [MONGODB_OP] Completed: persist, Collection: file_info, Duration: 79ms
2025-11-10 16:59:45,975 - Knowledge - INFO - [REDIS_OP] Completed: store_embedding, Key: src/rbus/rbus_asyncsubscribe.c, Duration: 252ms
2025-11-10 16:59:46,176 - Knowledge - INFO - persist search terms embedding for src/rbus/rbus_asyncsubscribe.c
2025-11-10 16:59:46,383 - Knowledge - INFO - process ingested knowledge for /app/data/T0015/222062/b1810jj/RBUS/src/rbus/rbus_asyncsubscribe.c
2025-11-10 16:59:46,579 - Knowledge - INFO - Found code-base-name: https://github.com/DarssiniRamesh/RBUS.git:main
2025-11-10 16:59:46,768 - Knowledge - INFO - Found code_base: <app.utils.kg_build.knowledge.KnowledgeCodeBase object at 0x7f95ddec9210>
2025-11-10 16:59:47,021 - Knowledge - INFO - Found code-base-name: https://github.com/DarssiniRamesh/RBUS.git:main
2025-11-10 16:59:47,187 - Knowledge - INFO - Found code_base: <app.utils.kg_build.knowledge.KnowledgeCodeBase object at 0x7f95ddec9210>
2025-11-10 16:59:47,369 - Knowledge - INFO - persist ingested knowledge for /app/data/T0015/222062/b1810jj/RBUS/test/core/benchmark_test/rbus_test_util.h
2025-11-10 16:59:47,640 - Knowledge - INFO - [MONGODB_OP] Completed: persist, Collection: file_info, Duration: 84ms
2025-11-10 16:59:48,079 - Knowledge - INFO - [REDIS_OP] Completed: store_embedding, Key: test/core/benchmark_test/rbus_test_util.h, Duration: 259ms
2025-11-10 16:59:48,242 - Knowledge - INFO - persist search terms embedding for test/core/benchmark_test/rbus_test_util.h
2025-11-10 16:59:48,408 - Knowledge - INFO - process ingested knowledge for /app/data/T0015/222062/b1810jj/RBUS/test/core/benchmark_test/rbus_test_util.h
2025-11-10 16:59:48,596 - Knowledge - INFO - Found code-base-name: https://github.com/DarssiniRamesh/RBUS.git:main
2025-11-10 16:59:48,757 - Knowledge - INFO - Found code_base: <app.utils.kg_build.knowledge.KnowledgeCodeBase object at 0x7f95ddec9210>
2025-11-10 16:59:49,004 - Knowledge - INFO - Found code-base-name: https://github.com/DarssiniRamesh/RBUS.git:main
2025-11-10 16:59:49,207 - Knowledge - INFO - Found code_base: <app.utils.kg_build.knowledge.KnowledgeCodeBase object at 0x7f95ddec9210>
2025-11-10 16:59:49,414 - Knowledge - INFO - persist ingested knowledge for /app/data/T0015/222062/b1810jj/RBUS/test/core/benchmark_test/CMakeLists.txt
2025-11-10 16:59:49,710 - Knowledge - INFO - [MONGODB_OP] Completed: persist, Collection: file_info, Duration: 83ms
2025-11-10 16:59:50,168 - Knowledge - INFO - [REDIS_OP] Completed: store_embedding, Key: test/core/benchmark_test/CMakeLists.txt, Duration: 279ms
2025-11-10 16:59:50,348 - Knowledge - INFO - persist search terms embedding for test/core/benchmark_test/CMakeLists.txt
2025-11-10 16:59:50,541 - Knowledge - INFO - process ingested knowledge for /app/data/T0015/222062/b1810jj/RBUS/test/core/benchmark_test/CMakeLists.txt
2025-11-10 16:59:50,730 - Knowledge - INFO - Found code-base-name: https://github.com/DarssiniRamesh/RBUS.git:main
2025-11-10 16:59:50,934 - Knowledge - INFO - Found code_base: <app.utils.kg_build.knowledge.KnowledgeCodeBase object at 0x7f95ddec9210>
2025-11-10 16:59:51,195 - Knowledge - INFO - Found code-base-name: https://github.com/DarssiniRamesh/RBUS.git:main
2025-11-10 16:59:51,394 - Knowledge - INFO - Found code_base: <app.utils.kg_build.knowledge.KnowledgeCodeBase object at 0x7f95ddec9210>
2025-11-10 16:59:51,574 - Knowledge - INFO - persist ingested knowledge for /app/data/T0015/222062/b1810jj/RBUS/test/rbus/rbus_test.sh
2025-11-10 16:59:51,825 - Knowledge - INFO - [MONGODB_OP] Completed: persist, Collection: file_info, Duration: 78ms
2025-11-10 16:59:52,317 - Knowledge - INFO - [REDIS_OP] Completed: store_embedding, Key: test/rbus/rbus_test.sh, Duration: 337ms
2025-11-10 16:59:52,476 - Knowledge - INFO - persist search terms embedding for test/rbus/rbus_test.sh
2025-11-10 16:59:52,639 - Knowledge - INFO - process ingested knowledge for /app/data/T0015/222062/b1810jj/RBUS/test/rbus/rbus_test.sh
2025-11-10 16:59:52,820 - Knowledge - INFO - Found code-base-name: https://github.com/DarssiniRamesh/RBUS.git:main
2025-11-10 16:59:52,996 - Knowledge - INFO - Found code_base: <app.utils.kg_build.knowledge.KnowledgeCodeBase object at 0x7f95ddec9210>
2025-11-10 16:59:53,227 - Knowledge - INFO - Found code-base-name: https://github.com/DarssiniRamesh/RBUS.git:main
2025-11-10 16:59:53,387 - Knowledge - INFO - Found code_base: <app.utils.kg_build.knowledge.KnowledgeCodeBase object at 0x7f95ddec9210>
2025-11-10 16:59:53,585 - Knowledge - INFO - persist ingested knowledge for /app/data/T0015/222062/b1810jj/RBUS/test/core/nested_server.c
2025-11-10 16:59:53,837 - Knowledge - INFO - [MONGODB_OP] Completed: persist, Collection: file_info, Duration: 85ms
2025-11-10 16:59:54,286 - Knowledge - INFO - [REDIS_OP] Completed: store_embedding, Key: test/core/nested_server.c, Duration: 247ms
2025-11-10 16:59:54,477 - Knowledge - INFO - persist search terms embedding for test/core/nested_server.c
2025-11-10 16:59:54,634 - Knowledge - INFO - process ingested knowledge for /app/data/T0015/222062/b1810jj/RBUS/test/core/nested_server.c
2025-11-10 16:59:54,811 - Knowledge - INFO - Found code-base-name: https://github.com/DarssiniRamesh/RBUS.git:main
2025-11-10 16:59:54,971 - Knowledge - INFO - Found code_base: <app.utils.kg_build.knowledge.KnowledgeCodeBase object at 0x7f95ddec9210>
2025-11-10 16:59:55,217 - Knowledge - INFO - Found code-base-name: https://github.com/DarssiniRamesh/RBUS.git:main
2025-11-10 16:59:55,377 - Knowledge - INFO - Found code_base: <app.utils.kg_build.knowledge.KnowledgeCodeBase object at 0x7f95ddec9210>
2025-11-10 16:59:55,559 - Knowledge - INFO - persist ingested knowledge for /app/data/T0015/222062/b1810jj/RBUS/sampleapps/provider/utilities.h
2025-11-10 16:59:55,795 - Knowledge - INFO - [MONGODB_OP] Completed: persist, Collection: file_info, Duration: 84ms
2025-11-10 16:59:56,207 - Knowledge - INFO - [REDIS_OP] Completed: store_embedding, Key: sampleapps/provider/utilities.h, Duration: 200ms
2025-11-10 16:59:56,382 - Knowledge - INFO - persist search terms embedding for sampleapps/provider/utilities.h
2025-11-10 16:59:56,580 - Knowledge - INFO - process ingested knowledge for /app/data/T0015/222062/b1810jj/RBUS/sampleapps/provider/utilities.h
2025-11-10 16:59:56,749 - Knowledge - INFO - Found code-base-name: https://github.com/DarssiniRamesh/RBUS.git:main
2025-11-10 16:59:56,986 - Knowledge - INFO - Found code_base: <app.utils.kg_build.knowledge.KnowledgeCodeBase object at 0x7f95ddec9210>
2025-11-10 16:59:57,231 - Knowledge - INFO - Found code-base-name: https://github.com/DarssiniRamesh/RBUS.git:main
2025-11-10 16:59:57,405 - Knowledge - INFO - Found code_base: <app.utils.kg_build.knowledge.KnowledgeCodeBase object at 0x7f95ddec9210>
2025-11-10 16:59:57,584 - Knowledge - INFO - persist ingested knowledge for /app/data/T0015/222062/b1810jj/RBUS/test/core/sample_datamodel.txt
2025-11-10 16:59:57,833 - Knowledge - INFO - [MONGODB_OP] Completed: persist, Collection: file_info, Duration: 83ms
2025-11-10 16:59:58,417 - Knowledge - INFO - [REDIS_OP] Completed: store_embedding, Key: test/core/sample_datamodel.txt, Duration: 356ms
2025-11-10 16:59:58,590 - Knowledge - INFO - persist search terms embedding for test/core/sample_datamodel.txt
2025-11-10 16:59:58,769 - Knowledge - INFO - process ingested knowledge for /app/data/T0015/222062/b1810jj/RBUS/test/core/sample_datamodel.txt
2025-11-10 16:59:58,983 - Knowledge - INFO - Found code-base-name: https://github.com/DarssiniRamesh/RBUS.git:main
2025-11-10 16:59:59,184 - Knowledge - INFO - Found code_base: <app.utils.kg_build.knowledge.KnowledgeCodeBase object at 0x7f95ddec9210>
2025-11-10 16:59:59,434 - Knowledge - INFO - Found code-base-name: https://github.com/DarssiniRamesh/RBUS.git:main
2025-11-10 16:59:59,595 - Knowledge - INFO - Found code_base: <app.utils.kg_build.knowledge.KnowledgeCodeBase object at 0x7f95ddec9210>
2025-11-10 16:59:59,750 - Knowledge - INFO - persist ingested knowledge for /app/data/T0015/222062/b1810jj/RBUS/test/core/sample_wildcard_client.c
2025-11-10 17:00:00,018 - Knowledge - INFO - [MONGODB_OP] Completed: persist, Collection: file_info, Duration: 93ms
2025-11-10 17:00:00,440 - Knowledge - INFO - [REDIS_OP] Completed: store_embedding, Key: test/core/sample_wildcard_client.c, Duration: 264ms
2025-11-10 17:00:00,602 - Knowledge - INFO - persist search terms embedding for test/core/sample_wildcard_client.c
2025-11-10 17:00:00,784 - Knowledge - INFO - process ingested knowledge for /app/data/T0015/222062/b1810jj/RBUS/test/core/sample_wildcard_client.c
2025-11-10 17:00:00,958 - Knowledge - INFO - Found code-base-name: https://github.com/DarssiniRamesh/RBUS.git:main
2025-11-10 17:00:01,121 - Knowledge - INFO - Found code_base: <app.utils.kg_build.knowledge.KnowledgeCodeBase object at 0x7f95ddec9210>
2025-11-10 17:00:01,380 - Knowledge - INFO - Found code-base-name: https://github.com/DarssiniRamesh/RBUS.git:main
2025-11-10 17:00:01,555 - Knowledge - INFO - Found code_base: <app.utils.kg_build.knowledge.KnowledgeCodeBase object at 0x7f95ddec9210>
2025-11-10 17:00:01,770 - Knowledge - INFO - persist ingested knowledge for /app/data/T0015/222062/b1810jj/RBUS/test/core/every_client.c
2025-11-10 17:00:02,044 - Knowledge - INFO - [MONGODB_OP] Completed: persist, Collection: file_info, Duration: 86ms
2025-11-10 17:00:02,581 - Knowledge - INFO - [REDIS_OP] Completed: store_embedding, Key: test/core/every_client.c, Duration: 319ms
2025-11-10 17:00:02,785 - Knowledge - INFO - persist search terms embedding for test/core/every_client.c
2025-11-10 17:00:02,934 - Knowledge - INFO - process ingested knowledge for /app/data/T0015/222062/b1810jj/RBUS/test/core/every_client.c
2025-11-10 17:00:03,138 - Knowledge - INFO - Found code-base-name: https://github.com/DarssiniRamesh/RBUS.git:main
2025-11-10 17:00:03,375 - Knowledge - INFO - Found code_base: <app.utils.kg_build.knowledge.KnowledgeCodeBase object at 0x7f95ddec9210>
2025-11-10 17:00:03,604 - Knowledge - INFO - Found code-base-name: https://github.com/DarssiniRamesh/RBUS.git:main
2025-11-10 17:00:03,773 - Knowledge - INFO - Found code_base: <app.utils.kg_build.knowledge.KnowledgeCodeBase object at 0x7f95ddec9210>
2025-11-10 17:00:03,960 - Knowledge - INFO - persist ingested knowledge for /app/data/T0015/222062/b1810jj/RBUS/sampleapps/rtmessage/sample_recv.c
2025-11-10 17:00:04,213 - Knowledge - INFO - [MONGODB_OP] Completed: persist, Collection: file_info, Duration: 82ms
2025-11-10 17:00:04,722 - Knowledge - INFO - [REDIS_OP] Completed: store_embedding, Key: sampleapps/rtmessage/sample_recv.c, Duration: 293ms
2025-11-10 17:00:04,892 - Knowledge - INFO - persist search terms embedding for sampleapps/rtmessage/sample_recv.c
2025-11-10 17:00:05,063 - Knowledge - INFO - process ingested knowledge for /app/data/T0015/222062/b1810jj/RBUS/sampleapps/rtmessage/sample_recv.c
2025-11-10 17:00:05,250 - Knowledge - INFO - Found code-base-name: https://github.com/DarssiniRamesh/RBUS.git:main
2025-11-10 17:00:05,462 - Knowledge - INFO - Found code_base: <app.utils.kg_build.knowledge.KnowledgeCodeBase object at 0x7f95ddec9210>
2025-11-10 17:00:05,718 - Knowledge - INFO - Found code-base-name: https://github.com/DarssiniRamesh/RBUS.git:main
2025-11-10 17:00:05,923 - Knowledge - INFO - Found code_base: <app.utils.kg_build.knowledge.KnowledgeCodeBase object at 0x7f95ddec9210>
2025-11-10 17:00:06,137 - Knowledge - INFO - persist ingested knowledge for /app/data/T0015/222062/b1810jj/RBUS/cmake/Findrdklogger.cmake
2025-11-10 17:00:06,455 - Knowledge - INFO - [MONGODB_OP] Completed: persist, Collection: file_info, Duration: 96ms
2025-11-10 17:00:06,933 - Knowledge - INFO - [REDIS_OP] Completed: store_embedding, Key: cmake/Findrdklogger.cmake, Duration: 305ms
2025-11-10 17:00:07,128 - Knowledge - INFO - persist search terms embedding for cmake/Findrdklogger.cmake
2025-11-10 17:00:07,326 - Knowledge - INFO - process ingested knowledge for /app/data/T0015/222062/b1810jj/RBUS/cmake/Findrdklogger.cmake
2025-11-10 17:00:07,547 - Knowledge - INFO - Found code-base-name: https://github.com/DarssiniRamesh/RBUS.git:main
2025-11-10 17:00:07,714 - Knowledge - INFO - Found code_base: <app.utils.kg_build.knowledge.KnowledgeCodeBase object at 0x7f95ddec9210>
2025-11-10 17:00:07,952 - Knowledge - INFO - Found code-base-name: https://github.com/DarssiniRamesh/RBUS.git:main
2025-11-10 17:00:08,170 - Knowledge - INFO - Found code_base: <app.utils.kg_build.knowledge.KnowledgeCodeBase object at 0x7f95ddec9210>
2025-11-10 17:00:08,347 - Knowledge - INFO - persist ingested knowledge for /app/data/T0015/222062/b1810jj/RBUS/test/rbus/multiRbusOpenConsumer/rbusOpenSubRbusOpenConsumer.c
2025-11-10 17:00:08,694 - Knowledge - INFO - [MONGODB_OP] Completed: persist, Collection: file_info, Duration: 91ms
2025-11-10 17:00:09,167 - Knowledge - INFO - [REDIS_OP] Completed: store_embedding, Key: test/rbus/multiRbusOpenConsumer/rbusOpenSubRbusOpenConsumer.c, Duration: 292ms
2025-11-10 17:00:09,359 - Knowledge - INFO - persist search terms embedding for test/rbus/multiRbusOpenConsumer/rbusOpenSubRbusOpenConsumer.c
2025-11-10 17:00:09,552 - Knowledge - INFO - process ingested knowledge for /app/data/T0015/222062/b1810jj/RBUS/test/rbus/multiRbusOpenConsumer/rbusOpenSubRbusOpenConsumer.c
2025-11-10 17:00:09,794 - Knowledge - INFO - Found code-base-name: https://github.com/DarssiniRamesh/RBUS.git:main
2025-11-10 17:00:09,950 - Knowledge - INFO - Found code_base: <app.utils.kg_build.knowledge.KnowledgeCodeBase object at 0x7f95ddec9210>
2025-11-10 17:00:10,210 - Knowledge - INFO - Found code-base-name: https://github.com/DarssiniRamesh/RBUS.git:main
2025-11-10 17:00:10,373 - Knowledge - INFO - Found code_base: <app.utils.kg_build.knowledge.KnowledgeCodeBase object at 0x7f95ddec9210>
2025-11-10 17:00:10,552 - Knowledge - INFO - persist ingested knowledge for /app/data/T0015/222062/b1810jj/RBUS/test/rbus/rbusTestElementTree.c
2025-11-10 17:00:10,815 - Knowledge - INFO - [MONGODB_OP] Completed: persist, Collection: file_info, Duration: 82ms
2025-11-10 17:00:11,284 - Knowledge - INFO - [REDIS_OP] Completed: store_embedding, Key: test/rbus/rbusTestElementTree.c, Duration: 283ms
2025-11-10 17:00:11,511 - Knowledge - INFO - persist search terms embedding for test/rbus/rbusTestElementTree.c
2025-11-10 17:00:11,713 - Knowledge - INFO - process ingested knowledge for /app/data/T0015/222062/b1810jj/RBUS/test/rbus/rbusTestElementTree.c
2025-11-10 17:00:11,914 - Knowledge - INFO - Found code-base-name: https://github.com/DarssiniRamesh/RBUS.git:main
2025-11-10 17:00:12,122 - Knowledge - INFO - Found code_base: <app.utils.kg_build.knowledge.KnowledgeCodeBase object at 0x7f95ddec9210>
2025-11-10 17:00:12,409 - Knowledge - INFO - Found code-base-name: https://github.com/DarssiniRamesh/RBUS.git:main
2025-11-10 17:00:12,615 - Knowledge - INFO - Found code_base: <app.utils.kg_build.knowledge.KnowledgeCodeBase object at 0x7f95ddec9210>
2025-11-10 17:00:12,784 - Knowledge - INFO - persist ingested knowledge for /app/data/T0015/222062/b1810jj/RBUS/utils/dataProvider/data/Device.X_COMCAST-COM_Xcalibur.json
2025-11-10 17:00:13,060 - Knowledge - INFO - [MONGODB_OP] Completed: persist, Collection: file_info, Duration: 91ms
2025-11-10 17:00:13,556 - Knowledge - INFO - [REDIS_OP] Completed: store_embedding, Key: utils/dataProvider/data/Device.X_COMCAST-COM_Xcalibur.json, Duration: 282ms
2025-11-10 17:00:13,722 - Knowledge - INFO - persist search terms embedding for utils/dataProvider/data/Device.X_COMCAST-COM_Xcalibur.json
2025-11-10 17:00:13,893 - Knowledge - INFO - process ingested knowledge for /app/data/T0015/222062/b1810jj/RBUS/utils/dataProvider/data/Device.X_COMCAST-COM_Xcalibur.json
2025-11-10 17:00:14,053 - Knowledge - INFO - Found code-base-name: https://github.com/DarssiniRamesh/RBUS.git:main
2025-11-10 17:00:14,227 - Knowledge - INFO - Found code_base: <app.utils.kg_build.knowledge.KnowledgeCodeBase object at 0x7f95ddec9210>
2025-11-10 17:00:14,469 - Knowledge - INFO - Found code-base-name: https://github.com/DarssiniRamesh/RBUS.git:main
2025-11-10 17:00:14,676 - Knowledge - INFO - Found code_base: <app.utils.kg_build.knowledge.KnowledgeCodeBase object at 0x7f95ddec9210>
2025-11-10 17:00:14,894 - Knowledge - INFO - persist ingested knowledge for /app/data/T0015/222062/b1810jj/RBUS/test/rbus/consumer/tables.c
2025-11-10 17:00:15,188 - Knowledge - INFO - [MONGODB_OP] Completed: persist, Collection: file_info, Duration: 89ms
2025-11-10 17:00:15,693 - Knowledge - INFO - [REDIS_OP] Completed: store_embedding, Key: test/rbus/consumer/tables.c, Duration: 339ms
2025-11-10 17:00:15,863 - Knowledge - INFO - persist search terms embedding for test/rbus/consumer/tables.c
2025-11-10 17:00:16,031 - Knowledge - INFO - process ingested knowledge for /app/data/T0015/222062/b1810jj/RBUS/test/rbus/consumer/tables.c
2025-11-10 17:00:16,288 - Knowledge - INFO - Found code-base-name: https://github.com/DarssiniRamesh/RBUS.git:main
2025-11-10 17:00:16,504 - Knowledge - INFO - Found code_base: <app.utils.kg_build.knowledge.KnowledgeCodeBase object at 0x7f95ddec9210>
2025-11-10 17:00:16,773 - Knowledge - INFO - Found code-base-name: https://github.com/DarssiniRamesh/RBUS.git:main
2025-11-10 17:00:16,953 - Knowledge - INFO - Found code_base: <app.utils.kg_build.knowledge.KnowledgeCodeBase object at 0x7f95ddec9210>
2025-11-10 17:00:17,114 - Knowledge - INFO - persist ingested knowledge for /app/data/T0015/222062/b1810jj/RBUS/unittests/util.cpp
2025-11-10 17:00:17,414 - Knowledge - INFO - [MONGODB_OP] Completed: persist, Collection: file_info, Duration: 84ms
2025-11-10 17:00:17,887 - Knowledge - INFO - [REDIS_OP] Completed: store_embedding, Key: unittests/util.cpp, Duration: 276ms
2025-11-10 17:00:18,090 - Knowledge - INFO - persist search terms embedding for unittests/util.cpp
2025-11-10 17:00:18,285 - Knowledge - INFO - process ingested knowledge for /app/data/T0015/222062/b1810jj/RBUS/unittests/util.cpp
2025-11-10 17:00:18,497 - Knowledge - INFO - Found code-base-name: https://github.com/DarssiniRamesh/RBUS.git:main
2025-11-10 17:00:18,705 - Knowledge - INFO - Found code_base: <app.utils.kg_build.knowledge.KnowledgeCodeBase object at 0x7f95ddec9210>
2025-11-10 17:00:18,966 - Knowledge - INFO - Found code-base-name: https://github.com/DarssiniRamesh/RBUS.git:main
2025-11-10 17:00:19,134 - Knowledge - INFO - Found code_base: <app.utils.kg_build.knowledge.KnowledgeCodeBase object at 0x7f95ddec9210>
2025-11-10 17:00:19,454 - Knowledge - INFO - persist ingested knowledge for /app/data/T0015/222062/b1810jj/RBUS/test/core/sample_event_server.c
2025-11-10 17:00:19,710 - Knowledge - INFO - [MONGODB_OP] Completed: persist, Collection: file_info, Duration: 93ms
2025-11-10 17:00:20,222 - Knowledge - INFO - [REDIS_OP] Completed: store_embedding, Key: test/core/sample_event_server.c, Duration: 329ms
2025-11-10 17:00:20,458 - Knowledge - INFO - persist search terms embedding for test/core/sample_event_server.c
2025-11-10 17:00:20,693 - Knowledge - INFO - process ingested knowledge for /app/data/T0015/222062/b1810jj/RBUS/test/core/sample_event_server.c
2025-11-10 17:00:20,866 - Knowledge - INFO - Found code-base-name: https://github.com/DarssiniRamesh/RBUS.git:main
2025-11-10 17:00:21,031 - Knowledge - INFO - Found code_base: <app.utils.kg_build.knowledge.KnowledgeCodeBase object at 0x7f95ddec9210>
2025-11-10 17:00:21,277 - Knowledge - INFO - Found code-base-name: https://github.com/DarssiniRamesh/RBUS.git:main
2025-11-10 17:00:21,520 - Knowledge - INFO - Found code_base: <app.utils.kg_build.knowledge.KnowledgeCodeBase object at 0x7f95ddec9210>
2025-11-10 17:00:21,688 - Knowledge - INFO - persist ingested knowledge for /app/data/T0015/222062/b1810jj/RBUS/src/rtmessage/rtSemaphore.h
2025-11-10 17:00:21,958 - Knowledge - INFO - [MONGODB_OP] Completed: persist, Collection: file_info, Duration: 94ms
2025-11-10 17:00:22,496 - Knowledge - INFO - [REDIS_OP] Completed: store_embedding, Key: src/rtmessage/rtSemaphore.h, Duration: 357ms
2025-11-10 17:00:22,657 - Knowledge - INFO - persist search terms embedding for src/rtmessage/rtSemaphore.h
2025-11-10 17:00:22,875 - Knowledge - INFO - process ingested knowledge for /app/data/T0015/222062/b1810jj/RBUS/src/rtmessage/rtSemaphore.h
2025-11-10 17:00:23,056 - Knowledge - INFO - Found code-base-name: https://github.com/DarssiniRamesh/RBUS.git:main
2025-11-10 17:00:23,227 - Knowledge - INFO - Found code_base: <app.utils.kg_build.knowledge.KnowledgeCodeBase object at 0x7f95ddec9210>
2025-11-10 17:00:23,457 - Knowledge - INFO - Found code-base-name: https://github.com/DarssiniRamesh/RBUS.git:main
2025-11-10 17:00:23,630 - Knowledge - INFO - Found code_base: <app.utils.kg_build.knowledge.KnowledgeCodeBase object at 0x7f95ddec9210>
2025-11-10 17:00:23,845 - Knowledge - INFO - persist ingested knowledge for /app/data/T0015/222062/b1810jj/RBUS/sampleapps/message/rbusMessageListener.c
2025-11-10 17:00:24,118 - Knowledge - INFO - [MONGODB_OP] Completed: persist, Collection: file_info, Duration: 81ms
2025-11-10 17:00:24,636 - Knowledge - INFO - [REDIS_OP] Completed: store_embedding, Key: sampleapps/message/rbusMessageListener.c, Duration: 344ms
2025-11-10 17:00:24,813 - Knowledge - INFO - persist search terms embedding for sampleapps/message/rbusMessageListener.c
2025-11-10 17:00:25,008 - Knowledge - INFO - process ingested knowledge for /app/data/T0015/222062/b1810jj/RBUS/sampleapps/message/rbusMessageListener.c
2025-11-10 17:00:25,173 - Knowledge - INFO - Found code-base-name: https://github.com/DarssiniRamesh/RBUS.git:main
2025-11-10 17:00:25,336 - Knowledge - INFO - Found code_base: <app.utils.kg_build.knowledge.KnowledgeCodeBase object at 0x7f95ddec9210>
2025-11-10 17:00:25,568 - Knowledge - INFO - Found code-base-name: https://github.com/DarssiniRamesh/RBUS.git:main
2025-11-10 17:00:25,751 - Knowledge - INFO - Found code_base: <app.utils.kg_build.knowledge.KnowledgeCodeBase object at 0x7f95ddec9210>
2025-11-10 17:00:25,915 - Knowledge - INFO - persist ingested knowledge for /app/data/T0015/222062/b1810jj/RBUS/utils/dataProvider/dmProvider.cpp
2025-11-10 17:00:26,172 - Knowledge - INFO - [MONGODB_OP] Completed: persist, Collection: file_info, Duration: 83ms
2025-11-10 17:00:26,673 - Knowledge - INFO - [REDIS_OP] Completed: store_embedding, Key: utils/dataProvider/dmProvider.cpp, Duration: 292ms
2025-11-10 17:00:26,836 - Knowledge - INFO - persist search terms embedding for utils/dataProvider/dmProvider.cpp
2025-11-10 17:00:27,053 - Knowledge - INFO - process ingested knowledge for /app/data/T0015/222062/b1810jj/RBUS/utils/dataProvider/dmProvider.cpp
2025-11-10 17:00:27,226 - Knowledge - INFO - Found code-base-name: https://github.com/DarssiniRamesh/RBUS.git:main
2025-11-10 17:00:27,394 - Knowledge - INFO - Found code_base: <app.utils.kg_build.knowledge.KnowledgeCodeBase object at 0x7f95ddec9210>
2025-11-10 17:00:27,629 - Knowledge - INFO - Found code-base-name: https://github.com/DarssiniRamesh/RBUS.git:main
2025-11-10 17:00:27,807 - Knowledge - INFO - Found code_base: <app.utils.kg_build.knowledge.KnowledgeCodeBase object at 0x7f95ddec9210>
2025-11-10 17:00:27,991 - Knowledge - INFO - persist ingested knowledge for /app/data/T0015/222062/b1810jj/RBUS/test/rbus/rbusGetExtSetMulti/testSetMultiConsumer.c
2025-11-10 17:00:28,258 - Knowledge - INFO - [MONGODB_OP] Completed: persist, Collection: file_info, Duration: 85ms
2025-11-10 17:00:28,659 - Knowledge - INFO - [REDIS_OP] Completed: store_embedding, Key: test/rbus/rbusGetExtSetMulti/testSetMultiConsumer.c, Duration: 211ms
2025-11-10 17:00:28,810 - Knowledge - INFO - persist search terms embedding for test/rbus/rbusGetExtSetMulti/testSetMultiConsumer.c
2025-11-10 17:00:29,000 - Knowledge - INFO - process ingested knowledge for /app/data/T0015/222062/b1810jj/RBUS/test/rbus/rbusGetExtSetMulti/testSetMultiConsumer.c
2025-11-10 17:00:29,182 - Knowledge - INFO - Found code-base-name: https://github.com/DarssiniRamesh/RBUS.git:main
2025-11-10 17:00:29,344 - Knowledge - INFO - Found code_base: <app.utils.kg_build.knowledge.KnowledgeCodeBase object at 0x7f95ddec9210>
2025-11-10 17:00:29,577 - Knowledge - INFO - Found code-base-name: https://github.com/DarssiniRamesh/RBUS.git:main
2025-11-10 17:00:29,742 - Knowledge - INFO - Found code_base: <app.utils.kg_build.knowledge.KnowledgeCodeBase object at 0x7f95ddec9210>
2025-11-10 17:00:29,904 - Knowledge - INFO - persist ingested knowledge for /app/data/T0015/222062/b1810jj/RBUS/unittests/rbus_unit_test_multiple_objects.cpp
2025-11-10 17:00:30,163 - Knowledge - INFO - [MONGODB_OP] Completed: persist, Collection: file_info, Duration: 82ms
2025-11-10 17:00:30,548 - Knowledge - INFO - [REDIS_OP] Completed: store_embedding, Key: unittests/rbus_unit_test_multiple_objects.cpp, Duration: 216ms
2025-11-10 17:00:30,720 - Knowledge - INFO - persist search terms embedding for unittests/rbus_unit_test_multiple_objects.cpp
2025-11-10 17:00:30,904 - Knowledge - INFO - process ingested knowledge for /app/data/T0015/222062/b1810jj/RBUS/unittests/rbus_unit_test_multiple_objects.cpp
2025-11-10 17:00:31,074 - Knowledge - INFO - Found code-base-name: https://github.com/DarssiniRamesh/RBUS.git:main
2025-11-10 17:00:31,259 - Knowledge - INFO - Found code_base: <app.utils.kg_build.knowledge.KnowledgeCodeBase object at 0x7f95ddec9210>
2025-11-10 17:00:31,488 - Knowledge - INFO - Found code-base-name: https://github.com/DarssiniRamesh/RBUS.git:main
2025-11-10 17:00:31,689 - Knowledge - INFO - Found code_base: <app.utils.kg_build.knowledge.KnowledgeCodeBase object at 0x7f95ddec9210>
2025-11-10 17:00:31,857 - Knowledge - INFO - persist ingested knowledge for /app/data/T0015/222062/b1810jj/RBUS/src/rtmessage/rtMemory.c
2025-11-10 17:00:32,146 - Knowledge - INFO - [MONGODB_OP] Completed: persist, Collection: file_info, Duration: 102ms
2025-11-10 17:00:32,547 - Knowledge - INFO - [REDIS_OP] Completed: store_embedding, Key: src/rtmessage/rtMemory.c, Duration: 217ms
2025-11-10 17:00:32,771 - Knowledge - INFO - persist search terms embedding for src/rtmessage/rtMemory.c
2025-11-10 17:00:32,947 - Knowledge - INFO - process ingested knowledge for /app/data/T0015/222062/b1810jj/RBUS/src/rtmessage/rtMemory.c
2025-11-10 17:00:33,132 - Knowledge - INFO - Found code-base-name: https://github.com/DarssiniRamesh/RBUS.git:main
2025-11-10 17:00:33,300 - Knowledge - INFO - Found code_base: <app.utils.kg_build.knowledge.KnowledgeCodeBase object at 0x7f95ddec9210>
2025-11-10 17:00:33,542 - Knowledge - INFO - Found code-base-name: https://github.com/DarssiniRamesh/RBUS.git:main
2025-11-10 17:00:33,724 - Knowledge - INFO - Found code_base: <app.utils.kg_build.knowledge.KnowledgeCodeBase object at 0x7f95ddec9210>
2025-11-10 17:00:33,897 - Knowledge - INFO - persist ingested knowledge for /app/data/T0015/222062/b1810jj/RBUS/utils/rbuscli/CMakeLists.txt
2025-11-10 17:00:34,199 - Knowledge - INFO - [MONGODB_OP] Completed: persist, Collection: file_info, Duration: 95ms
2025-11-10 17:00:34,588 - Knowledge - INFO - [REDIS_OP] Completed: store_embedding, Key: utils/rbuscli/CMakeLists.txt, Duration: 222ms
2025-11-10 17:00:34,819 - Knowledge - INFO - persist search terms embedding for utils/rbuscli/CMakeLists.txt
2025-11-10 17:00:35,050 - Knowledge - INFO - process ingested knowledge for /app/data/T0015/222062/b1810jj/RBUS/utils/rbuscli/CMakeLists.txt
2025-11-10 17:00:35,219 - Knowledge - INFO - Found code-base-name: https://github.com/DarssiniRamesh/RBUS.git:main
2025-11-10 17:00:35,386 - Knowledge - INFO - Found code_base: <app.utils.kg_build.knowledge.KnowledgeCodeBase object at 0x7f95ddec9210>
2025-11-10 17:00:35,620 - Knowledge - INFO - Found code-base-name: https://github.com/DarssiniRamesh/RBUS.git:main
2025-11-10 17:00:35,812 - Knowledge - INFO - Found code_base: <app.utils.kg_build.knowledge.KnowledgeCodeBase object at 0x7f95ddec9210>
2025-11-10 17:00:36,002 - Knowledge - INFO - persist ingested knowledge for /app/data/T0015/222062/b1810jj/RBUS/utils/dataProvider/dmQuery.h
2025-11-10 17:00:36,245 - Knowledge - INFO - [MONGODB_OP] Completed: persist, Collection: file_info, Duration: 84ms
2025-11-10 17:00:36,765 - Knowledge - INFO - [REDIS_OP] Completed: store_embedding, Key: utils/dataProvider/dmQuery.h, Duration: 323ms
2025-11-10 17:00:36,946 - Knowledge - INFO - persist search terms embedding for utils/dataProvider/dmQuery.h
2025-11-10 17:00:37,150 - Knowledge - INFO - process ingested knowledge for /app/data/T0015/222062/b1810jj/RBUS/utils/dataProvider/dmQuery.h
2025-11-10 17:00:37,363 - Knowledge - INFO - Found code-base-name: https://github.com/DarssiniRamesh/RBUS.git:main
2025-11-10 17:00:37,562 - Knowledge - INFO - Found code_base: <app.utils.kg_build.knowledge.KnowledgeCodeBase object at 0x7f95ddec9210>
2025-11-10 17:00:37,775 - Knowledge - INFO - Found code-base-name: https://github.com/DarssiniRamesh/RBUS.git:main
2025-11-10 17:00:38,019 - Knowledge - INFO - Found code_base: <app.utils.kg_build.knowledge.KnowledgeCodeBase object at 0x7f95ddec9210>
2025-11-10 17:00:38,225 - Knowledge - INFO - persist ingested knowledge for /app/data/T0015/222062/b1810jj/RBUS/test/rbus/consumer/valueChange.c
2025-11-10 17:00:38,522 - Knowledge - INFO - [MONGODB_OP] Completed: persist, Collection: file_info, Duration: 84ms
2025-11-10 17:00:39,259 - Knowledge - INFO - [REDIS_OP] Completed: store_embedding, Key: test/rbus/consumer/valueChange.c, Duration: 580ms
2025-11-10 17:00:39,412 - Knowledge - INFO - persist search terms embedding for test/rbus/consumer/valueChange.c
2025-11-10 17:00:39,579 - Knowledge - INFO - process ingested knowledge for /app/data/T0015/222062/b1810jj/RBUS/test/rbus/consumer/valueChange.c
2025-11-10 17:00:39,736 - Knowledge - INFO - Found code-base-name: https://github.com/DarssiniRamesh/RBUS.git:main
2025-11-10 17:00:39,897 - Knowledge - INFO - Found code_base: <app.utils.kg_build.knowledge.KnowledgeCodeBase object at 0x7f95ddec9210>
2025-11-10 17:00:40,102 - Knowledge - INFO - Found code-base-name: https://github.com/DarssiniRamesh/RBUS.git:main
2025-11-10 17:00:40,272 - Knowledge - INFO - Found code_base: <app.utils.kg_build.knowledge.KnowledgeCodeBase object at 0x7f95ddec9210>
2025-11-10 17:00:40,445 - Knowledge - INFO - persist ingested knowledge for /app/data/T0015/222062/b1810jj/RBUS/src/core/rbuscore_logger.h
2025-11-10 17:00:40,686 - Knowledge - INFO - [MONGODB_OP] Completed: persist, Collection: file_info, Duration: 81ms
2025-11-10 17:00:41,158 - Knowledge - INFO - [REDIS_OP] Completed: store_embedding, Key: src/core/rbuscore_logger.h, Duration: 295ms
2025-11-10 17:00:41,313 - Knowledge - INFO - persist search terms embedding for src/core/rbuscore_logger.h
2025-11-10 17:00:41,493 - Knowledge - INFO - process ingested knowledge for /app/data/T0015/222062/b1810jj/RBUS/src/core/rbuscore_logger.h
2025-11-10 17:00:41,688 - Knowledge - INFO - Found code-base-name: https://github.com/DarssiniRamesh/RBUS.git:main
2025-11-10 17:00:41,860 - Knowledge - INFO - Found code_base: <app.utils.kg_build.knowledge.KnowledgeCodeBase object at 0x7f95ddec9210>
2025-11-10 17:00:42,133 - Knowledge - INFO - Found code-base-name: https://github.com/DarssiniRamesh/RBUS.git:main
2025-11-10 17:00:42,335 - Knowledge - INFO - Found code_base: <app.utils.kg_build.knowledge.KnowledgeCodeBase object at 0x7f95ddec9210>
2025-11-10 17:00:42,554 - Knowledge - INFO - persist ingested knowledge for /app/data/T0015/222062/b1810jj/RBUS/utils/dataProvider/data/Device.DeviceInfo.X_RDKCENTRAL-COM_xOpsDeviceMgmt.RPC.Feature.HDR.json
2025-11-10 17:00:42,844 - Knowledge - INFO - [MONGODB_OP] Completed: persist, Collection: file_info, Duration: 88ms
2025-11-10 17:00:43,428 - Knowledge - INFO - [REDIS_OP] Completed: store_embedding, Key: utils/dataProvider/data/Device.DeviceInfo.X_RDKCENTRAL-COM_xOpsDeviceMgmt.RPC.Feature.HDR.json, Duration: 373ms
2025-11-10 17:00:43,591 - Knowledge - INFO - persist search terms embedding for utils/dataProvider/data/Device.DeviceInfo.X_RDKCENTRAL-COM_xOpsDeviceMgmt.RPC.Feature.HDR.json
2025-11-10 17:00:43,779 - Knowledge - INFO - process ingested knowledge for /app/data/T0015/222062/b1810jj/RBUS/utils/dataProvider/data/Device.DeviceInfo.X_RDKCENTRAL-COM_xOpsDeviceMgmt.RPC.Feature.HDR.json
2025-11-10 17:00:43,965 - Knowledge - INFO - Found code-base-name: https://github.com/DarssiniRamesh/RBUS.git:main
2025-11-10 17:00:44,135 - Knowledge - INFO - Found code_base: <app.utils.kg_build.knowledge.KnowledgeCodeBase object at 0x7f95ddec9210>
2025-11-10 17:00:44,376 - Knowledge - INFO - Found code-base-name: https://github.com/DarssiniRamesh/RBUS.git:main
2025-11-10 17:00:44,591 - Knowledge - INFO - Found code_base: <app.utils.kg_build.knowledge.KnowledgeCodeBase object at 0x7f95ddec9210>
2025-11-10 17:00:44,767 - Knowledge - INFO - persist ingested knowledge for /app/data/T0015/222062/b1810jj/RBUS/unittests/rbusElementTest.cpp
2025-11-10 17:00:45,139 - Knowledge - INFO - [MONGODB_OP] Completed: persist, Collection: file_info, Duration: 93ms
2025-11-10 17:00:45,861 - Knowledge - INFO - [REDIS_OP] Completed: store_embedding, Key: unittests/rbusElementTest.cpp, Duration: 559ms
2025-11-10 17:00:46,030 - Knowledge - INFO - persist search terms embedding for unittests/rbusElementTest.cpp
2025-11-10 17:00:46,239 - Knowledge - INFO - process ingested knowledge for /app/data/T0015/222062/b1810jj/RBUS/unittests/rbusElementTest.cpp
2025-11-10 17:00:46,438 - Knowledge - INFO - Found code-base-name: https://github.com/DarssiniRamesh/RBUS.git:main
2025-11-10 17:00:46,663 - Knowledge - INFO - Found code_base: <app.utils.kg_build.knowledge.KnowledgeCodeBase object at 0x7f95ddec9210>
2025-11-10 17:00:46,919 - Knowledge - INFO - Found code-base-name: https://github.com/DarssiniRamesh/RBUS.git:main
2025-11-10 17:00:47,092 - Knowledge - INFO - Found code_base: <app.utils.kg_build.knowledge.KnowledgeCodeBase object at 0x7f95ddec9210>
2025-11-10 17:00:47,268 - Knowledge - INFO - persist ingested knowledge for /app/data/T0015/222062/b1810jj/RBUS/src/rtmessage/rtList.h
2025-11-10 17:00:47,549 - Knowledge - INFO - [MONGODB_OP] Completed: persist, Collection: file_info, Duration: 100ms
2025-11-10 17:00:48,212 - Knowledge - INFO - [REDIS_OP] Completed: store_embedding, Key: src/rtmessage/rtList.h, Duration: 481ms
2025-11-10 17:00:48,360 - Knowledge - INFO - persist search terms embedding for src/rtmessage/rtList.h
2025-11-10 17:00:48,541 - Knowledge - INFO - process ingested knowledge for /app/data/T0015/222062/b1810jj/RBUS/src/rtmessage/rtList.h
2025-11-10 17:00:48,719 - Knowledge - INFO - Found code-base-name: https://github.com/DarssiniRamesh/RBUS.git:main
2025-11-10 17:00:48,889 - Knowledge - INFO - Found code_base: <app.utils.kg_build.knowledge.KnowledgeCodeBase object at 0x7f95ddec9210>
2025-11-10 17:00:49,138 - Knowledge - INFO - Found code-base-name: https://github.com/DarssiniRamesh/RBUS.git:main
2025-11-10 17:00:49,310 - Knowledge - INFO - Found code_base: <app.utils.kg_build.knowledge.KnowledgeCodeBase object at 0x7f95ddec9210>
2025-11-10 17:00:49,469 - Knowledge - INFO - persist ingested knowledge for /app/data/T0015/222062/b1810jj/RBUS/test/rbus/consumer/rbusTestMultiConsumer.c
2025-11-10 17:00:49,722 - Knowledge - INFO - [MONGODB_OP] Completed: persist, Collection: file_info, Duration: 82ms
2025-11-10 17:00:50,245 - Knowledge - INFO - [REDIS_OP] Completed: store_embedding, Key: test/rbus/consumer/rbusTestMultiConsumer.c, Duration: 301ms
2025-11-10 17:00:50,486 - Knowledge - INFO - persist search terms embedding for test/rbus/consumer/rbusTestMultiConsumer.c
2025-11-10 17:00:50,687 - Knowledge - INFO - process ingested knowledge for /app/data/T0015/222062/b1810jj/RBUS/test/rbus/consumer/rbusTestMultiConsumer.c
2025-11-10 17:00:50,898 - Knowledge - INFO - Found code-base-name: https://github.com/DarssiniRamesh/RBUS.git:main
2025-11-10 17:00:51,091 - Knowledge - INFO - Found code_base: <app.utils.kg_build.knowledge.KnowledgeCodeBase object at 0x7f95ddec9210>
2025-11-10 17:00:51,325 - Knowledge - INFO - Found code-base-name: https://github.com/DarssiniRamesh/RBUS.git:main
2025-11-10 17:00:51,504 - Knowledge - INFO - Found code_base: <app.utils.kg_build.knowledge.KnowledgeCodeBase object at 0x7f95ddec9210>
2025-11-10 17:00:51,690 - Knowledge - INFO - persist ingested knowledge for /app/data/T0015/222062/b1810jj/RBUS/test/core/sample_wildcard_server.c
2025-11-10 17:00:51,936 - Knowledge - INFO - [MONGODB_OP] Completed: persist, Collection: file_info, Duration: 84ms
2025-11-10 17:00:52,715 - Knowledge - INFO - [REDIS_OP] Completed: store_embedding, Key: test/core/sample_wildcard_server.c, Duration: 548ms
2025-11-10 17:00:52,879 - Knowledge - INFO - persist search terms embedding for test/core/sample_wildcard_server.c
2025-11-10 17:00:53,067 - Knowledge - INFO - process ingested knowledge for /app/data/T0015/222062/b1810jj/RBUS/test/core/sample_wildcard_server.c
2025-11-10 17:00:53,249 - Knowledge - INFO - Found code-base-name: https://github.com/DarssiniRamesh/RBUS.git:main
2025-11-10 17:00:53,458 - Knowledge - INFO - Found code_base: <app.utils.kg_build.knowledge.KnowledgeCodeBase object at 0x7f95ddec9210>
2025-11-10 17:00:53,716 - Knowledge - INFO - Found code-base-name: https://github.com/DarssiniRamesh/RBUS.git:main
2025-11-10 17:00:53,911 - Knowledge - INFO - Found code_base: <app.utils.kg_build.knowledge.KnowledgeCodeBase object at 0x7f95ddec9210>
2025-11-10 17:00:54,087 - Knowledge - INFO - persist ingested knowledge for /app/data/T0015/222062/b1810jj/RBUS/utils/dataProvider/data/Device.X_RDKCENTRAL-COM_Camera.LiveStream.EvoStream.VideoConfig.json
2025-11-10 17:00:54,395 - Knowledge - INFO - [MONGODB_OP] Completed: persist, Collection: file_info, Duration: 86ms
2025-11-10 17:00:54,847 - Knowledge - INFO - [REDIS_OP] Completed: store_embedding, Key: utils/dataProvider/data/Device.X_RDKCENTRAL-COM_Camera.LiveStream.EvoStream.VideoConfig.json, Duration: 277ms
2025-11-10 17:00:55,018 - Knowledge - INFO - persist search terms embedding for utils/dataProvider/data/Device.X_RDKCENTRAL-COM_Camera.LiveStream.EvoStream.VideoConfig.json
2025-11-10 17:00:55,229 - Knowledge - INFO - process ingested knowledge for /app/data/T0015/222062/b1810jj/RBUS/utils/dataProvider/data/Device.X_RDKCENTRAL-COM_Camera.LiveStream.EvoStream.VideoConfig.json
2025-11-10 17:00:55,434 - Knowledge - INFO - Found code-base-name: https://github.com/DarssiniRamesh/RBUS.git:main
2025-11-10 17:00:55,635 - Knowledge - INFO - Found code_base: <app.utils.kg_build.knowledge.KnowledgeCodeBase object at 0x7f95ddec9210>
2025-11-10 17:00:55,867 - Knowledge - INFO - Found code-base-name: https://github.com/DarssiniRamesh/RBUS.git:main
2025-11-10 17:00:56,046 - Knowledge - INFO - Found code_base: <app.utils.kg_build.knowledge.KnowledgeCodeBase object at 0x7f95ddec9210>
2025-11-10 17:00:56,220 - Knowledge - INFO - persist ingested knowledge for /app/data/T0015/222062/b1810jj/RBUS/utils/codegen/ccsp_style_generator/sampleapp/final/Sample_hal.h
2025-11-10 17:00:56,499 - Knowledge - INFO - [MONGODB_OP] Completed: persist, Collection: file_info, Duration: 86ms
2025-11-10 17:00:56,860 - Knowledge - INFO - [REDIS_OP] Completed: store_embedding, Key: utils/codegen/ccsp_style_generator/sampleapp/final/Sample_hal.h, Duration: 191ms
2025-11-10 17:00:57,042 - Knowledge - INFO - persist search terms embedding for utils/codegen/ccsp_style_generator/sampleapp/final/Sample_hal.h
2025-11-10 17:00:57,268 - Knowledge - INFO - process ingested knowledge for /app/data/T0015/222062/b1810jj/RBUS/utils/codegen/ccsp_style_generator/sampleapp/final/Sample_hal.h
2025-11-10 17:00:57,465 - Knowledge - INFO - Found code-base-name: https://github.com/DarssiniRamesh/RBUS.git:main
2025-11-10 17:00:57,638 - Knowledge - INFO - Found code_base: <app.utils.kg_build.knowledge.KnowledgeCodeBase object at 0x7f95ddec9210>
2025-11-10 17:00:57,904 - Knowledge - INFO - Found code-base-name: https://github.com/DarssiniRamesh/RBUS.git:main
2025-11-10 17:00:58,069 - Knowledge - INFO - Found code_base: <app.utils.kg_build.knowledge.KnowledgeCodeBase object at 0x7f95ddec9210>
2025-11-10 17:00:58,281 - Knowledge - INFO - persist ingested knowledge for /app/data/T0015/222062/b1810jj/RBUS/test/core/benchmark_test/rbus_test_util.c
2025-11-10 17:00:58,555 - Knowledge - INFO - [MONGODB_OP] Completed: persist, Collection: file_info, Duration: 92ms
2025-11-10 17:00:58,991 - Knowledge - INFO - [REDIS_OP] Completed: store_embedding, Key: test/core/benchmark_test/rbus_test_util.c, Duration: 258ms
2025-11-10 17:00:59,163 - Knowledge - INFO - persist search terms embedding for test/core/benchmark_test/rbus_test_util.c
2025-11-10 17:00:59,323 - Knowledge - INFO - process ingested knowledge for /app/data/T0015/222062/b1810jj/RBUS/test/core/benchmark_test/rbus_test_util.c
2025-11-10 17:00:59,494 - Knowledge - INFO - Found code-base-name: https://github.com/DarssiniRamesh/RBUS.git:main
2025-11-10 17:00:59,664 - Knowledge - INFO - Found code_base: <app.utils.kg_build.knowledge.KnowledgeCodeBase object at 0x7f95ddec9210>
2025-11-10 17:00:59,905 - Knowledge - INFO - Found code-base-name: https://github.com/DarssiniRamesh/RBUS.git:main
2025-11-10 17:01:00,071 - Knowledge - INFO - Found code_base: <app.utils.kg_build.knowledge.KnowledgeCodeBase object at 0x7f95ddec9210>
2025-11-10 17:01:00,268 - Knowledge - INFO - persist ingested knowledge for /app/data/T0015/222062/b1810jj/RBUS/sampleapps/rtmessage/sample_req.c
2025-11-10 17:01:00,562 - Knowledge - INFO - [MONGODB_OP] Completed: persist, Collection: file_info, Duration: 93ms
2025-11-10 17:01:01,083 - Knowledge - INFO - [REDIS_OP] Completed: store_embedding, Key: sampleapps/rtmessage/sample_req.c, Duration: 333ms
2025-11-10 17:01:01,248 - Knowledge - INFO - persist search terms embedding for sampleapps/rtmessage/sample_req.c
2025-11-10 17:01:01,431 - Knowledge - INFO - process ingested knowledge for /app/data/T0015/222062/b1810jj/RBUS/sampleapps/rtmessage/sample_req.c
2025-11-10 17:01:01,641 - Knowledge - INFO - Found code-base-name: https://github.com/DarssiniRamesh/RBUS.git:main
2025-11-10 17:01:01,816 - Knowledge - INFO - Found code_base: <app.utils.kg_build.knowledge.KnowledgeCodeBase object at 0x7f95ddec9210>
2025-11-10 17:01:02,078 - Knowledge - INFO - Found code-base-name: https://github.com/DarssiniRamesh/RBUS.git:main
2025-11-10 17:01:02,261 - Knowledge - INFO - Found code_base: <app.utils.kg_build.knowledge.KnowledgeCodeBase object at 0x7f95ddec9210>
2025-11-10 17:01:02,437 - Knowledge - INFO - persist ingested knowledge for /app/data/T0015/222062/b1810jj/RBUS/test/core/sample_event_client.c
2025-11-10 17:01:02,694 - Knowledge - INFO - [MONGODB_OP] Completed: persist, Collection: file_info, Duration: 84ms
2025-11-10 17:01:03,172 - Knowledge - INFO - [REDIS_OP] Completed: store_embedding, Key: test/core/sample_event_client.c, Duration: 282ms
2025-11-10 17:01:03,363 - Knowledge - INFO - persist search terms embedding for test/core/sample_event_client.c
2025-11-10 17:01:03,534 - Knowledge - INFO - process ingested knowledge for /app/data/T0015/222062/b1810jj/RBUS/test/core/sample_event_client.c
2025-11-10 17:01:03,713 - Knowledge - INFO - Found code-base-name: https://github.com/DarssiniRamesh/RBUS.git:main
2025-11-10 17:01:03,959 - Knowledge - INFO - Found code_base: <app.utils.kg_build.knowledge.KnowledgeCodeBase object at 0x7f95ddec9210>
2025-11-10 17:01:04,201 - Knowledge - INFO - Found code-base-name: https://github.com/DarssiniRamesh/RBUS.git:main
2025-11-10 17:01:04,370 - Knowledge - INFO - Found code_base: <app.utils.kg_build.knowledge.KnowledgeCodeBase object at 0x7f95ddec9210>
2025-11-10 17:01:04,568 - Knowledge - INFO - persist ingested knowledge for /app/data/T0015/222062/b1810jj/RBUS/utils/dataProvider/data/Device.WiFi.Router.json
2025-11-10 17:01:04,861 - Knowledge - INFO - [MONGODB_OP] Completed: persist, Collection: file_info, Duration: 89ms
2025-11-10 17:01:05,283 - Knowledge - INFO - [REDIS_OP] Completed: store_embedding, Key: utils/dataProvider/data/Device.WiFi.Router.json, Duration: 241ms
2025-11-10 17:01:05,458 - Knowledge - INFO - persist search terms embedding for utils/dataProvider/data/Device.WiFi.Router.json
2025-11-10 17:01:05,649 - Knowledge - INFO - process ingested knowledge for /app/data/T0015/222062/b1810jj/RBUS/utils/dataProvider/data/Device.WiFi.Router.json
2025-11-10 17:01:05,839 - Knowledge - INFO - Found code-base-name: https://github.com/DarssiniRamesh/RBUS.git:main
2025-11-10 17:01:06,060 - Knowledge - INFO - Found code_base: <app.utils.kg_build.knowledge.KnowledgeCodeBase object at 0x7f95ddec9210>
2025-11-10 17:01:06,338 - Knowledge - INFO - Found code-base-name: https://github.com/DarssiniRamesh/RBUS.git:main
2025-11-10 17:01:06,564 - Knowledge - INFO - Found code_base: <app.utils.kg_build.knowledge.KnowledgeCodeBase object at 0x7f95ddec9210>
2025-11-10 17:01:06,746 - Knowledge - INFO - persist ingested knowledge for /app/data/T0015/222062/b1810jj/RBUS/utils/dataProvider/data/Device.WiFi.EndPoint.json
2025-11-10 17:01:07,026 - Knowledge - INFO - [MONGODB_OP] Completed: persist, Collection: file_info, Duration: 94ms
2025-11-10 17:01:07,460 - Knowledge - INFO - [REDIS_OP] Completed: store_embedding, Key: utils/dataProvider/data/Device.WiFi.EndPoint.json, Duration: 228ms
2025-11-10 17:01:07,628 - Knowledge - INFO - persist search terms embedding for utils/dataProvider/data/Device.WiFi.EndPoint.json
2025-11-10 17:01:07,783 - Knowledge - INFO - process ingested knowledge for /app/data/T0015/222062/b1810jj/RBUS/utils/dataProvider/data/Device.WiFi.EndPoint.json
2025-11-10 17:01:07,969 - Knowledge - INFO - Found code-base-name: https://github.com/DarssiniRamesh/RBUS.git:main
2025-11-10 17:01:08,133 - Knowledge - INFO - Found code_base: <app.utils.kg_build.knowledge.KnowledgeCodeBase object at 0x7f95ddec9210>
2025-11-10 17:01:08,381 - Knowledge - INFO - Found code-base-name: https://github.com/DarssiniRamesh/RBUS.git:main
2025-11-10 17:01:08,554 - Knowledge - INFO - Found code_base: <app.utils.kg_build.knowledge.KnowledgeCodeBase object at 0x7f95ddec9210>
2025-11-10 17:01:08,763 - Knowledge - INFO - persist ingested knowledge for /app/data/T0015/222062/b1810jj/RBUS/sampleapps/provider/rbusValueChangeMultiProvider.c
2025-11-10 17:01:09,075 - Knowledge - INFO - [MONGODB_OP] Completed: persist, Collection: file_info, Duration: 82ms
2025-11-10 17:01:09,541 - Knowledge - INFO - [REDIS_OP] Completed: store_embedding, Key: sampleapps/provider/rbusValueChangeMultiProvider.c, Duration: 277ms
2025-11-10 17:01:09,744 - Knowledge - INFO - persist search terms embedding for sampleapps/provider/rbusValueChangeMultiProvider.c
2025-11-10 17:01:09,915 - Knowledge - INFO - process ingested knowledge for /app/data/T0015/222062/b1810jj/RBUS/sampleapps/provider/rbusValueChangeMultiProvider.c
2025-11-10 17:01:10,138 - Knowledge - INFO - Found code-base-name: https://github.com/DarssiniRamesh/RBUS.git:main
2025-11-10 17:01:10,336 - Knowledge - INFO - Found code_base: <app.utils.kg_build.knowledge.KnowledgeCodeBase object at 0x7f95ddec9210>
2025-11-10 17:01:10,596 - Knowledge - INFO - Found code-base-name: https://github.com/DarssiniRamesh/RBUS.git:main
2025-11-10 17:01:10,780 - Knowledge - INFO - Found code_base: <app.utils.kg_build.knowledge.KnowledgeCodeBase object at 0x7f95ddec9210>
2025-11-10 17:01:11,015 - Knowledge - INFO - persist ingested knowledge for /app/data/T0015/222062/b1810jj/RBUS/utils/codegen/ccsp_style_generator/sampleapp/Sample_dm.xml
2025-11-10 17:01:11,320 - Knowledge - INFO - [MONGODB_OP] Completed: persist, Collection: file_info, Duration: 86ms
2025-11-10 17:01:11,756 - Knowledge - INFO - [REDIS_OP] Completed: store_embedding, Key: utils/codegen/ccsp_style_generator/sampleapp/Sample_dm.xml, Duration: 248ms
2025-11-10 17:01:11,946 - Knowledge - INFO - persist search terms embedding for utils/codegen/ccsp_style_generator/sampleapp/Sample_dm.xml
2025-11-10 17:01:12,122 - Knowledge - INFO - process ingested knowledge for /app/data/T0015/222062/b1810jj/RBUS/utils/codegen/ccsp_style_generator/sampleapp/Sample_dm.xml
2025-11-10 17:01:12,298 - Knowledge - INFO - Found code-base-name: https://github.com/DarssiniRamesh/RBUS.git:main
2025-11-10 17:01:12,458 - Knowledge - INFO - Found code_base: <app.utils.kg_build.knowledge.KnowledgeCodeBase object at 0x7f95ddec9210>
2025-11-10 17:01:12,681 - Knowledge - INFO - Found code-base-name: https://github.com/DarssiniRamesh/RBUS.git:main
2025-11-10 17:01:12,860 - Knowledge - INFO - Found code_base: <app.utils.kg_build.knowledge.KnowledgeCodeBase object at 0x7f95ddec9210>
2025-11-10 17:01:13,060 - Knowledge - INFO - persist ingested knowledge for /app/data/T0015/222062/b1810jj/RBUS/test/rbus/consumer/subscribeEx.c
2025-11-10 17:01:13,304 - Knowledge - INFO - [MONGODB_OP] Completed: persist, Collection: file_info, Duration: 88ms
2025-11-10 17:01:13,661 - Knowledge - INFO - [REDIS_OP] Completed: store_embedding, Key: test/rbus/consumer/subscribeEx.c, Duration: 192ms
2025-11-10 17:01:13,838 - Knowledge - INFO - persist search terms embedding for test/rbus/consumer/subscribeEx.c
2025-11-10 17:01:14,017 - Knowledge - INFO - process ingested knowledge for /app/data/T0015/222062/b1810jj/RBUS/test/rbus/consumer/subscribeEx.c
2025-11-10 17:01:14,181 - Knowledge - INFO - Found code-base-name: https://github.com/DarssiniRamesh/RBUS.git:main
2025-11-10 17:01:14,361 - Knowledge - INFO - Found code_base: <app.utils.kg_build.knowledge.KnowledgeCodeBase object at 0x7f95ddec9210>
2025-11-10 17:01:14,592 - Knowledge - INFO - Found code-base-name: https://github.com/DarssiniRamesh/RBUS.git:main
2025-11-10 17:01:14,794 - Knowledge - INFO - Found code_base: <app.utils.kg_build.knowledge.KnowledgeCodeBase object at 0x7f95ddec9210>
2025-11-10 17:01:14,985 - Knowledge - INFO - persist ingested knowledge for /app/data/T0015/222062/b1810jj/RBUS/test/rbus/consumer/propertyAPI.c
2025-11-10 17:01:15,249 - Knowledge - INFO - [MONGODB_OP] Completed: persist, Collection: file_info, Duration: 81ms
2025-11-10 17:01:15,748 - Knowledge - INFO - [REDIS_OP] Completed: store_embedding, Key: test/rbus/consumer/propertyAPI.c, Duration: 302ms
2025-11-10 17:01:15,928 - Knowledge - INFO - persist search terms embedding for test/rbus/consumer/propertyAPI.c
2025-11-10 17:01:16,089 - Knowledge - INFO - process ingested knowledge for /app/data/T0015/222062/b1810jj/RBUS/test/rbus/consumer/propertyAPI.c
2025-11-10 17:01:16,304 - Knowledge - INFO - Found code-base-name: https://github.com/DarssiniRamesh/RBUS.git:main
2025-11-10 17:01:16,514 - Knowledge - INFO - Found code_base: <app.utils.kg_build.knowledge.KnowledgeCodeBase object at 0x7f95ddec9210>
2025-11-10 17:01:16,747 - Knowledge - INFO - Found code-base-name: https://github.com/DarssiniRamesh/RBUS.git:main
2025-11-10 17:01:16,917 - Knowledge - INFO - Found code_base: <app.utils.kg_build.knowledge.KnowledgeCodeBase object at 0x7f95ddec9210>
2025-11-10 17:01:17,090 - Knowledge - INFO - persist ingested knowledge for /app/data/T0015/222062/b1810jj/RBUS/utils/dataProvider/dmError.h
2025-11-10 17:01:17,345 - Knowledge - INFO - [MONGODB_OP] Completed: persist, Collection: file_info, Duration: 83ms
2025-11-10 17:01:17,853 - Knowledge - INFO - [REDIS_OP] Completed: store_embedding, Key: utils/dataProvider/dmError.h, Duration: 281ms
2025-11-10 17:01:18,025 - Knowledge - INFO - persist search terms embedding for utils/dataProvider/dmError.h
2025-11-10 17:01:18,204 - Knowledge - INFO - process ingested knowledge for /app/data/T0015/222062/b1810jj/RBUS/utils/dataProvider/dmError.h
2025-11-10 17:01:18,402 - Knowledge - INFO - Found code-base-name: https://github.com/DarssiniRamesh/RBUS.git:main
2025-11-10 17:01:18,576 - Knowledge - INFO - Found code_base: <app.utils.kg_build.knowledge.KnowledgeCodeBase object at 0x7f95ddec9210>
2025-11-10 17:01:18,803 - Knowledge - INFO - Found code-base-name: https://github.com/DarssiniRamesh/RBUS.git:main
2025-11-10 17:01:18,997 - Knowledge - INFO - Found code_base: <app.utils.kg_build.knowledge.KnowledgeCodeBase object at 0x7f95ddec9210>
2025-11-10 17:01:19,168 - Knowledge - INFO - persist ingested knowledge for /app/data/T0015/222062/b1810jj/RBUS/test/core/rbus_client_utility.c
2025-11-10 17:01:19,452 - Knowledge - INFO - [MONGODB_OP] Completed: persist, Collection: file_info, Duration: 82ms
2025-11-10 17:01:19,934 - Knowledge - INFO - [REDIS_OP] Completed: store_embedding, Key: test/core/rbus_client_utility.c, Duration: 281ms
2025-11-10 17:01:20,091 - Knowledge - INFO - persist search terms embedding for test/core/rbus_client_utility.c
2025-11-10 17:01:20,294 - Knowledge - INFO - process ingested knowledge for /app/data/T0015/222062/b1810jj/RBUS/test/core/rbus_client_utility.c
2025-11-10 17:01:20,472 - Knowledge - INFO - Found code-base-name: https://github.com/DarssiniRamesh/RBUS.git:main
2025-11-10 17:01:20,677 - Knowledge - INFO - Found code_base: <app.utils.kg_build.knowledge.KnowledgeCodeBase object at 0x7f95ddec9210>
2025-11-10 17:01:20,927 - Knowledge - INFO - Found code-base-name: https://github.com/DarssiniRamesh/RBUS.git:main
2025-11-10 17:01:21,156 - Knowledge - INFO - Found code_base: <app.utils.kg_build.knowledge.KnowledgeCodeBase object at 0x7f95ddec9210>
2025-11-10 17:01:21,312 - Knowledge - INFO - persist ingested knowledge for /app/data/T0015/222062/b1810jj/RBUS/src/core/rbuscore.c
2025-11-10 17:01:21,587 - Knowledge - INFO - [MONGODB_OP] Completed: persist, Collection: file_info, Duration: 97ms
2025-11-10 17:01:22,299 - Knowledge - INFO - [REDIS_OP] Completed: store_embedding, Key: src/core/rbuscore.c, Duration: 552ms
2025-11-10 17:01:22,492 - Knowledge - INFO - persist search terms embedding for src/core/rbuscore.c
2025-11-10 17:01:22,699 - Knowledge - INFO - process ingested knowledge for /app/data/T0015/222062/b1810jj/RBUS/src/core/rbuscore.c
2025-11-10 17:01:22,861 - Knowledge - INFO - Found code-base-name: https://github.com/DarssiniRamesh/RBUS.git:main
2025-11-10 17:01:23,064 - Knowledge - INFO - Found code_base: <app.utils.kg_build.knowledge.KnowledgeCodeBase object at 0x7f95ddec9210>
2025-11-10 17:01:23,327 - Knowledge - INFO - Found code-base-name: https://github.com/DarssiniRamesh/RBUS.git:main
2025-11-10 17:01:23,520 - Knowledge - INFO - Found code_base: <app.utils.kg_build.knowledge.KnowledgeCodeBase object at 0x7f95ddec9210>
2025-11-10 17:01:23,704 - Knowledge - INFO - persist ingested knowledge for /app/data/T0015/222062/b1810jj/RBUS/test/core/CMakeLists.txt
2025-11-10 17:01:23,995 - Knowledge - INFO - [MONGODB_OP] Completed: persist, Collection: file_info, Duration: 83ms
2025-11-10 17:01:24,357 - Knowledge - INFO - [REDIS_OP] Completed: store_embedding, Key: test/core/CMakeLists.txt, Duration: 196ms
2025-11-10 17:01:24,520 - Knowledge - INFO - persist search terms embedding for test/core/CMakeLists.txt
2025-11-10 17:01:24,678 - Knowledge - INFO - process ingested knowledge for /app/data/T0015/222062/b1810jj/RBUS/test/core/CMakeLists.txt
2025-11-10 17:01:24,865 - Knowledge - INFO - Found code-base-name: https://github.com/DarssiniRamesh/RBUS.git:main
2025-11-10 17:01:25,078 - Knowledge - INFO - Found code_base: <app.utils.kg_build.knowledge.KnowledgeCodeBase object at 0x7f95ddec9210>
2025-11-10 17:01:25,316 - Knowledge - INFO - Found code-base-name: https://github.com/DarssiniRamesh/RBUS.git:main
2025-11-10 17:01:25,484 - Knowledge - INFO - Found code_base: <app.utils.kg_build.knowledge.KnowledgeCodeBase object at 0x7f95ddec9210>
2025-11-10 17:01:25,642 - Knowledge - INFO - persist ingested knowledge for /app/data/T0015/222062/b1810jj/RBUS/test/rbus/common/testValueHelper.h
2025-11-10 17:01:25,900 - Knowledge - INFO - [MONGODB_OP] Completed: persist, Collection: file_info, Duration: 84ms
2025-11-10 17:01:26,304 - Knowledge - INFO - [REDIS_OP] Completed: store_embedding, Key: test/rbus/common/testValueHelper.h, Duration: 216ms
2025-11-10 17:01:26,494 - Knowledge - INFO - persist search terms embedding for test/rbus/common/testValueHelper.h
2025-11-10 17:01:26,650 - Knowledge - INFO - process ingested knowledge for /app/data/T0015/222062/b1810jj/RBUS/test/rbus/common/testValueHelper.h
2025-11-10 17:01:26,823 - Knowledge - INFO - Found code-base-name: https://github.com/DarssiniRamesh/RBUS.git:main
2025-11-10 17:01:26,983 - Knowledge - INFO - Found code_base: <app.utils.kg_build.knowledge.KnowledgeCodeBase object at 0x7f95ddec9210>
2025-11-10 17:01:27,214 - Knowledge - INFO - Found code-base-name: https://github.com/DarssiniRamesh/RBUS.git:main
2025-11-10 17:01:27,398 - Knowledge - INFO - Found code_base: <app.utils.kg_build.knowledge.KnowledgeCodeBase object at 0x7f95ddec9210>
2025-11-10 17:01:27,600 - Knowledge - INFO - persist ingested knowledge for /app/data/T0015/222062/b1810jj/RBUS/utils/dataProvider/data/Device.DeviceInfo.X_RDKCENTRAL-COM_xOpsDeviceMgmt.Logging.json
2025-11-10 17:01:27,857 - Knowledge - INFO - [MONGODB_OP] Completed: persist, Collection: file_info, Duration: 85ms
2025-11-10 17:01:28,280 - Knowledge - INFO - [REDIS_OP] Completed: store_embedding, Key: utils/dataProvider/data/Device.DeviceInfo.X_RDKCENTRAL-COM_xOpsDeviceMgmt.Logging.json, Duration: 232ms
2025-11-10 17:01:28,442 - Knowledge - INFO - persist search terms embedding for utils/dataProvider/data/Device.DeviceInfo.X_RDKCENTRAL-COM_xOpsDeviceMgmt.Logging.json
2025-11-10 17:01:28,672 - Knowledge - INFO - process ingested knowledge for /app/data/T0015/222062/b1810jj/RBUS/utils/dataProvider/data/Device.DeviceInfo.X_RDKCENTRAL-COM_xOpsDeviceMgmt.Logging.json
2025-11-10 17:01:28,860 - Knowledge - INFO - Found code-base-name: https://github.com/DarssiniRamesh/RBUS.git:main
2025-11-10 17:01:29,099 - Knowledge - INFO - Found code_base: <app.utils.kg_build.knowledge.KnowledgeCodeBase object at 0x7f95ddec9210>
2025-11-10 17:01:29,354 - Knowledge - INFO - Found code-base-name: https://github.com/DarssiniRamesh/RBUS.git:main
2025-11-10 17:01:29,524 - Knowledge - INFO - Found code_base: <app.utils.kg_build.knowledge.KnowledgeCodeBase object at 0x7f95ddec9210>
2025-11-10 17:01:29,717 - Knowledge - INFO - persist ingested knowledge for /app/data/T0015/222062/b1810jj/RBUS/utils/dataProvider/data/Device.DeviceInfo.ProcessStatus.Process.json
2025-11-10 17:01:30,013 - Knowledge - INFO - [MONGODB_OP] Completed: persist, Collection: file_info, Duration: 84ms
2025-11-10 17:01:30,449 - Knowledge - INFO - [REDIS_OP] Completed: store_embedding, Key: utils/dataProvider/data/Device.DeviceInfo.ProcessStatus.Process.json, Duration: 265ms
2025-11-10 17:01:30,610 - Knowledge - INFO - persist search terms embedding for utils/dataProvider/data/Device.DeviceInfo.ProcessStatus.Process.json
2025-11-10 17:01:30,787 - Knowledge - INFO - process ingested knowledge for /app/data/T0015/222062/b1810jj/RBUS/utils/dataProvider/data/Device.DeviceInfo.ProcessStatus.Process.json
2025-11-10 17:01:30,971 - Knowledge - INFO - Found code-base-name: https://github.com/DarssiniRamesh/RBUS.git:main
2025-11-10 17:01:31,144 - Knowledge - INFO - Found code_base: <app.utils.kg_build.knowledge.KnowledgeCodeBase object at 0x7f95ddec9210>
2025-11-10 17:01:31,394 - Knowledge - INFO - Found code-base-name: https://github.com/DarssiniRamesh/RBUS.git:main
2025-11-10 17:01:31,629 - Knowledge - INFO - Found code_base: <app.utils.kg_build.knowledge.KnowledgeCodeBase object at 0x7f95ddec9210>
2025-11-10 17:01:31,792 - Knowledge - INFO - persist ingested knowledge for /app/data/T0015/222062/b1810jj/RBUS/src/rbus/rbus_log.h
2025-11-10 17:01:32,032 - Knowledge - INFO - [MONGODB_OP] Completed: persist, Collection: file_info, Duration: 78ms
2025-11-10 17:01:32,453 - Knowledge - INFO - [REDIS_OP] Completed: store_embedding, Key: src/rbus/rbus_log.h, Duration: 213ms
2025-11-10 17:01:32,659 - Knowledge - INFO - persist search terms embedding for src/rbus/rbus_log.h
2025-11-10 17:01:32,858 - Knowledge - INFO - process ingested knowledge for /app/data/T0015/222062/b1810jj/RBUS/src/rbus/rbus_log.h
2025-11-10 17:01:33,029 - Knowledge - INFO - Found code-base-name: https://github.com/DarssiniRamesh/RBUS.git:main
2025-11-10 17:01:33,198 - Knowledge - INFO - Found code_base: <app.utils.kg_build.knowledge.KnowledgeCodeBase object at 0x7f95ddec9210>
2025-11-10 17:01:33,434 - Knowledge - INFO - Found code-base-name: https://github.com/DarssiniRamesh/RBUS.git:main
2025-11-10 17:01:33,662 - Knowledge - INFO - Found code_base: <app.utils.kg_build.knowledge.KnowledgeCodeBase object at 0x7f95ddec9210>
2025-11-10 17:01:33,816 - Knowledge - INFO - persist ingested knowledge for /app/data/T0015/222062/b1810jj/RBUS/test/rbus/common/runningParamHelper.c
2025-11-10 17:01:34,061 - Knowledge - INFO - [MONGODB_OP] Completed: persist, Collection: file_info, Duration: 82ms
2025-11-10 17:01:34,464 - Knowledge - INFO - [REDIS_OP] Completed: store_embedding, Key: test/rbus/common/runningParamHelper.c, Duration: 249ms
2025-11-10 17:01:34,635 - Knowledge - INFO - persist search terms embedding for test/rbus/common/runningParamHelper.c
2025-11-10 17:01:34,803 - Knowledge - INFO - process ingested knowledge for /app/data/T0015/222062/b1810jj/RBUS/test/rbus/common/runningParamHelper.c
2025-11-10 17:01:34,961 - Knowledge - INFO - Found code-base-name: https://github.com/DarssiniRamesh/RBUS.git:main
2025-11-10 17:01:35,131 - Knowledge - INFO - Found code_base: <app.utils.kg_build.knowledge.KnowledgeCodeBase object at 0x7f95ddec9210>
2025-11-10 17:01:35,355 - Knowledge - INFO - Found code-base-name: https://github.com/DarssiniRamesh/RBUS.git:main
2025-11-10 17:01:35,534 - Knowledge - INFO - Found code_base: <app.utils.kg_build.knowledge.KnowledgeCodeBase object at 0x7f95ddec9210>
2025-11-10 17:01:35,682 - Knowledge - INFO - persist ingested knowledge for /app/data/T0015/222062/b1810jj/RBUS/utils/dataProvider/data/Device.X_RDKCENTRAL-COM_Camera.Thumbnail.Upload.json
2025-11-10 17:01:35,934 - Knowledge - INFO - [MONGODB_OP] Completed: persist, Collection: file_info, Duration: 90ms
2025-11-10 17:01:36,354 - Knowledge - INFO - [REDIS_OP] Completed: store_embedding, Key: utils/dataProvider/data/Device.X_RDKCENTRAL-COM_Camera.Thumbnail.Upload.json, Duration: 220ms
2025-11-10 17:01:36,517 - Knowledge - INFO - persist search terms embedding for utils/dataProvider/data/Device.X_RDKCENTRAL-COM_Camera.Thumbnail.Upload.json
2025-11-10 17:01:36,700 - Knowledge - INFO - process ingested knowledge for /app/data/T0015/222062/b1810jj/RBUS/utils/dataProvider/data/Device.X_RDKCENTRAL-COM_Camera.Thumbnail.Upload.json
2025-11-10 17:01:36,904 - Knowledge - INFO - Found code-base-name: https://github.com/DarssiniRamesh/RBUS.git:main
2025-11-10 17:01:37,095 - Knowledge - INFO - Found code_base: <app.utils.kg_build.knowledge.KnowledgeCodeBase object at 0x7f95ddec9210>
2025-11-10 17:01:37,326 - Knowledge - INFO - Found code-base-name: https://github.com/DarssiniRamesh/RBUS.git:main
2025-11-10 17:01:37,523 - Knowledge - INFO - Found code_base: <app.utils.kg_build.knowledge.KnowledgeCodeBase object at 0x7f95ddec9210>
2025-11-10 17:01:37,751 - Knowledge - INFO - persist ingested knowledge for /app/data/T0015/222062/b1810jj/RBUS/src/CMakeLists.txt
2025-11-10 17:01:38,033 - Knowledge - INFO - [MONGODB_OP] Completed: persist, Collection: file_info, Duration: 79ms
2025-11-10 17:01:38,415 - Knowledge - INFO - [REDIS_OP] Completed: store_embedding, Key: src/CMakeLists.txt, Duration: 227ms
2025-11-10 17:01:38,574 - Knowledge - INFO - persist search terms embedding for src/CMakeLists.txt
2025-11-10 17:01:38,757 - Knowledge - INFO - process ingested knowledge for /app/data/T0015/222062/b1810jj/RBUS/src/CMakeLists.txt
2025-11-10 17:01:38,962 - Knowledge - INFO - Found code-base-name: https://github.com/DarssiniRamesh/RBUS.git:main
2025-11-10 17:01:39,123 - Knowledge - INFO - Found code_base: <app.utils.kg_build.knowledge.KnowledgeCodeBase object at 0x7f95ddec9210>
2025-11-10 17:01:39,355 - Knowledge - INFO - Found code-base-name: https://github.com/DarssiniRamesh/RBUS.git:main
2025-11-10 17:01:39,530 - Knowledge - INFO - Found code_base: <app.utils.kg_build.knowledge.KnowledgeCodeBase object at 0x7f95ddec9210>
2025-11-10 17:01:39,708 - Knowledge - INFO - persist ingested knowledge for /app/data/T0015/222062/b1810jj/RBUS/src/rtmessage/local_benchmarking.c
2025-11-10 17:01:40,001 - Knowledge - INFO - [MONGODB_OP] Completed: persist, Collection: file_info, Duration: 83ms
2025-11-10 17:01:40,533 - Knowledge - INFO - [REDIS_OP] Completed: store_embedding, Key: src/rtmessage/local_benchmarking.c, Duration: 237ms
2025-11-10 17:01:40,704 - Knowledge - INFO - persist search terms embedding for src/rtmessage/local_benchmarking.c
2025-11-10 17:01:40,880 - Knowledge - INFO - process ingested knowledge for /app/data/T0015/222062/b1810jj/RBUS/src/rtmessage/local_benchmarking.c
2025-11-10 17:01:41,082 - Knowledge - INFO - Found code-base-name: https://github.com/DarssiniRamesh/RBUS.git:main
2025-11-10 17:01:41,249 - Knowledge - INFO - Found code_base: <app.utils.kg_build.knowledge.KnowledgeCodeBase object at 0x7f95ddec9210>
2025-11-10 17:01:41,482 - Knowledge - INFO - Found code-base-name: https://github.com/DarssiniRamesh/RBUS.git:main
2025-11-10 17:01:41,651 - Knowledge - INFO - Found code_base: <app.utils.kg_build.knowledge.KnowledgeCodeBase object at 0x7f95ddec9210>
2025-11-10 17:01:41,828 - Knowledge - INFO - persist ingested knowledge for /app/data/T0015/222062/b1810jj/RBUS/utils/dataProvider/dmProviderInfo.cpp
2025-11-10 17:01:42,112 - Knowledge - INFO - [MONGODB_OP] Completed: persist, Collection: file_info, Duration: 80ms
2025-11-10 17:01:42,636 - Knowledge - INFO - [REDIS_OP] Completed: store_embedding, Key: utils/dataProvider/dmProviderInfo.cpp, Duration: 337ms
2025-11-10 17:01:42,802 - Knowledge - INFO - persist search terms embedding for utils/dataProvider/dmProviderInfo.cpp
2025-11-10 17:01:42,986 - Knowledge - INFO - process ingested knowledge for /app/data/T0015/222062/b1810jj/RBUS/utils/dataProvider/dmProviderInfo.cpp
2025-11-10 17:01:43,169 - Knowledge - INFO - Found code-base-name: https://github.com/DarssiniRamesh/RBUS.git:main
2025-11-10 17:01:43,344 - Knowledge - INFO - Found code_base: <app.utils.kg_build.knowledge.KnowledgeCodeBase object at 0x7f95ddec9210>
2025-11-10 17:01:43,604 - Knowledge - INFO - Found code-base-name: https://github.com/DarssiniRamesh/RBUS.git:main
2025-11-10 17:01:43,774 - Knowledge - INFO - Found code_base: <app.utils.kg_build.knowledge.KnowledgeCodeBase object at 0x7f95ddec9210>
2025-11-10 17:01:43,932 - Knowledge - INFO - persist ingested knowledge for /app/data/T0015/222062/b1810jj/RBUS/README.md
2025-11-10 17:01:44,219 - Knowledge - INFO - [MONGODB_OP] Completed: persist, Collection: file_info, Duration: 86ms
2025-11-10 17:01:44,719 - Knowledge - INFO - [REDIS_OP] Completed: store_embedding, Key: README.md, Duration: 291ms
2025-11-10 17:01:44,877 - Knowledge - INFO - persist search terms embedding for README.md
2025-11-10 17:01:45,087 - Knowledge - INFO - process ingested knowledge for /app/data/T0015/222062/b1810jj/RBUS/README.md
2025-11-10 17:01:45,255 - Knowledge - INFO - Found code-base-name: https://github.com/DarssiniRamesh/RBUS.git:main
2025-11-10 17:01:45,431 - Knowledge - INFO - Found code_base: <app.utils.kg_build.knowledge.KnowledgeCodeBase object at 0x7f95ddec9210>
2025-11-10 17:01:45,708 - Knowledge - INFO - Found code-base-name: https://github.com/DarssiniRamesh/RBUS.git:main
2025-11-10 17:01:45,868 - Knowledge - INFO - Found code_base: <app.utils.kg_build.knowledge.KnowledgeCodeBase object at 0x7f95ddec9210>
2025-11-10 17:01:46,038 - Knowledge - INFO - persist ingested knowledge for /app/data/T0015/222062/b1810jj/RBUS/utils/dataProvider/data/Device.json
2025-11-10 17:01:46,330 - Knowledge - INFO - [MONGODB_OP] Completed: persist, Collection: file_info, Duration: 86ms
2025-11-10 17:01:46,748 - Knowledge - INFO - [REDIS_OP] Completed: store_embedding, Key: utils/dataProvider/data/Device.json, Duration: 239ms
2025-11-10 17:01:46,918 - Knowledge - INFO - persist search terms embedding for utils/dataProvider/data/Device.json
2025-11-10 17:01:47,071 - Knowledge - INFO - process ingested knowledge for /app/data/T0015/222062/b1810jj/RBUS/utils/dataProvider/data/Device.json
2025-11-10 17:01:47,269 - Knowledge - INFO - Found code-base-name: https://github.com/DarssiniRamesh/RBUS.git:main
2025-11-10 17:01:47,458 - Knowledge - INFO - Found code_base: <app.utils.kg_build.knowledge.KnowledgeCodeBase object at 0x7f95ddec9210>
2025-11-10 17:01:47,754 - Knowledge - INFO - Found code-base-name: https://github.com/DarssiniRamesh/RBUS.git:main
2025-11-10 17:01:47,928 - Knowledge - INFO - Found code_base: <app.utils.kg_build.knowledge.KnowledgeCodeBase object at 0x7f95ddec9210>
2025-11-10 17:01:48,136 - Knowledge - INFO - persist ingested knowledge for /app/data/T0015/222062/b1810jj/RBUS/src/core/CMakeLists.txt
2025-11-10 17:01:48,374 - Knowledge - INFO - [MONGODB_OP] Completed: persist, Collection: file_info, Duration: 78ms
2025-11-10 17:01:48,714 - Knowledge - INFO - [REDIS_OP] Completed: store_embedding, Key: src/core/CMakeLists.txt, Duration: 164ms
2025-11-10 17:01:48,927 - Knowledge - INFO - persist search terms embedding for src/core/CMakeLists.txt
2025-11-10 17:01:49,126 - Knowledge - INFO - process ingested knowledge for /app/data/T0015/222062/b1810jj/RBUS/src/core/CMakeLists.txt
2025-11-10 17:01:49,299 - Knowledge - INFO - Found code-base-name: https://github.com/DarssiniRamesh/RBUS.git:main
2025-11-10 17:01:49,467 - Knowledge - INFO - Found code_base: <app.utils.kg_build.knowledge.KnowledgeCodeBase object at 0x7f95ddec9210>
2025-11-10 17:01:49,708 - Knowledge - INFO - Found code-base-name: https://github.com/DarssiniRamesh/RBUS.git:main
2025-11-10 17:01:49,870 - Knowledge - INFO - Found code_base: <app.utils.kg_build.knowledge.KnowledgeCodeBase object at 0x7f95ddec9210>
2025-11-10 17:01:50,038 - Knowledge - INFO - persist ingested knowledge for /app/data/T0015/222062/b1810jj/RBUS/utils/dataProvider/data/Device.X_RDKCENTRAL-COM_Camera.XW.json
2025-11-10 17:01:50,306 - Knowledge - INFO - [MONGODB_OP] Completed: persist, Collection: file_info, Duration: 89ms
2025-11-10 17:01:50,715 - Knowledge - INFO - [REDIS_OP] Completed: store_embedding, Key: utils/dataProvider/data/Device.X_RDKCENTRAL-COM_Camera.XW.json, Duration: 239ms
2025-11-10 17:01:50,918 - Knowledge - INFO - persist search terms embedding for utils/dataProvider/data/Device.X_RDKCENTRAL-COM_Camera.XW.json
2025-11-10 17:01:51,079 - Knowledge - INFO - process ingested knowledge for /app/data/T0015/222062/b1810jj/RBUS/utils/dataProvider/data/Device.X_RDKCENTRAL-COM_Camera.XW.json
2025-11-10 17:01:51,310 - Knowledge - INFO - Found code-base-name: https://github.com/DarssiniRamesh/RBUS.git:main
2025-11-10 17:01:51,483 - Knowledge - INFO - Found code_base: <app.utils.kg_build.knowledge.KnowledgeCodeBase object at 0x7f95ddec9210>
2025-11-10 17:01:51,717 - Knowledge - INFO - Found code-base-name: https://github.com/DarssiniRamesh/RBUS.git:main
2025-11-10 17:01:51,871 - Knowledge - INFO - Found code_base: <app.utils.kg_build.knowledge.KnowledgeCodeBase object at 0x7f95ddec9210>
2025-11-10 17:01:52,058 - Knowledge - INFO - persist ingested knowledge for /app/data/T0015/222062/b1810jj/RBUS/test/rbus/consumer/valueAPI.c
2025-11-10 17:01:52,302 - Knowledge - INFO - [MONGODB_OP] Completed: persist, Collection: file_info, Duration: 78ms
2025-11-10 17:01:52,759 - Knowledge - INFO - [REDIS_OP] Completed: store_embedding, Key: test/rbus/consumer/valueAPI.c, Duration: 237ms
2025-11-10 17:01:52,999 - Knowledge - INFO - persist search terms embedding for test/rbus/consumer/valueAPI.c
2025-11-10 17:01:53,169 - Knowledge - INFO - process ingested knowledge for /app/data/T0015/222062/b1810jj/RBUS/test/rbus/consumer/valueAPI.c
2025-11-10 17:01:53,375 - Knowledge - INFO - Found code-base-name: https://github.com/DarssiniRamesh/RBUS.git:main
2025-11-10 17:01:53,525 - Knowledge - INFO - Found code_base: <app.utils.kg_build.knowledge.KnowledgeCodeBase object at 0x7f95ddec9210>
2025-11-10 17:01:53,749 - Knowledge - INFO - Found code-base-name: https://github.com/DarssiniRamesh/RBUS.git:main
2025-11-10 17:01:53,936 - Knowledge - INFO - Found code_base: <app.utils.kg_build.knowledge.KnowledgeCodeBase object at 0x7f95ddec9210>
2025-11-10 17:01:54,103 - Knowledge - INFO - persist ingested knowledge for /app/data/T0015/222062/b1810jj/RBUS/cmake/FindcJSON.cmake
2025-11-10 17:01:54,359 - Knowledge - INFO - [MONGODB_OP] Completed: persist, Collection: file_info, Duration: 81ms
2025-11-10 17:01:54,801 - Knowledge - INFO - [REDIS_OP] Completed: store_embedding, Key: cmake/FindcJSON.cmake, Duration: 272ms
2025-11-10 17:01:54,981 - Knowledge - INFO - persist search terms embedding for cmake/FindcJSON.cmake
2025-11-10 17:01:55,198 - Knowledge - INFO - process ingested knowledge for /app/data/T0015/222062/b1810jj/RBUS/cmake/FindcJSON.cmake
2025-11-10 17:01:55,400 - Knowledge - INFO - Found code-base-name: https://github.com/DarssiniRamesh/RBUS.git:main
2025-11-10 17:01:55,566 - Knowledge - INFO - Found code_base: <app.utils.kg_build.knowledge.KnowledgeCodeBase object at 0x7f95ddec9210>
2025-11-10 17:01:55,798 - Knowledge - INFO - Found code-base-name: https://github.com/DarssiniRamesh/RBUS.git:main
2025-11-10 17:01:55,960 - Knowledge - INFO - Found code_base: <app.utils.kg_build.knowledge.KnowledgeCodeBase object at 0x7f95ddec9210>
2025-11-10 17:01:56,156 - Knowledge - INFO - persist ingested knowledge for /app/data/T0015/222062/b1810jj/RBUS/utils/dataProvider/data/Device.DeviceInfo.X_RDKCENTRAL-COM_RFC.Feature.AccountInfo.json
2025-11-10 17:01:56,446 - Knowledge - INFO - [MONGODB_OP] Completed: persist, Collection: file_info, Duration: 84ms
2025-11-10 17:01:56,852 - Knowledge - INFO - [REDIS_OP] Completed: store_embedding, Key: utils/dataProvider/data/Device.DeviceInfo.X_RDKCENTRAL-COM_RFC.Feature.AccountInfo.json, Duration: 252ms
2025-11-10 17:01:57,067 - Knowledge - INFO - persist search terms embedding for utils/dataProvider/data/Device.DeviceInfo.X_RDKCENTRAL-COM_RFC.Feature.AccountInfo.json
2025-11-10 17:01:57,242 - Knowledge - INFO - process ingested knowledge for /app/data/T0015/222062/b1810jj/RBUS/utils/dataProvider/data/Device.DeviceInfo.X_RDKCENTRAL-COM_RFC.Feature.AccountInfo.json
2025-11-10 17:01:57,421 - Knowledge - INFO - Found code-base-name: https://github.com/DarssiniRamesh/RBUS.git:main
2025-11-10 17:01:57,591 - Knowledge - INFO - Found code_base: <app.utils.kg_build.knowledge.KnowledgeCodeBase object at 0x7f95ddec9210>
2025-11-10 17:01:57,838 - Knowledge - INFO - Found code-base-name: https://github.com/DarssiniRamesh/RBUS.git:main
2025-11-10 17:01:58,007 - Knowledge - INFO - Found code_base: <app.utils.kg_build.knowledge.KnowledgeCodeBase object at 0x7f95ddec9210>
2025-11-10 17:01:58,184 - Knowledge - INFO - persist ingested knowledge for /app/data/T0015/222062/b1810jj/RBUS/test/rbus/consumer/rbusRecoveryConsumer.c
2025-11-10 17:01:58,501 - Knowledge - INFO - [MONGODB_OP] Completed: persist, Collection: file_info, Duration: 83ms
2025-11-10 17:01:59,103 - Knowledge - INFO - [REDIS_OP] Completed: store_embedding, Key: test/rbus/consumer/rbusRecoveryConsumer.c, Duration: 431ms
2025-11-10 17:01:59,276 - Knowledge - INFO - persist search terms embedding for test/rbus/consumer/rbusRecoveryConsumer.c
2025-11-10 17:01:59,444 - Knowledge - INFO - process ingested knowledge for /app/data/T0015/222062/b1810jj/RBUS/test/rbus/consumer/rbusRecoveryConsumer.c
2025-11-10 17:01:59,609 - Knowledge - INFO - Found code-base-name: https://github.com/DarssiniRamesh/RBUS.git:main
2025-11-10 17:01:59,788 - Knowledge - INFO - Found code_base: <app.utils.kg_build.knowledge.KnowledgeCodeBase object at 0x7f95ddec9210>
2025-11-10 17:02:00,035 - Knowledge - INFO - Found code-base-name: https://github.com/DarssiniRamesh/RBUS.git:main
2025-11-10 17:02:00,235 - Knowledge - INFO - Found code_base: <app.utils.kg_build.knowledge.KnowledgeCodeBase object at 0x7f95ddec9210>
2025-11-10 17:02:00,395 - Knowledge - INFO - persist ingested knowledge for /app/data/T0015/222062/b1810jj/RBUS/src/rtmessage/rtEncoder.h
2025-11-10 17:02:00,658 - Knowledge - INFO - [MONGODB_OP] Completed: persist, Collection: file_info, Duration: 89ms
2025-11-10 17:02:01,081 - Knowledge - INFO - [REDIS_OP] Completed: store_embedding, Key: src/rtmessage/rtEncoder.h, Duration: 244ms
2025-11-10 17:02:01,228 - Knowledge - INFO - persist search terms embedding for src/rtmessage/rtEncoder.h
2025-11-10 17:02:01,570 - Knowledge - INFO - process ingested knowledge for /app/data/T0015/222062/b1810jj/RBUS/src/rtmessage/rtEncoder.h
2025-11-10 17:02:01,739 - Knowledge - INFO - Found code-base-name: https://github.com/DarssiniRamesh/RBUS.git:main
2025-11-10 17:02:01,951 - Knowledge - INFO - Found code_base: <app.utils.kg_build.knowledge.KnowledgeCodeBase object at 0x7f95ddec9210>
2025-11-10 17:02:02,228 - Knowledge - INFO - Found code-base-name: https://github.com/DarssiniRamesh/RBUS.git:main
2025-11-10 17:02:02,400 - Knowledge - INFO - Found code_base: <app.utils.kg_build.knowledge.KnowledgeCodeBase object at 0x7f95ddec9210>
2025-11-10 17:02:02,605 - Knowledge - INFO - persist ingested knowledge for /app/data/T0015/222062/b1810jj/RBUS/utils/dataProvider/data/Device.X_RDKCENTRAL-COM_Camera.Stream.Zoom.json
2025-11-10 17:02:02,876 - Knowledge - INFO - [MONGODB_OP] Completed: persist, Collection: file_info, Duration: 85ms
2025-11-10 17:02:03,336 - Knowledge - INFO - [REDIS_OP] Completed: store_embedding, Key: utils/dataProvider/data/Device.X_RDKCENTRAL-COM_Camera.Stream.Zoom.json, Duration: 290ms
2025-11-10 17:02:03,532 - Knowledge - INFO - persist search terms embedding for utils/dataProvider/data/Device.X_RDKCENTRAL-COM_Camera.Stream.Zoom.json
2025-11-10 17:02:03,699 - Knowledge - INFO - process ingested knowledge for /app/data/T0015/222062/b1810jj/RBUS/utils/dataProvider/data/Device.X_RDKCENTRAL-COM_Camera.Stream.Zoom.json
2025-11-10 17:02:03,864 - Knowledge - INFO - Found code-base-name: https://github.com/DarssiniRamesh/RBUS.git:main
2025-11-10 17:02:04,074 - Knowledge - INFO - Found code_base: <app.utils.kg_build.knowledge.KnowledgeCodeBase object at 0x7f95ddec9210>
2025-11-10 17:02:04,373 - Knowledge - INFO - Found code-base-name: https://github.com/DarssiniRamesh/RBUS.git:main
2025-11-10 17:02:04,558 - Knowledge - INFO - Found code_base: <app.utils.kg_build.knowledge.KnowledgeCodeBase object at 0x7f95ddec9210>
2025-11-10 17:02:04,740 - Knowledge - INFO - persist ingested knowledge for /app/data/T0015/222062/b1810jj/RBUS/utils/dataProvider/data/Device.WiFi.X_RDKCENTRAL-COM_Camera.json
2025-11-10 17:02:05,017 - Knowledge - INFO - [MONGODB_OP] Completed: persist, Collection: file_info, Duration: 91ms
2025-11-10 17:02:05,521 - Knowledge - INFO - [REDIS_OP] Completed: store_embedding, Key: utils/dataProvider/data/Device.WiFi.X_RDKCENTRAL-COM_Camera.json, Duration: 340ms
2025-11-10 17:02:05,689 - Knowledge - INFO - persist search terms embedding for utils/dataProvider/data/Device.WiFi.X_RDKCENTRAL-COM_Camera.json
2025-11-10 17:02:05,858 - Knowledge - INFO - process ingested knowledge for /app/data/T0015/222062/b1810jj/RBUS/utils/dataProvider/data/Device.WiFi.X_RDKCENTRAL-COM_Camera.json
2025-11-10 17:02:06,023 - Knowledge - INFO - Found code-base-name: https://github.com/DarssiniRamesh/RBUS.git:main
2025-11-10 17:02:06,203 - Knowledge - INFO - Found code_base: <app.utils.kg_build.knowledge.KnowledgeCodeBase object at 0x7f95ddec9210>
2025-11-10 17:02:06,435 - Knowledge - INFO - Found code-base-name: https://github.com/DarssiniRamesh/RBUS.git:main
2025-11-10 17:02:06,639 - Knowledge - INFO - Found code_base: <app.utils.kg_build.knowledge.KnowledgeCodeBase object at 0x7f95ddec9210>
2025-11-10 17:02:06,881 - Knowledge - INFO - persist ingested knowledge for /app/data/T0015/222062/b1810jj/RBUS/src/rbus/rbus_intervalsubscription.h
2025-11-10 17:02:07,222 - Knowledge - INFO - [MONGODB_OP] Completed: persist, Collection: file_info, Duration: 97ms
2025-11-10 17:02:07,706 - Knowledge - INFO - [REDIS_OP] Completed: store_embedding, Key: src/rbus/rbus_intervalsubscription.h, Duration: 307ms
2025-11-10 17:02:07,910 - Knowledge - INFO - persist search terms embedding for src/rbus/rbus_intervalsubscription.h
2025-11-10 17:02:08,091 - Knowledge - INFO - process ingested knowledge for /app/data/T0015/222062/b1810jj/RBUS/src/rbus/rbus_intervalsubscription.h
2025-11-10 17:02:08,263 - Knowledge - INFO - Found code-base-name: https://github.com/DarssiniRamesh/RBUS.git:main
2025-11-10 17:02:08,432 - Knowledge - INFO - Found code_base: <app.utils.kg_build.knowledge.KnowledgeCodeBase object at 0x7f95ddec9210>
2025-11-10 17:02:08,663 - Knowledge - INFO - Found code-base-name: https://github.com/DarssiniRamesh/RBUS.git:main
2025-11-10 17:02:08,866 - Knowledge - INFO - Found code_base: <app.utils.kg_build.knowledge.KnowledgeCodeBase object at 0x7f95ddec9210>
2025-11-10 17:02:09,041 - Knowledge - INFO - persist ingested knowledge for /app/data/T0015/222062/b1810jj/RBUS/utils/dataProvider/data/Device.DeviceInfo.X_RDKCENTRAL-COM_xOpsDeviceMgmt.RPC.Feature.json
2025-11-10 17:02:09,330 - Knowledge - INFO - [MONGODB_OP] Completed: persist, Collection: file_info, Duration: 88ms
2025-11-10 17:02:09,799 - Knowledge - INFO - [REDIS_OP] Completed: store_embedding, Key: utils/dataProvider/data/Device.DeviceInfo.X_RDKCENTRAL-COM_xOpsDeviceMgmt.RPC.Feature.json, Duration: 290ms
2025-11-10 17:02:09,985 - Knowledge - INFO - persist search terms embedding for utils/dataProvider/data/Device.DeviceInfo.X_RDKCENTRAL-COM_xOpsDeviceMgmt.RPC.Feature.json
2025-11-10 17:02:10,170 - Knowledge - INFO - process ingested knowledge for /app/data/T0015/222062/b1810jj/RBUS/utils/dataProvider/data/Device.DeviceInfo.X_RDKCENTRAL-COM_xOpsDeviceMgmt.RPC.Feature.json
2025-11-10 17:02:10,348 - Knowledge - INFO - Found code-base-name: https://github.com/DarssiniRamesh/RBUS.git:main
2025-11-10 17:02:10,528 - Knowledge - INFO - Found code_base: <app.utils.kg_build.knowledge.KnowledgeCodeBase object at 0x7f95ddec9210>
2025-11-10 17:02:10,764 - Knowledge - INFO - Found code-base-name: https://github.com/DarssiniRamesh/RBUS.git:main
2025-11-10 17:02:10,938 - Knowledge - INFO - Found code_base: <app.utils.kg_build.knowledge.KnowledgeCodeBase object at 0x7f95ddec9210>
2025-11-10 17:02:11,144 - Knowledge - INFO - persist ingested knowledge for /app/data/T0015/222062/b1810jj/RBUS/sampleapps/rtmessage/CMakeLists.txt
2025-11-10 17:02:11,401 - Knowledge - INFO - [MONGODB_OP] Completed: persist, Collection: file_info, Duration: 83ms
2025-11-10 17:02:11,975 - Knowledge - INFO - [REDIS_OP] Completed: store_embedding, Key: sampleapps/rtmessage/CMakeLists.txt, Duration: 417ms
2025-11-10 17:02:12,147 - Knowledge - INFO - persist search terms embedding for sampleapps/rtmessage/CMakeLists.txt
2025-11-10 17:02:12,309 - Knowledge - INFO - process ingested knowledge for /app/data/T0015/222062/b1810jj/RBUS/sampleapps/rtmessage/CMakeLists.txt
2025-11-10 17:02:12,475 - Knowledge - INFO - Found code-base-name: https://github.com/DarssiniRamesh/RBUS.git:main
2025-11-10 17:02:12,644 - Knowledge - INFO - Found code_base: <app.utils.kg_build.knowledge.KnowledgeCodeBase object at 0x7f95ddec9210>
2025-11-10 17:02:12,924 - Knowledge - INFO - Found code-base-name: https://github.com/DarssiniRamesh/RBUS.git:main
2025-11-10 17:02:13,128 - Knowledge - INFO - Found code_base: <app.utils.kg_build.knowledge.KnowledgeCodeBase object at 0x7f95ddec9210>
2025-11-10 17:02:13,311 - Knowledge - INFO - persist ingested knowledge for /app/data/T0015/222062/b1810jj/RBUS/test/CMakeLists.txt
2025-11-10 17:02:13,571 - Knowledge - INFO - [MONGODB_OP] Completed: persist, Collection: file_info, Duration: 90ms
2025-11-10 17:02:13,948 - Knowledge - INFO - [REDIS_OP] Completed: store_embedding, Key: test/CMakeLists.txt, Duration: 217ms
2025-11-10 17:02:14,144 - Knowledge - INFO - persist search terms embedding for test/CMakeLists.txt
2025-11-10 17:02:14,343 - Knowledge - INFO - process ingested knowledge for /app/data/T0015/222062/b1810jj/RBUS/test/CMakeLists.txt
2025-11-10 17:02:14,541 - Knowledge - INFO - Found code-base-name: https://github.com/DarssiniRamesh/RBUS.git:main
2025-11-10 17:02:14,710 - Knowledge - INFO - Found code_base: <app.utils.kg_build.knowledge.KnowledgeCodeBase object at 0x7f95ddec9210>
2025-11-10 17:02:14,935 - Knowledge - INFO - Found code-base-name: https://github.com/DarssiniRamesh/RBUS.git:main
2025-11-10 17:02:15,115 - Knowledge - INFO - Found code_base: <app.utils.kg_build.knowledge.KnowledgeCodeBase object at 0x7f95ddec9210>
2025-11-10 17:02:15,316 - Knowledge - INFO - persist ingested knowledge for /app/data/T0015/222062/b1810jj/RBUS/utils/codegen/ccsp_style_generator/sampleapp/build.sh
2025-11-10 17:02:15,663 - Knowledge - INFO - [MONGODB_OP] Completed: persist, Collection: file_info, Duration: 93ms
2025-11-10 17:02:16,161 - Knowledge - INFO - [REDIS_OP] Completed: store_embedding, Key: utils/codegen/ccsp_style_generator/sampleapp/build.sh, Duration: 314ms
2025-11-10 17:02:16,328 - Knowledge - INFO - persist search terms embedding for utils/codegen/ccsp_style_generator/sampleapp/build.sh
2025-11-10 17:02:16,507 - Knowledge - INFO - process ingested knowledge for /app/data/T0015/222062/b1810jj/RBUS/utils/codegen/ccsp_style_generator/sampleapp/build.sh
2025-11-10 17:02:16,692 - Knowledge - INFO - Found code-base-name: https://github.com/DarssiniRamesh/RBUS.git:main
2025-11-10 17:02:16,857 - Knowledge - INFO - Found code_base: <app.utils.kg_build.knowledge.KnowledgeCodeBase object at 0x7f95ddec9210>
2025-11-10 17:02:17,086 - Knowledge - INFO - Found code-base-name: https://github.com/DarssiniRamesh/RBUS.git:main
2025-11-10 17:02:17,250 - Knowledge - INFO - Found code_base: <app.utils.kg_build.knowledge.KnowledgeCodeBase object at 0x7f95ddec9210>
2025-11-10 17:02:17,414 - Knowledge - INFO - persist ingested knowledge for /app/data/T0015/222062/b1810jj/RBUS/src/rbus/rbus_asyncsubscribe.h
2025-11-10 17:02:17,672 - Knowledge - INFO - [MONGODB_OP] Completed: persist, Collection: file_info, Duration: 77ms
2025-11-10 17:02:18,170 - Knowledge - INFO - [REDIS_OP] Completed: store_embedding, Key: src/rbus/rbus_asyncsubscribe.h, Duration: 327ms
2025-11-10 17:02:18,325 - Knowledge - INFO - persist search terms embedding for src/rbus/rbus_asyncsubscribe.h
2025-11-10 17:02:18,500 - Knowledge - INFO - process ingested knowledge for /app/data/T0015/222062/b1810jj/RBUS/src/rbus/rbus_asyncsubscribe.h
2025-11-10 17:02:18,686 - Knowledge - INFO - Found code-base-name: https://github.com/DarssiniRamesh/RBUS.git:main
2025-11-10 17:02:18,857 - Knowledge - INFO - Found code_base: <app.utils.kg_build.knowledge.KnowledgeCodeBase object at 0x7f95ddec9210>
2025-11-10 17:02:19,109 - Knowledge - INFO - Found code-base-name: https://github.com/DarssiniRamesh/RBUS.git:main
2025-11-10 17:02:19,274 - Knowledge - INFO - Found code_base: <app.utils.kg_build.knowledge.KnowledgeCodeBase object at 0x7f95ddec9210>
2025-11-10 17:02:19,472 - Knowledge - INFO - persist ingested knowledge for /app/data/T0015/222062/b1810jj/RBUS/sampleapps/CMakeLists.txt
2025-11-10 17:02:19,729 - Knowledge - INFO - [MONGODB_OP] Completed: persist, Collection: file_info, Duration: 90ms
2025-11-10 17:02:20,196 - Knowledge - INFO - [REDIS_OP] Completed: store_embedding, Key: sampleapps/CMakeLists.txt, Duration: 289ms
2025-11-10 17:02:20,345 - Knowledge - INFO - persist search terms embedding for sampleapps/CMakeLists.txt
2025-11-10 17:02:20,516 - Knowledge - INFO - process ingested knowledge for /app/data/T0015/222062/b1810jj/RBUS/sampleapps/CMakeLists.txt
2025-11-10 17:02:20,688 - Knowledge - INFO - Found code-base-name: https://github.com/DarssiniRamesh/RBUS.git:main
2025-11-10 17:02:20,856 - Knowledge - INFO - Found code_base: <app.utils.kg_build.knowledge.KnowledgeCodeBase object at 0x7f95ddec9210>
2025-11-10 17:02:21,096 - Knowledge - INFO - Found code-base-name: https://github.com/DarssiniRamesh/RBUS.git:main
2025-11-10 17:02:21,307 - Knowledge - INFO - Found code_base: <app.utils.kg_build.knowledge.KnowledgeCodeBase object at 0x7f95ddec9210>
2025-11-10 17:02:21,497 - Knowledge - INFO - persist ingested knowledge for /app/data/T0015/222062/b1810jj/RBUS/utils/dataProvider/data/Device.DeviceInfo.X_RDKCENTRAL-COM_xOpsDeviceMgmt.RPC.json
2025-11-10 17:02:21,784 - Knowledge - INFO - [MONGODB_OP] Completed: persist, Collection: file_info, Duration: 86ms
2025-11-10 17:02:22,240 - Knowledge - INFO - [REDIS_OP] Completed: store_embedding, Key: utils/dataProvider/data/Device.DeviceInfo.X_RDKCENTRAL-COM_xOpsDeviceMgmt.RPC.json, Duration: 283ms
2025-11-10 17:02:22,441 - Knowledge - INFO - persist search terms embedding for utils/dataProvider/data/Device.DeviceInfo.X_RDKCENTRAL-COM_xOpsDeviceMgmt.RPC.json
2025-11-10 17:02:22,666 - Knowledge - INFO - process ingested knowledge for /app/data/T0015/222062/b1810jj/RBUS/utils/dataProvider/data/Device.DeviceInfo.X_RDKCENTRAL-COM_xOpsDeviceMgmt.RPC.json
2025-11-10 17:02:22,883 - Knowledge - INFO - Found code-base-name: https://github.com/DarssiniRamesh/RBUS.git:main
2025-11-10 17:02:23,087 - Knowledge - INFO - Found code_base: <app.utils.kg_build.knowledge.KnowledgeCodeBase object at 0x7f95ddec9210>
2025-11-10 17:02:23,322 - Knowledge - INFO - Found code-base-name: https://github.com/DarssiniRamesh/RBUS.git:main
2025-11-10 17:02:23,481 - Knowledge - INFO - Found code_base: <app.utils.kg_build.knowledge.KnowledgeCodeBase object at 0x7f95ddec9210>
2025-11-10 17:02:23,651 - Knowledge - INFO - persist ingested knowledge for /app/data/T0015/222062/b1810jj/RBUS/test/rbus/consumer/value.c
2025-11-10 17:02:23,927 - Knowledge - INFO - [MONGODB_OP] Completed: persist, Collection: file_info, Duration: 101ms
2025-11-10 17:02:24,525 - Knowledge - INFO - [REDIS_OP] Completed: store_embedding, Key: test/rbus/consumer/value.c, Duration: 434ms
2025-11-10 17:02:24,707 - Knowledge - INFO - persist search terms embedding for test/rbus/consumer/value.c
2025-11-10 17:02:24,880 - Knowledge - INFO - process ingested knowledge for /app/data/T0015/222062/b1810jj/RBUS/test/rbus/consumer/value.c
2025-11-10 17:02:25,092 - Knowledge - INFO - Found code-base-name: https://github.com/DarssiniRamesh/RBUS.git:main
2025-11-10 17:02:25,264 - Knowledge - INFO - Found code_base: <app.utils.kg_build.knowledge.KnowledgeCodeBase object at 0x7f95ddec9210>
2025-11-10 17:02:25,530 - Knowledge - INFO - Found code-base-name: https://github.com/DarssiniRamesh/RBUS.git:main
2025-11-10 17:02:25,732 - Knowledge - INFO - Found code_base: <app.utils.kg_build.knowledge.KnowledgeCodeBase object at 0x7f95ddec9210>
2025-11-10 17:02:25,914 - Knowledge - INFO - persist ingested knowledge for /app/data/T0015/222062/b1810jj/RBUS/test/rbus/multiRbusOpenProvider/rbusOpenRegRbusOpenProvider.c
2025-11-10 17:02:26,161 - Knowledge - INFO - [MONGODB_OP] Completed: persist, Collection: file_info, Duration: 77ms
2025-11-10 17:02:26,781 - Knowledge - INFO - [REDIS_OP] Completed: store_embedding, Key: test/rbus/multiRbusOpenProvider/rbusOpenRegRbusOpenProvider.c, Duration: 452ms
2025-11-10 17:02:26,965 - Knowledge - INFO - persist search terms embedding for test/rbus/multiRbusOpenProvider/rbusOpenRegRbusOpenProvider.c
2025-11-10 17:02:27,173 - Knowledge - INFO - process ingested knowledge for /app/data/T0015/222062/b1810jj/RBUS/test/rbus/multiRbusOpenProvider/rbusOpenRegRbusOpenProvider.c
2025-11-10 17:02:27,345 - Knowledge - INFO - Found code-base-name: https://github.com/DarssiniRamesh/RBUS.git:main
2025-11-10 17:02:27,522 - Knowledge - INFO - Found code_base: <app.utils.kg_build.knowledge.KnowledgeCodeBase object at 0x7f95ddec9210>
2025-11-10 17:02:27,748 - Knowledge - INFO - Found code-base-name: https://github.com/DarssiniRamesh/RBUS.git:main
2025-11-10 17:02:27,910 - Knowledge - INFO - Found code_base: <app.utils.kg_build.knowledge.KnowledgeCodeBase object at 0x7f95ddec9210>
2025-11-10 17:02:28,073 - Knowledge - INFO - persist ingested knowledge for /app/data/T0015/222062/b1810jj/RBUS/test/core/test_obj_lookup.c
2025-11-10 17:02:28,309 - Knowledge - INFO - [MONGODB_OP] Completed: persist, Collection: file_info, Duration: 79ms
2025-11-10 17:02:28,856 - Knowledge - INFO - [REDIS_OP] Completed: store_embedding, Key: test/core/test_obj_lookup.c, Duration: 323ms
2025-11-10 17:02:29,047 - Knowledge - INFO - persist search terms embedding for test/core/test_obj_lookup.c
2025-11-10 17:02:29,256 - Knowledge - INFO - process ingested knowledge for /app/data/T0015/222062/b1810jj/RBUS/test/core/test_obj_lookup.c
2025-11-10 17:02:29,434 - Knowledge - INFO - Found code-base-name: https://github.com/DarssiniRamesh/RBUS.git:main
2025-11-10 17:02:29,601 - Knowledge - INFO - Found code_base: <app.utils.kg_build.knowledge.KnowledgeCodeBase object at 0x7f95ddec9210>
2025-11-10 17:02:29,858 - Knowledge - INFO - Found code-base-name: https://github.com/DarssiniRamesh/RBUS.git:main
2025-11-10 17:02:30,028 - Knowledge - INFO - Found code_base: <app.utils.kg_build.knowledge.KnowledgeCodeBase object at 0x7f95ddec9210>
2025-11-10 17:02:30,194 - Knowledge - INFO - persist ingested knowledge for /app/data/T0015/222062/b1810jj/RBUS/utils/dataProvider/data/Device.WiFi.X_RDKCENTRAL-COM_Lnf.EapTls.json
2025-11-10 17:02:30,446 - Knowledge - INFO - [MONGODB_OP] Completed: persist, Collection: file_info, Duration: 89ms
2025-11-10 17:02:30,880 - Knowledge - INFO - [REDIS_OP] Completed: store_embedding, Key: utils/dataProvider/data/Device.WiFi.X_RDKCENTRAL-COM_Lnf.EapTls.json, Duration: 266ms
2025-11-10 17:02:31,089 - Knowledge - INFO - persist search terms embedding for utils/dataProvider/data/Device.WiFi.X_RDKCENTRAL-COM_Lnf.EapTls.json
2025-11-10 17:02:31,344 - Knowledge - INFO - process ingested knowledge for /app/data/T0015/222062/b1810jj/RBUS/utils/dataProvider/data/Device.WiFi.X_RDKCENTRAL-COM_Lnf.EapTls.json
2025-11-10 17:02:31,528 - Knowledge - INFO - Found code-base-name: https://github.com/DarssiniRamesh/RBUS.git:main
2025-11-10 17:02:31,780 - Knowledge - INFO - Found code_base: <app.utils.kg_build.knowledge.KnowledgeCodeBase object at 0x7f95ddec9210>
2025-11-10 17:02:31,999 - Knowledge - INFO - Found code-base-name: https://github.com/DarssiniRamesh/RBUS.git:main
2025-11-10 17:02:32,169 - Knowledge - INFO - Found code_base: <app.utils.kg_build.knowledge.KnowledgeCodeBase object at 0x7f95ddec9210>
2025-11-10 17:02:32,326 - Knowledge - INFO - persist ingested knowledge for /app/data/T0015/222062/b1810jj/RBUS/test/core/sample_wildcard_server2.c
2025-11-10 17:02:32,606 - Knowledge - INFO - [MONGODB_OP] Completed: persist, Collection: file_info, Duration: 83ms
2025-11-10 17:02:33,550 - Knowledge - INFO - [REDIS_OP] Completed: store_embedding, Key: test/core/sample_wildcard_server2.c, Duration: 773ms
2025-11-10 17:02:33,770 - Knowledge - INFO - persist search terms embedding for test/core/sample_wildcard_server2.c
2025-11-10 17:02:33,937 - Knowledge - INFO - process ingested knowledge for /app/data/T0015/222062/b1810jj/RBUS/test/core/sample_wildcard_server2.c
2025-11-10 17:02:34,117 - Knowledge - INFO - Found code-base-name: https://github.com/DarssiniRamesh/RBUS.git:main
2025-11-10 17:02:34,275 - Knowledge - INFO - Found code_base: <app.utils.kg_build.knowledge.KnowledgeCodeBase object at 0x7f95ddec9210>
2025-11-10 17:02:34,527 - Knowledge - INFO - Found code-base-name: https://github.com/DarssiniRamesh/RBUS.git:main
2025-11-10 17:02:34,684 - Knowledge - INFO - Found code_base: <app.utils.kg_build.knowledge.KnowledgeCodeBase object at 0x7f95ddec9210>
2025-11-10 17:02:34,885 - Knowledge - INFO - persist ingested knowledge for /app/data/T0015/222062/b1810jj/RBUS/utils/dataProvider/data/Device.WiFi.SSID.json
2025-11-10 17:02:35,154 - Knowledge - INFO - [MONGODB_OP] Completed: persist, Collection: file_info, Duration: 110ms
2025-11-10 17:02:35,627 - Knowledge - INFO - [REDIS_OP] Completed: store_embedding, Key: utils/dataProvider/data/Device.WiFi.SSID.json, Duration: 307ms
2025-11-10 17:02:35,809 - Knowledge - INFO - persist search terms embedding for utils/dataProvider/data/Device.WiFi.SSID.json
2025-11-10 17:02:35,975 - Knowledge - INFO - process ingested knowledge for /app/data/T0015/222062/b1810jj/RBUS/utils/dataProvider/data/Device.WiFi.SSID.json
2025-11-10 17:02:36,156 - Knowledge - INFO - Found code-base-name: https://github.com/DarssiniRamesh/RBUS.git:main
2025-11-10 17:02:36,334 - Knowledge - INFO - Found code_base: <app.utils.kg_build.knowledge.KnowledgeCodeBase object at 0x7f95ddec9210>
2025-11-10 17:02:36,616 - Knowledge - INFO - Found code-base-name: https://github.com/DarssiniRamesh/RBUS.git:main
2025-11-10 17:02:36,810 - Knowledge - INFO - Found code_base: <app.utils.kg_build.knowledge.KnowledgeCodeBase object at 0x7f95ddec9210>
2025-11-10 17:02:37,016 - Knowledge - INFO - persist ingested knowledge for /app/data/T0015/222062/b1810jj/RBUS/src/rtmessage/rtMessageHeader.h
2025-11-10 17:02:37,281 - Knowledge - INFO - [MONGODB_OP] Completed: persist, Collection: file_info, Duration: 80ms
2025-11-10 17:02:37,733 - Knowledge - INFO - [REDIS_OP] Completed: store_embedding, Key: src/rtmessage/rtMessageHeader.h, Duration: 279ms
2025-11-10 17:02:37,928 - Knowledge - INFO - persist search terms embedding for src/rtmessage/rtMessageHeader.h
2025-11-10 17:02:38,123 - Knowledge - INFO - process ingested knowledge for /app/data/T0015/222062/b1810jj/RBUS/src/rtmessage/rtMessageHeader.h
2025-11-10 17:02:38,279 - Knowledge - INFO - Found code-base-name: https://github.com/DarssiniRamesh/RBUS.git:main
2025-11-10 17:02:38,464 - Knowledge - INFO - Found code_base: <app.utils.kg_build.knowledge.KnowledgeCodeBase object at 0x7f95ddec9210>
2025-11-10 17:02:38,698 - Knowledge - INFO - Found code-base-name: https://github.com/DarssiniRamesh/RBUS.git:main
2025-11-10 17:02:38,871 - Knowledge - INFO - Found code_base: <app.utils.kg_build.knowledge.KnowledgeCodeBase object at 0x7f95ddec9210>
2025-11-10 17:02:39,046 - Knowledge - INFO - persist ingested knowledge for /app/data/T0015/222062/b1810jj/RBUS/sampleapps/rtmessage/sample_res.c
2025-11-10 17:02:39,303 - Knowledge - INFO - [MONGODB_OP] Completed: persist, Collection: file_info, Duration: 88ms
2025-11-10 17:02:39,972 - Knowledge - INFO - [REDIS_OP] Completed: store_embedding, Key: sampleapps/rtmessage/sample_res.c, Duration: 449ms
2025-11-10 17:02:40,131 - Knowledge - INFO - persist search terms embedding for sampleapps/rtmessage/sample_res.c
2025-11-10 17:02:40,302 - Knowledge - INFO - process ingested knowledge for /app/data/T0015/222062/b1810jj/RBUS/sampleapps/rtmessage/sample_res.c
2025-11-10 17:02:40,509 - Knowledge - INFO - Found code-base-name: https://github.com/DarssiniRamesh/RBUS.git:main
2025-11-10 17:02:40,683 - Knowledge - INFO - Found code_base: <app.utils.kg_build.knowledge.KnowledgeCodeBase object at 0x7f95ddec9210>
2025-11-10 17:02:40,931 - Knowledge - INFO - Found code-base-name: https://github.com/DarssiniRamesh/RBUS.git:main
2025-11-10 17:02:41,093 - Knowledge - INFO - Found code_base: <app.utils.kg_build.knowledge.KnowledgeCodeBase object at 0x7f95ddec9210>
2025-11-10 17:02:41,290 - Knowledge - INFO - persist ingested knowledge for /app/data/T0015/222062/b1810jj/RBUS/utils/codegen/ccsp_style_generator/sampleapp/codegen/Sample_app.c
2025-11-10 17:02:41,566 - Knowledge - INFO - [MONGODB_OP] Completed: persist, Collection: file_info, Duration: 85ms
2025-11-10 17:02:42,055 - Knowledge - INFO - [REDIS_OP] Completed: store_embedding, Key: utils/codegen/ccsp_style_generator/sampleapp/codegen/Sample_app.c, Duration: 285ms
2025-11-10 17:02:42,236 - Knowledge - INFO - persist search terms embedding for utils/codegen/ccsp_style_generator/sampleapp/codegen/Sample_app.c
2025-11-10 17:02:42,412 - Knowledge - INFO - process ingested knowledge for /app/data/T0015/222062/b1810jj/RBUS/utils/codegen/ccsp_style_generator/sampleapp/codegen/Sample_app.c
2025-11-10 17:02:42,609 - Knowledge - INFO - Found code-base-name: https://github.com/DarssiniRamesh/RBUS.git:main
2025-11-10 17:02:42,772 - Knowledge - INFO - Found code_base: <app.utils.kg_build.knowledge.KnowledgeCodeBase object at 0x7f95ddec9210>
2025-11-10 17:02:43,051 - Knowledge - INFO - Found code-base-name: https://github.com/DarssiniRamesh/RBUS.git:main
2025-11-10 17:02:43,223 - Knowledge - INFO - Found code_base: <app.utils.kg_build.knowledge.KnowledgeCodeBase object at 0x7f95ddec9210>
2025-11-10 17:02:43,385 - Knowledge - INFO - persist ingested knowledge for /app/data/T0015/222062/b1810jj/RBUS/utils/dataProvider/data/Device.Services.X_RDKCENTRAL-COM_Overlay.json
2025-11-10 17:02:43,667 - Knowledge - INFO - [MONGODB_OP] Completed: persist, Collection: file_info, Duration: 106ms
2025-11-10 17:02:44,152 - Knowledge - INFO - [REDIS_OP] Completed: store_embedding, Key: utils/dataProvider/data/Device.Services.X_RDKCENTRAL-COM_Overlay.json, Duration: 318ms
2025-11-10 17:02:44,329 - Knowledge - INFO - persist search terms embedding for utils/dataProvider/data/Device.Services.X_RDKCENTRAL-COM_Overlay.json
2025-11-10 17:02:44,513 - Knowledge - INFO - process ingested knowledge for /app/data/T0015/222062/b1810jj/RBUS/utils/dataProvider/data/Device.Services.X_RDKCENTRAL-COM_Overlay.json
2025-11-10 17:02:44,696 - Knowledge - INFO - Found code-base-name: https://github.com/DarssiniRamesh/RBUS.git:main
2025-11-10 17:02:44,875 - Knowledge - INFO - Found code_base: <app.utils.kg_build.knowledge.KnowledgeCodeBase object at 0x7f95ddec9210>
2025-11-10 17:02:45,170 - Knowledge - INFO - Found code-base-name: https://github.com/DarssiniRamesh/RBUS.git:main
2025-11-10 17:02:45,338 - Knowledge - INFO - Found code_base: <app.utils.kg_build.knowledge.KnowledgeCodeBase object at 0x7f95ddec9210>
2025-11-10 17:02:45,536 - Knowledge - INFO - persist ingested knowledge for /app/data/T0015/222062/b1810jj/RBUS/unittests/rbusProviderConsumer.h
2025-11-10 17:02:45,791 - Knowledge - INFO - [MONGODB_OP] Completed: persist, Collection: file_info, Duration: 84ms
2025-11-10 17:02:46,265 - Knowledge - INFO - [REDIS_OP] Completed: store_embedding, Key: unittests/rbusProviderConsumer.h, Duration: 288ms
2025-11-10 17:02:46,417 - Knowledge - INFO - persist search terms embedding for unittests/rbusProviderConsumer.h
2025-11-10 17:02:46,592 - Knowledge - INFO - process ingested knowledge for /app/data/T0015/222062/b1810jj/RBUS/unittests/rbusProviderConsumer.h
2025-11-10 17:02:46,770 - Knowledge - INFO - Found code-base-name: https://github.com/DarssiniRamesh/RBUS.git:main
2025-11-10 17:02:46,935 - Knowledge - INFO - Found code_base: <app.utils.kg_build.knowledge.KnowledgeCodeBase object at 0x7f95ddec9210>
2025-11-10 17:02:47,203 - Knowledge - INFO - Found code-base-name: https://github.com/DarssiniRamesh/RBUS.git:main
2025-11-10 17:02:47,373 - Knowledge - INFO - Found code_base: <app.utils.kg_build.knowledge.KnowledgeCodeBase object at 0x7f95ddec9210>
2025-11-10 17:02:47,538 - Knowledge - INFO - persist ingested knowledge for /app/data/T0015/222062/b1810jj/RBUS/utils/dataProvider/data/Device.DeviceInfo.X_RDKCENTRAL-COM_RFC.Feature.DisableCrashPortalFallback.json
2025-11-10 17:02:47,805 - Knowledge - INFO - [MONGODB_OP] Completed: persist, Collection: file_info, Duration: 89ms
2025-11-10 17:02:48,262 - Knowledge - INFO - [REDIS_OP] Completed: store_embedding, Key: utils/dataProvider/data/Device.DeviceInfo.X_RDKCENTRAL-COM_RFC.Feature.DisableCrashPortalFallback.json, Duration: 280ms
2025-11-10 17:02:48,416 - Knowledge - INFO - persist search terms embedding for utils/dataProvider/data/Device.DeviceInfo.X_RDKCENTRAL-COM_RFC.Feature.DisableCrashPortalFallback.json
2025-11-10 17:02:48,580 - Knowledge - INFO - process ingested knowledge for /app/data/T0015/222062/b1810jj/RBUS/utils/dataProvider/data/Device.DeviceInfo.X_RDKCENTRAL-COM_RFC.Feature.DisableCrashPortalFallback.json
2025-11-10 17:02:48,741 - Knowledge - INFO - Found code-base-name: https://github.com/DarssiniRamesh/RBUS.git:main
2025-11-10 17:02:48,964 - Knowledge - INFO - Found code_base: <app.utils.kg_build.knowledge.KnowledgeCodeBase object at 0x7f95ddec9210>
2025-11-10 17:02:49,232 - Knowledge - INFO - Found code-base-name: https://github.com/DarssiniRamesh/RBUS.git:main
2025-11-10 17:02:49,398 - Knowledge - INFO - Found code_base: <app.utils.kg_build.knowledge.KnowledgeCodeBase object at 0x7f95ddec9210>
2025-11-10 17:02:49,588 - Knowledge - INFO - persist ingested knowledge for /app/data/T0015/222062/b1810jj/RBUS/utils/codegen/ccsp_style_generator/sampleapp/codegen/Sample_rbus.h
2025-11-10 17:02:49,960 - Knowledge - INFO - [MONGODB_OP] Completed: persist, Collection: file_info, Duration: 118ms
2025-11-10 17:02:50,361 - Knowledge - INFO - [REDIS_OP] Completed: store_embedding, Key: utils/codegen/ccsp_style_generator/sampleapp/codegen/Sample_rbus.h, Duration: 222ms
2025-11-10 17:02:50,554 - Knowledge - INFO - persist search terms embedding for utils/codegen/ccsp_style_generator/sampleapp/codegen/Sample_rbus.h
2025-11-10 17:02:50,731 - Knowledge - INFO - process ingested knowledge for /app/data/T0015/222062/b1810jj/RBUS/utils/codegen/ccsp_style_generator/sampleapp/codegen/Sample_rbus.h
2025-11-10 17:02:50,954 - Knowledge - INFO - Found code-base-name: https://github.com/DarssiniRamesh/RBUS.git:main
2025-11-10 17:02:51,181 - Knowledge - INFO - Found code_base: <app.utils.kg_build.knowledge.KnowledgeCodeBase object at 0x7f95ddec9210>
2025-11-10 17:02:51,413 - Knowledge - INFO - Found code-base-name: https://github.com/DarssiniRamesh/RBUS.git:main
2025-11-10 17:02:51,606 - Knowledge - INFO - Found code_base: <app.utils.kg_build.knowledge.KnowledgeCodeBase object at 0x7f95ddec9210>
2025-11-10 17:02:51,787 - Knowledge - INFO - persist ingested knowledge for /app/data/T0015/222062/b1810jj/RBUS/utils/dataProvider/data/Device.WiFi.X_RDKCENTRAL-COM_BandSteering.BandSetting.json
2025-11-10 17:02:52,079 - Knowledge - INFO - [MONGODB_OP] Completed: persist, Collection: file_info, Duration: 97ms
2025-11-10 17:02:52,867 - Knowledge - INFO - [REDIS_OP] Completed: store_embedding, Key: utils/dataProvider/data/Device.WiFi.X_RDKCENTRAL-COM_BandSteering.BandSetting.json, Duration: 618ms
2025-11-10 17:02:53,038 - Knowledge - INFO - persist search terms embedding for utils/dataProvider/data/Device.WiFi.X_RDKCENTRAL-COM_BandSteering.BandSetting.json
2025-11-10 17:02:53,210 - Knowledge - INFO - process ingested knowledge for /app/data/T0015/222062/b1810jj/RBUS/utils/dataProvider/data/Device.WiFi.X_RDKCENTRAL-COM_BandSteering.BandSetting.json
2025-11-10 17:02:53,400 - Knowledge - INFO - Found code-base-name: https://github.com/DarssiniRamesh/RBUS.git:main
2025-11-10 17:02:53,573 - Knowledge - INFO - Found code_base: <app.utils.kg_build.knowledge.KnowledgeCodeBase object at 0x7f95ddec9210>
2025-11-10 17:02:53,808 - Knowledge - INFO - Found code-base-name: https://github.com/DarssiniRamesh/RBUS.git:main
2025-11-10 17:02:53,985 - Knowledge - INFO - Found code_base: <app.utils.kg_build.knowledge.KnowledgeCodeBase object at 0x7f95ddec9210>
2025-11-10 17:02:54,144 - Knowledge - INFO - persist ingested knowledge for /app/data/T0015/222062/b1810jj/RBUS/utils/dataProvider/dmQueryResult.cpp
2025-11-10 17:02:54,411 - Knowledge - INFO - [MONGODB_OP] Completed: persist, Collection: file_info, Duration: 93ms
2025-11-10 17:02:54,958 - Knowledge - INFO - [REDIS_OP] Completed: store_embedding, Key: utils/dataProvider/dmQueryResult.cpp, Duration: 338ms
2025-11-10 17:02:55,115 - Knowledge - INFO - persist search terms embedding for utils/dataProvider/dmQueryResult.cpp
2025-11-10 17:02:55,277 - Knowledge - INFO - process ingested knowledge for /app/data/T0015/222062/b1810jj/RBUS/utils/dataProvider/dmQueryResult.cpp
2025-11-10 17:02:55,452 - Knowledge - INFO - Found code-base-name: https://github.com/DarssiniRamesh/RBUS.git:main
2025-11-10 17:02:55,626 - Knowledge - INFO - Found code_base: <app.utils.kg_build.knowledge.KnowledgeCodeBase object at 0x7f95ddec9210>
2025-11-10 17:02:55,854 - Knowledge - INFO - Found code-base-name: https://github.com/DarssiniRamesh/RBUS.git:main
2025-11-10 17:02:56,021 - Knowledge - INFO - Found code_base: <app.utils.kg_build.knowledge.KnowledgeCodeBase object at 0x7f95ddec9210>
2025-11-10 17:02:56,224 - Knowledge - INFO - persist ingested knowledge for /app/data/T0015/222062/b1810jj/RBUS/utils/dataProvider/data/Device.DeviceInfo.X_RDKCENTRAL-COM_RFC.Control.json
2025-11-10 17:02:56,484 - Knowledge - INFO - [MONGODB_OP] Completed: persist, Collection: file_info, Duration: 89ms
2025-11-10 17:02:56,904 - Knowledge - INFO - [REDIS_OP] Completed: store_embedding, Key: utils/dataProvider/data/Device.DeviceInfo.X_RDKCENTRAL-COM_RFC.Control.json, Duration: 237ms
2025-11-10 17:02:57,105 - Knowledge - INFO - persist search terms embedding for utils/dataProvider/data/Device.DeviceInfo.X_RDKCENTRAL-COM_RFC.Control.json
2025-11-10 17:02:57,274 - Knowledge - INFO - process ingested knowledge for /app/data/T0015/222062/b1810jj/RBUS/utils/dataProvider/data/Device.DeviceInfo.X_RDKCENTRAL-COM_RFC.Control.json
2025-11-10 17:02:57,471 - Knowledge - INFO - Found code-base-name: https://github.com/DarssiniRamesh/RBUS.git:main
2025-11-10 17:02:57,641 - Knowledge - INFO - Found code_base: <app.utils.kg_build.knowledge.KnowledgeCodeBase object at 0x7f95ddec9210>
2025-11-10 17:02:57,856 - Knowledge - INFO - Found code-base-name: https://github.com/DarssiniRamesh/RBUS.git:main
2025-11-10 17:02:58,052 - Knowledge - INFO - Found code_base: <app.utils.kg_build.knowledge.KnowledgeCodeBase object at 0x7f95ddec9210>
2025-11-10 17:02:58,233 - Knowledge - INFO - persist ingested knowledge for /app/data/T0015/222062/b1810jj/RBUS/utils/dataProvider/dmProviderDatabase.h
2025-11-10 17:02:58,510 - Knowledge - INFO - [MONGODB_OP] Completed: persist, Collection: file_info, Duration: 85ms
2025-11-10 17:02:59,235 - Knowledge - INFO - [REDIS_OP] Completed: store_embedding, Key: utils/dataProvider/dmProviderDatabase.h, Duration: 540ms
2025-11-10 17:02:59,410 - Knowledge - INFO - persist search terms embedding for utils/dataProvider/dmProviderDatabase.h
2025-11-10 17:02:59,585 - Knowledge - INFO - process ingested knowledge for /app/data/T0015/222062/b1810jj/RBUS/utils/dataProvider/dmProviderDatabase.h
2025-11-10 17:02:59,782 - Knowledge - INFO - Found code-base-name: https://github.com/DarssiniRamesh/RBUS.git:main
2025-11-10 17:02:59,953 - Knowledge - INFO - Found code_base: <app.utils.kg_build.knowledge.KnowledgeCodeBase object at 0x7f95ddec9210>
2025-11-10 17:03:00,223 - Knowledge - INFO - Found code-base-name: https://github.com/DarssiniRamesh/RBUS.git:main
2025-11-10 17:03:00,409 - Knowledge - INFO - Found code_base: <app.utils.kg_build.knowledge.KnowledgeCodeBase object at 0x7f95ddec9210>
2025-11-10 17:03:00,591 - Knowledge - INFO - persist ingested knowledge for /app/data/T0015/222062/b1810jj/RBUS/sampleapps/rtmessage/sample_send.c
2025-11-10 17:03:00,856 - Knowledge - INFO - [MONGODB_OP] Completed: persist, Collection: file_info, Duration: 97ms
2025-11-10 17:03:01,434 - Knowledge - INFO - [REDIS_OP] Completed: store_embedding, Key: sampleapps/rtmessage/sample_send.c, Duration: 414ms
2025-11-10 17:03:01,597 - Knowledge - INFO - persist search terms embedding for sampleapps/rtmessage/sample_send.c
2025-11-10 17:03:01,755 - Knowledge - INFO - process ingested knowledge for /app/data/T0015/222062/b1810jj/RBUS/sampleapps/rtmessage/sample_send.c
2025-11-10 17:03:01,930 - Knowledge - INFO - Found code-base-name: https://github.com/DarssiniRamesh/RBUS.git:main
2025-11-10 17:03:02,089 - Knowledge - INFO - Found code_base: <app.utils.kg_build.knowledge.KnowledgeCodeBase object at 0x7f95ddec9210>
2025-11-10 17:03:02,323 - Knowledge - INFO - Found code-base-name: https://github.com/DarssiniRamesh/RBUS.git:main
2025-11-10 17:03:02,519 - Knowledge - INFO - Found code_base: <app.utils.kg_build.knowledge.KnowledgeCodeBase object at 0x7f95ddec9210>
2025-11-10 17:03:02,694 - Knowledge - INFO - persist ingested knowledge for /app/data/T0015/222062/b1810jj/RBUS/test/rbus/consumer/events.c
2025-11-10 17:03:02,955 - Knowledge - INFO - [MONGODB_OP] Completed: persist, Collection: file_info, Duration: 86ms
2025-11-10 17:03:03,640 - Knowledge - INFO - [REDIS_OP] Completed: store_embedding, Key: test/rbus/consumer/events.c, Duration: 491ms
2025-11-10 17:03:03,861 - Knowledge - INFO - persist search terms embedding for test/rbus/consumer/events.c
2025-11-10 17:03:04,096 - Knowledge - INFO - process ingested knowledge for /app/data/T0015/222062/b1810jj/RBUS/test/rbus/consumer/events.c
2025-11-10 17:03:04,293 - Knowledge - INFO - Found code-base-name: https://github.com/DarssiniRamesh/RBUS.git:main
2025-11-10 17:03:04,456 - Knowledge - INFO - Found code_base: <app.utils.kg_build.knowledge.KnowledgeCodeBase object at 0x7f95ddec9210>
2025-11-10 17:03:04,697 - Knowledge - INFO - Found code-base-name: https://github.com/DarssiniRamesh/RBUS.git:main
2025-11-10 17:03:04,879 - Knowledge - INFO - Found code_base: <app.utils.kg_build.knowledge.KnowledgeCodeBase object at 0x7f95ddec9210>
2025-11-10 17:03:05,074 - Knowledge - INFO - persist ingested knowledge for /app/data/T0015/222062/b1810jj/RBUS/test/rbus/provider/rbusTestMultiProvider.c
2025-11-10 17:03:05,328 - Knowledge - INFO - [MONGODB_OP] Completed: persist, Collection: file_info, Duration: 85ms
2025-11-10 17:03:05,902 - Knowledge - INFO - [REDIS_OP] Completed: store_embedding, Key: test/rbus/provider/rbusTestMultiProvider.c, Duration: 402ms
2025-11-10 17:03:06,061 - Knowledge - INFO - persist search terms embedding for test/rbus/provider/rbusTestMultiProvider.c
2025-11-10 17:03:06,283 - Knowledge - INFO - process ingested knowledge for /app/data/T0015/222062/b1810jj/RBUS/test/rbus/provider/rbusTestMultiProvider.c
2025-11-10 17:03:06,496 - Knowledge - INFO - Found code-base-name: https://github.com/DarssiniRamesh/RBUS.git:main
2025-11-10 17:03:06,658 - Knowledge - INFO - Found code_base: <app.utils.kg_build.knowledge.KnowledgeCodeBase object at 0x7f95ddec9210>
2025-11-10 17:03:06,889 - Knowledge - INFO - Found code-base-name: https://github.com/DarssiniRamesh/RBUS.git:main
2025-11-10 17:03:07,041 - Knowledge - INFO - Found code_base: <app.utils.kg_build.knowledge.KnowledgeCodeBase object at 0x7f95ddec9210>
2025-11-10 17:03:07,220 - Knowledge - INFO - persist ingested knowledge for /app/data/T0015/222062/b1810jj/RBUS/utils/dataProvider/data/Device.DeviceInfo.json
2025-11-10 17:03:07,483 - Knowledge - INFO - [MONGODB_OP] Completed: persist, Collection: file_info, Duration: 86ms
2025-11-10 17:03:07,940 - Knowledge - INFO - [REDIS_OP] Completed: store_embedding, Key: utils/dataProvider/data/Device.DeviceInfo.json, Duration: 298ms
2025-11-10 17:03:08,145 - Knowledge - INFO - persist search terms embedding for utils/dataProvider/data/Device.DeviceInfo.json
2025-11-10 17:03:08,311 - Knowledge - INFO - process ingested knowledge for /app/data/T0015/222062/b1810jj/RBUS/utils/dataProvider/data/Device.DeviceInfo.json
2025-11-10 17:03:08,490 - Knowledge - INFO - Found code-base-name: https://github.com/DarssiniRamesh/RBUS.git:main
2025-11-10 17:03:08,693 - Knowledge - INFO - Found code_base: <app.utils.kg_build.knowledge.KnowledgeCodeBase object at 0x7f95ddec9210>
2025-11-10 17:03:09,033 - Knowledge - INFO - Found code-base-name: https://github.com/DarssiniRamesh/RBUS.git:main
2025-11-10 17:03:09,189 - Knowledge - INFO - Found code_base: <app.utils.kg_build.knowledge.KnowledgeCodeBase object at 0x7f95ddec9210>
2025-11-10 17:03:09,359 - Knowledge - INFO - persist ingested knowledge for /app/data/T0015/222062/b1810jj/RBUS/src/rtmessage/rtError.h
2025-11-10 17:03:09,589 - Knowledge - INFO - [MONGODB_OP] Completed: persist, Collection: file_info, Duration: 76ms
2025-11-10 17:03:10,030 - Knowledge - INFO - [REDIS_OP] Completed: store_embedding, Key: src/rtmessage/rtError.h, Duration: 271ms
2025-11-10 17:03:10,272 - Knowledge - INFO - persist search terms embedding for src/rtmessage/rtError.h
2025-11-10 17:03:10,461 - Knowledge - INFO - process ingested knowledge for /app/data/T0015/222062/b1810jj/RBUS/src/rtmessage/rtError.h
2025-11-10 17:03:10,661 - Knowledge - INFO - Found code-base-name: https://github.com/DarssiniRamesh/RBUS.git:main
2025-11-10 17:03:10,817 - Knowledge - INFO - Found code_base: <app.utils.kg_build.knowledge.KnowledgeCodeBase object at 0x7f95ddec9210>
2025-11-10 17:03:11,134 - Knowledge - INFO - Found code-base-name: https://github.com/DarssiniRamesh/RBUS.git:main
2025-11-10 17:03:11,313 - Knowledge - INFO - Found code_base: <app.utils.kg_build.knowledge.KnowledgeCodeBase object at 0x7f95ddec9210>
2025-11-10 17:03:11,494 - Knowledge - INFO - persist ingested knowledge for /app/data/T0015/222062/b1810jj/RBUS/utils/dataProvider/data/Device.WiFi.Radio.json
2025-11-10 17:03:11,757 - Knowledge - INFO - [MONGODB_OP] Completed: persist, Collection: file_info, Duration: 100ms
2025-11-10 17:03:12,273 - Knowledge - INFO - [REDIS_OP] Completed: store_embedding, Key: utils/dataProvider/data/Device.WiFi.Radio.json, Duration: 330ms
2025-11-10 17:03:12,441 - Knowledge - INFO - persist search terms embedding for utils/dataProvider/data/Device.WiFi.Radio.json
2025-11-10 17:03:12,630 - Knowledge - INFO - process ingested knowledge for /app/data/T0015/222062/b1810jj/RBUS/utils/dataProvider/data/Device.WiFi.Radio.json
2025-11-10 17:03:12,853 - Knowledge - INFO - Found code-base-name: https://github.com/DarssiniRamesh/RBUS.git:main
2025-11-10 17:03:13,054 - Knowledge - INFO - Found code_base: <app.utils.kg_build.knowledge.KnowledgeCodeBase object at 0x7f95ddec9210>
2025-11-10 17:03:13,288 - Knowledge - INFO - Found code-base-name: https://github.com/DarssiniRamesh/RBUS.git:main
2025-11-10 17:03:13,469 - Knowledge - INFO - Found code_base: <app.utils.kg_build.knowledge.KnowledgeCodeBase object at 0x7f95ddec9210>
2025-11-10 17:03:13,631 - Knowledge - INFO - persist ingested knowledge for /app/data/T0015/222062/b1810jj/RBUS/src/rtmessage/rtBuffer.h
2025-11-10 17:03:13,929 - Knowledge - INFO - [MONGODB_OP] Completed: persist, Collection: file_info, Duration: 84ms
2025-11-10 17:03:14,697 - Knowledge - INFO - [REDIS_OP] Completed: store_embedding, Key: src/rtmessage/rtBuffer.h, Duration: 603ms
2025-11-10 17:03:14,869 - Knowledge - INFO - persist search terms embedding for src/rtmessage/rtBuffer.h
2025-11-10 17:03:15,039 - Knowledge - INFO - process ingested knowledge for /app/data/T0015/222062/b1810jj/RBUS/src/rtmessage/rtBuffer.h
2025-11-10 17:03:15,216 - Knowledge - INFO - Found code-base-name: https://github.com/DarssiniRamesh/RBUS.git:main
2025-11-10 17:03:15,383 - Knowledge - INFO - Found code_base: <app.utils.kg_build.knowledge.KnowledgeCodeBase object at 0x7f95ddec9210>
2025-11-10 17:03:15,631 - Knowledge - INFO - Found code-base-name: https://github.com/DarssiniRamesh/RBUS.git:main
2025-11-10 17:03:15,809 - Knowledge - INFO - Found code_base: <app.utils.kg_build.knowledge.KnowledgeCodeBase object at 0x7f95ddec9210>
2025-11-10 17:03:15,961 - Knowledge - INFO - persist ingested knowledge for /app/data/T0015/222062/b1810jj/RBUS/CONTRIBUTING.md
2025-11-10 17:03:16,197 - Knowledge - INFO - [MONGODB_OP] Completed: persist, Collection: file_info, Duration: 83ms
2025-11-10 17:03:16,605 - Knowledge - INFO - [REDIS_OP] Completed: store_embedding, Key: CONTRIBUTING.md, Duration: 244ms
2025-11-10 17:03:16,771 - Knowledge - INFO - persist search terms embedding for CONTRIBUTING.md
2025-11-10 17:03:16,965 - Knowledge - INFO - process ingested knowledge for /app/data/T0015/222062/b1810jj/RBUS/CONTRIBUTING.md
2025-11-10 17:03:17,144 - Knowledge - INFO - Found code-base-name: https://github.com/DarssiniRamesh/RBUS.git:main
2025-11-10 17:03:17,299 - Knowledge - INFO - Found code_base: <app.utils.kg_build.knowledge.KnowledgeCodeBase object at 0x7f95ddec9210>
2025-11-10 17:03:17,522 - Knowledge - INFO - Found code-base-name: https://github.com/DarssiniRamesh/RBUS.git:main
2025-11-10 17:03:17,690 - Knowledge - INFO - Found code_base: <app.utils.kg_build.knowledge.KnowledgeCodeBase object at 0x7f95ddec9210>
2025-11-10 17:03:17,844 - Knowledge - INFO - persist ingested knowledge for /app/data/T0015/222062/b1810jj/RBUS/src/rtmessage/rtTime.c
2025-11-10 17:03:18,113 - Knowledge - INFO - [MONGODB_OP] Completed: persist, Collection: file_info, Duration: 100ms
2025-11-10 17:03:18,681 - Knowledge - INFO - [REDIS_OP] Completed: store_embedding, Key: src/rtmessage/rtTime.c, Duration: 399ms
2025-11-10 17:03:18,876 - Knowledge - INFO - persist search terms embedding for src/rtmessage/rtTime.c
2025-11-10 17:03:19,064 - Knowledge - INFO - process ingested knowledge for /app/data/T0015/222062/b1810jj/RBUS/src/rtmessage/rtTime.c
2025-11-10 17:03:19,227 - Knowledge - INFO - Found code-base-name: https://github.com/DarssiniRamesh/RBUS.git:main
2025-11-10 17:03:19,403 - Knowledge - INFO - Found code_base: <app.utils.kg_build.knowledge.KnowledgeCodeBase object at 0x7f95ddec9210>
2025-11-10 17:03:19,653 - Knowledge - INFO - Found code-base-name: https://github.com/DarssiniRamesh/RBUS.git:main
2025-11-10 17:03:19,817 - Knowledge - INFO - Found code_base: <app.utils.kg_build.knowledge.KnowledgeCodeBase object at 0x7f95ddec9210>
2025-11-10 17:03:19,974 - Knowledge - INFO - persist ingested knowledge for /app/data/T0015/222062/b1810jj/RBUS/test/core/bin_server.c
2025-11-10 17:03:20,231 - Knowledge - INFO - [MONGODB_OP] Completed: persist, Collection: file_info, Duration: 89ms
2025-11-10 17:03:20,613 - Knowledge - INFO - [REDIS_OP] Completed: store_embedding, Key: test/core/bin_server.c, Duration: 217ms
2025-11-10 17:03:20,807 - Knowledge - INFO - persist search terms embedding for test/core/bin_server.c
2025-11-10 17:03:21,028 - Knowledge - INFO - process ingested knowledge for /app/data/T0015/222062/b1810jj/RBUS/test/core/bin_server.c
2025-11-10 17:03:21,183 - Knowledge - INFO - Found code-base-name: https://github.com/DarssiniRamesh/RBUS.git:main
2025-11-10 17:03:21,348 - Knowledge - INFO - Found code_base: <app.utils.kg_build.knowledge.KnowledgeCodeBase object at 0x7f95ddec9210>
2025-11-10 17:03:21,611 - Knowledge - INFO - Found code-base-name: https://github.com/DarssiniRamesh/RBUS.git:main
2025-11-10 17:03:21,790 - Knowledge - INFO - Found code_base: <app.utils.kg_build.knowledge.KnowledgeCodeBase object at 0x7f95ddec9210>
2025-11-10 17:03:22,001 - Knowledge - INFO - persist ingested knowledge for /app/data/T0015/222062/b1810jj/RBUS/utils/dataProvider/dmPropertyInfo.cpp
2025-11-10 17:03:22,251 - Knowledge - INFO - [MONGODB_OP] Completed: persist, Collection: file_info, Duration: 82ms
2025-11-10 17:03:22,710 - Knowledge - INFO - [REDIS_OP] Completed: store_embedding, Key: utils/dataProvider/dmPropertyInfo.cpp, Duration: 286ms
2025-11-10 17:03:22,882 - Knowledge - INFO - persist search terms embedding for utils/dataProvider/dmPropertyInfo.cpp
2025-11-10 17:03:23,074 - Knowledge - INFO - process ingested knowledge for /app/data/T0015/222062/b1810jj/RBUS/utils/dataProvider/dmPropertyInfo.cpp
2025-11-10 17:03:23,283 - Knowledge - INFO - Found code-base-name: https://github.com/DarssiniRamesh/RBUS.git:main
2025-11-10 17:03:23,484 - Knowledge - INFO - Found code_base: <app.utils.kg_build.knowledge.KnowledgeCodeBase object at 0x7f95ddec9210>
2025-11-10 17:03:23,711 - Knowledge - INFO - Found code-base-name: https://github.com/DarssiniRamesh/RBUS.git:main
2025-11-10 17:03:23,881 - Knowledge - INFO - Found code_base: <app.utils.kg_build.knowledge.KnowledgeCodeBase object at 0x7f95ddec9210>
2025-11-10 17:03:24,040 - Knowledge - INFO - persist ingested knowledge for /app/data/T0015/222062/b1810jj/RBUS/utils/dataProvider/dmProviderOperation.h
2025-11-10 17:03:24,316 - Knowledge - INFO - [MONGODB_OP] Completed: persist, Collection: file_info, Duration: 83ms
2025-11-10 17:03:25,189 - Knowledge - INFO - [REDIS_OP] Completed: store_embedding, Key: utils/dataProvider/dmProviderOperation.h, Duration: 659ms
2025-11-10 17:03:25,351 - Knowledge - INFO - persist search terms embedding for utils/dataProvider/dmProviderOperation.h
2025-11-10 17:03:25,510 - Knowledge - INFO - process ingested knowledge for /app/data/T0015/222062/b1810jj/RBUS/utils/dataProvider/dmProviderOperation.h
2025-11-10 17:03:25,699 - Knowledge - INFO - Found code-base-name: https://github.com/DarssiniRamesh/RBUS.git:main
2025-11-10 17:03:25,872 - Knowledge - INFO - Found code_base: <app.utils.kg_build.knowledge.KnowledgeCodeBase object at 0x7f95ddec9210>
2025-11-10 17:03:26,118 - Knowledge - INFO - Found code-base-name: https://github.com/DarssiniRamesh/RBUS.git:main
2025-11-10 17:03:26,278 - Knowledge - INFO - Found code_base: <app.utils.kg_build.knowledge.KnowledgeCodeBase object at 0x7f95ddec9210>
2025-11-10 17:03:26,454 - Knowledge - INFO - persist ingested knowledge for /app/data/T0015/222062/b1810jj/RBUS/src/rbus/rbus_tokenchain.h
2025-11-10 17:03:26,711 - Knowledge - INFO - [MONGODB_OP] Completed: persist, Collection: file_info, Duration: 97ms
2025-11-10 17:03:27,259 - Knowledge - INFO - [REDIS_OP] Completed: store_embedding, Key: src/rbus/rbus_tokenchain.h, Duration: 388ms
2025-11-10 17:03:27,433 - Knowledge - INFO - persist search terms embedding for src/rbus/rbus_tokenchain.h
2025-11-10 17:03:27,607 - Knowledge - INFO - process ingested knowledge for /app/data/T0015/222062/b1810jj/RBUS/src/rbus/rbus_tokenchain.h
2025-11-10 17:03:27,777 - Knowledge - INFO - Found code-base-name: https://github.com/DarssiniRamesh/RBUS.git:main
2025-11-10 17:03:27,974 - Knowledge - INFO - Found code_base: <app.utils.kg_build.knowledge.KnowledgeCodeBase object at 0x7f95ddec9210>
2025-11-10 17:03:28,211 - Knowledge - INFO - Found code-base-name: https://github.com/DarssiniRamesh/RBUS.git:main
2025-11-10 17:03:28,364 - Knowledge - INFO - Found code_base: <app.utils.kg_build.knowledge.KnowledgeCodeBase object at 0x7f95ddec9210>
2025-11-10 17:03:28,574 - Knowledge - INFO - persist ingested knowledge for /app/data/T0015/222062/b1810jj/RBUS/src/rtmessage/rtrouteBase.h
2025-11-10 17:03:28,891 - Knowledge - INFO - [MONGODB_OP] Completed: persist, Collection: file_info, Duration: 90ms
2025-11-10 17:03:29,457 - Knowledge - INFO - [REDIS_OP] Completed: store_embedding, Key: src/rtmessage/rtrouteBase.h, Duration: 326ms
2025-11-10 17:03:29,625 - Knowledge - INFO - persist search terms embedding for src/rtmessage/rtrouteBase.h
2025-11-10 17:03:29,826 - Knowledge - INFO - process ingested knowledge for /app/data/T0015/222062/b1810jj/RBUS/src/rtmessage/rtrouteBase.h
2025-11-10 17:03:29,989 - Knowledge - INFO - Found code-base-name: https://github.com/DarssiniRamesh/RBUS.git:main
2025-11-10 17:03:30,192 - Knowledge - INFO - Found code_base: <app.utils.kg_build.knowledge.KnowledgeCodeBase object at 0x7f95ddec9210>
2025-11-10 17:03:30,504 - Knowledge - INFO - Found code-base-name: https://github.com/DarssiniRamesh/RBUS.git:main
2025-11-10 17:03:30,704 - Knowledge - INFO - Found code_base: <app.utils.kg_build.knowledge.KnowledgeCodeBase object at 0x7f95ddec9210>
2025-11-10 17:03:30,887 - Knowledge - INFO - persist ingested knowledge for /app/data/T0015/222062/b1810jj/RBUS/test/rbus/consumer/objectAPI.c
2025-11-10 17:03:31,169 - Knowledge - INFO - [MONGODB_OP] Completed: persist, Collection: file_info, Duration: 113ms
2025-11-10 17:03:31,560 - Knowledge - INFO - [REDIS_OP] Completed: store_embedding, Key: test/rbus/consumer/objectAPI.c, Duration: 223ms
2025-11-10 17:03:31,734 - Knowledge - INFO - persist search terms embedding for test/rbus/consumer/objectAPI.c
2025-11-10 17:03:31,959 - Knowledge - INFO - process ingested knowledge for /app/data/T0015/222062/b1810jj/RBUS/test/rbus/consumer/objectAPI.c
2025-11-10 17:03:32,166 - Knowledge - INFO - Found code-base-name: https://github.com/DarssiniRamesh/RBUS.git:main
2025-11-10 17:03:32,364 - Knowledge - INFO - Found code_base: <app.utils.kg_build.knowledge.KnowledgeCodeBase object at 0x7f95ddec9210>
2025-11-10 17:03:32,622 - Knowledge - INFO - Found code-base-name: https://github.com/DarssiniRamesh/RBUS.git:main
2025-11-10 17:03:32,785 - Knowledge - INFO - Found code_base: <app.utils.kg_build.knowledge.KnowledgeCodeBase object at 0x7f95ddec9210>
2025-11-10 17:03:32,981 - Knowledge - INFO - persist ingested knowledge for /app/data/T0015/222062/b1810jj/RBUS/src/rbus/rbus.c
2025-11-10 17:03:33,281 - Knowledge - INFO - [MONGODB_OP] Completed: persist, Collection: file_info, Duration: 89ms
2025-11-10 17:03:33,660 - Knowledge - INFO - [REDIS_OP] Completed: store_embedding, Key: src/rbus/rbus.c, Duration: 173ms
2025-11-10 17:03:33,868 - Knowledge - INFO - persist search terms embedding for src/rbus/rbus.c
2025-11-10 17:03:34,048 - Knowledge - INFO - process ingested knowledge for /app/data/T0015/222062/b1810jj/RBUS/src/rbus/rbus.c
2025-11-10 17:03:34,230 - Knowledge - INFO - Found code-base-name: https://github.com/DarssiniRamesh/RBUS.git:main
2025-11-10 17:03:34,430 - Knowledge - INFO - Found code_base: <app.utils.kg_build.knowledge.KnowledgeCodeBase object at 0x7f95ddec9210>
2025-11-10 17:03:34,663 - Knowledge - INFO - Found code-base-name: https://github.com/DarssiniRamesh/RBUS.git:main
2025-11-10 17:03:34,835 - Knowledge - INFO - Found code_base: <app.utils.kg_build.knowledge.KnowledgeCodeBase object at 0x7f95ddec9210>
2025-11-10 17:03:34,999 - Knowledge - INFO - persist ingested knowledge for /app/data/T0015/222062/b1810jj/RBUS/test/rbus/rbusTestTimeoutValues/testTimeoutValuesProvider.c
2025-11-10 17:03:35,246 - Knowledge - INFO - [MONGODB_OP] Completed: persist, Collection: file_info, Duration: 84ms
2025-11-10 17:03:35,675 - Knowledge - INFO - [REDIS_OP] Completed: store_embedding, Key: test/rbus/rbusTestTimeoutValues/testTimeoutValuesProvider.c, Duration: 273ms
2025-11-10 17:03:35,865 - Knowledge - INFO - persist search terms embedding for test/rbus/rbusTestTimeoutValues/testTimeoutValuesProvider.c
2025-11-10 17:03:36,052 - Knowledge - INFO - process ingested knowledge for /app/data/T0015/222062/b1810jj/RBUS/test/rbus/rbusTestTimeoutValues/testTimeoutValuesProvider.c
2025-11-10 17:03:36,232 - Knowledge - INFO - Found code-base-name: https://github.com/DarssiniRamesh/RBUS.git:main
2025-11-10 17:03:36,410 - Knowledge - INFO - Found code_base: <app.utils.kg_build.knowledge.KnowledgeCodeBase object at 0x7f95ddec9210>
2025-11-10 17:03:36,633 - Knowledge - INFO - Found code-base-name: https://github.com/DarssiniRamesh/RBUS.git:main
2025-11-10 17:03:36,825 - Knowledge - INFO - Found code_base: <app.utils.kg_build.knowledge.KnowledgeCodeBase object at 0x7f95ddec9210>
2025-11-10 17:03:36,991 - Knowledge - INFO - persist ingested knowledge for /app/data/T0015/222062/b1810jj/RBUS/memoryleak.sh
2025-11-10 17:03:37,294 - Knowledge - INFO - [MONGODB_OP] Completed: persist, Collection: file_info, Duration: 102ms
2025-11-10 17:03:37,782 - Knowledge - INFO - [REDIS_OP] Completed: store_embedding, Key: memoryleak.sh, Duration: 321ms
2025-11-10 17:03:37,937 - Knowledge - INFO - persist search terms embedding for memoryleak.sh
2025-11-10 17:03:38,129 - Knowledge - INFO - process ingested knowledge for /app/data/T0015/222062/b1810jj/RBUS/memoryleak.sh
2025-11-10 17:03:38,341 - Knowledge - INFO - Found code-base-name: https://github.com/DarssiniRamesh/RBUS.git:main
2025-11-10 17:03:38,512 - Knowledge - INFO - Found code_base: <app.utils.kg_build.knowledge.KnowledgeCodeBase object at 0x7f95ddec9210>
2025-11-10 17:03:38,786 - Knowledge - INFO - Found code-base-name: https://github.com/DarssiniRamesh/RBUS.git:main
2025-11-10 17:03:38,950 - Knowledge - INFO - Found code_base: <app.utils.kg_build.knowledge.KnowledgeCodeBase object at 0x7f95ddec9210>
2025-11-10 17:03:39,145 - Knowledge - INFO - persist ingested knowledge for /app/data/T0015/222062/b1810jj/RBUS/src/rtmessage/rtThreadPool.h
2025-11-10 17:03:39,445 - Knowledge - INFO - [MONGODB_OP] Completed: persist, Collection: file_info, Duration: 131ms
2025-11-10 17:03:39,918 - Knowledge - INFO - [REDIS_OP] Completed: store_embedding, Key: src/rtmessage/rtThreadPool.h, Duration: 278ms
2025-11-10 17:03:40,124 - Knowledge - INFO - persist search terms embedding for src/rtmessage/rtThreadPool.h
2025-11-10 17:03:40,288 - Knowledge - INFO - process ingested knowledge for /app/data/T0015/222062/b1810jj/RBUS/src/rtmessage/rtThreadPool.h
2025-11-10 17:03:40,470 - Knowledge - INFO - Found code-base-name: https://github.com/DarssiniRamesh/RBUS.git:main
2025-11-10 17:03:40,635 - Knowledge - INFO - Found code_base: <app.utils.kg_build.knowledge.KnowledgeCodeBase object at 0x7f95ddec9210>
2025-11-10 17:03:40,899 - Knowledge - INFO - Found code-base-name: https://github.com/DarssiniRamesh/RBUS.git:main
2025-11-10 17:03:41,098 - Knowledge - INFO - Found code_base: <app.utils.kg_build.knowledge.KnowledgeCodeBase object at 0x7f95ddec9210>
2025-11-10 17:03:41,264 - Knowledge - INFO - persist ingested knowledge for /app/data/T0015/222062/b1810jj/RBUS/utils/dataProvider/data/Device.DeviceInfo.X_RDKCENTRAL-COM_xOpsDeviceMgmt.RPC.Feature.ManageableNotification.json
2025-11-10 17:03:41,509 - Knowledge - INFO - [MONGODB_OP] Completed: persist, Collection: file_info, Duration: 87ms
2025-11-10 17:03:42,066 - Knowledge - INFO - [REDIS_OP] Completed: store_embedding, Key: utils/dataProvider/data/Device.DeviceInfo.X_RDKCENTRAL-COM_xOpsDeviceMgmt.RPC.Feature.ManageableNotification.json, Duration: 367ms
2025-11-10 17:03:42,237 - Knowledge - INFO - persist search terms embedding for utils/dataProvider/data/Device.DeviceInfo.X_RDKCENTRAL-COM_xOpsDeviceMgmt.RPC.Feature.ManageableNotification.json
2025-11-10 17:03:42,405 - Knowledge - INFO - process ingested knowledge for /app/data/T0015/222062/b1810jj/RBUS/utils/dataProvider/data/Device.DeviceInfo.X_RDKCENTRAL-COM_xOpsDeviceMgmt.RPC.Feature.ManageableNotification.json
2025-11-10 17:03:42,586 - Knowledge - INFO - Found code-base-name: https://github.com/DarssiniRamesh/RBUS.git:main
2025-11-10 17:03:42,787 - Knowledge - INFO - Found code_base: <app.utils.kg_build.knowledge.KnowledgeCodeBase object at 0x7f95ddec9210>
2025-11-10 17:03:43,031 - Knowledge - INFO - Found code-base-name: https://github.com/DarssiniRamesh/RBUS.git:main
2025-11-10 17:03:43,192 - Knowledge - INFO - Found code_base: <app.utils.kg_build.knowledge.KnowledgeCodeBase object at 0x7f95ddec9210>
2025-11-10 17:03:43,431 - Knowledge - INFO - persist ingested knowledge for /app/data/T0015/222062/b1810jj/RBUS/sampleapps/consumer/rbusDmlBlockingConsumer.c
2025-11-10 17:03:43,677 - Knowledge - INFO - [MONGODB_OP] Completed: persist, Collection: file_info, Duration: 79ms
2025-11-10 17:03:44,068 - Knowledge - INFO - [REDIS_OP] Completed: store_embedding, Key: sampleapps/consumer/rbusDmlBlockingConsumer.c, Duration: 227ms
2025-11-10 17:03:44,283 - Knowledge - INFO - persist search terms embedding for sampleapps/consumer/rbusDmlBlockingConsumer.c
2025-11-10 17:03:44,447 - Knowledge - INFO - process ingested knowledge for /app/data/T0015/222062/b1810jj/RBUS/sampleapps/consumer/rbusDmlBlockingConsumer.c
2025-11-10 17:03:44,620 - Knowledge - INFO - Found code-base-name: https://github.com/DarssiniRamesh/RBUS.git:main
2025-11-10 17:03:44,770 - Knowledge - INFO - Found code_base: <app.utils.kg_build.knowledge.KnowledgeCodeBase object at 0x7f95ddec9210>
2025-11-10 17:03:45,030 - Knowledge - INFO - Found code-base-name: https://github.com/DarssiniRamesh/RBUS.git:main
2025-11-10 17:03:45,209 - Knowledge - INFO - Found code_base: <app.utils.kg_build.knowledge.KnowledgeCodeBase object at 0x7f95ddec9210>
2025-11-10 17:03:45,366 - Knowledge - INFO - persist ingested knowledge for /app/data/T0015/222062/b1810jj/RBUS/src/rtmessage/rtHashMap.h
2025-11-10 17:03:45,609 - Knowledge - INFO - [MONGODB_OP] Completed: persist, Collection: file_info, Duration: 88ms
2025-11-10 17:03:46,063 - Knowledge - INFO - [REDIS_OP] Completed: store_embedding, Key: src/rtmessage/rtHashMap.h, Duration: 276ms
2025-11-10 17:03:46,263 - Knowledge - INFO - persist search terms embedding for src/rtmessage/rtHashMap.h
2025-11-10 17:03:46,474 - Knowledge - INFO - process ingested knowledge for /app/data/T0015/222062/b1810jj/RBUS/src/rtmessage/rtHashMap.h
2025-11-10 17:03:46,648 - Knowledge - INFO - Found code-base-name: https://github.com/DarssiniRamesh/RBUS.git:main
2025-11-10 17:03:46,853 - Knowledge - INFO - Found code_base: <app.utils.kg_build.knowledge.KnowledgeCodeBase object at 0x7f95ddec9210>
2025-11-10 17:03:47,117 - Knowledge - INFO - Found code-base-name: https://github.com/DarssiniRamesh/RBUS.git:main
2025-11-10 17:03:47,288 - Knowledge - INFO - Found code_base: <app.utils.kg_build.knowledge.KnowledgeCodeBase object at 0x7f95ddec9210>
2025-11-10 17:03:47,483 - Knowledge - INFO - persist ingested knowledge for /app/data/T0015/222062/b1810jj/RBUS/src/rtmessage/rtDebug.c
2025-11-10 17:03:47,744 - Knowledge - INFO - [MONGODB_OP] Completed: persist, Collection: file_info, Duration: 87ms
2025-11-10 17:03:48,268 - Knowledge - INFO - [REDIS_OP] Completed: store_embedding, Key: src/rtmessage/rtDebug.c, Duration: 371ms
2025-11-10 17:03:48,425 - Knowledge - INFO - persist search terms embedding for src/rtmessage/rtDebug.c
2025-11-10 17:03:48,601 - Knowledge - INFO - process ingested knowledge for /app/data/T0015/222062/b1810jj/RBUS/src/rtmessage/rtDebug.c
2025-11-10 17:03:48,791 - Knowledge - INFO - Found code-base-name: https://github.com/DarssiniRamesh/RBUS.git:main
2025-11-10 17:03:48,948 - Knowledge - INFO - Found code_base: <app.utils.kg_build.knowledge.KnowledgeCodeBase object at 0x7f95ddec9210>
2025-11-10 17:03:49,207 - Knowledge - INFO - Found code-base-name: https://github.com/DarssiniRamesh/RBUS.git:main
2025-11-10 17:03:49,389 - Knowledge - INFO - Found code_base: <app.utils.kg_build.knowledge.KnowledgeCodeBase object at 0x7f95ddec9210>
2025-11-10 17:03:49,588 - Knowledge - INFO - persist ingested knowledge for /app/data/T0015/222062/b1810jj/RBUS/src/rtmessage/rtRetainable.c
2025-11-10 17:03:49,899 - Knowledge - INFO - [MONGODB_OP] Completed: persist, Collection: file_info, Duration: 89ms
2025-11-10 17:03:50,910 - Knowledge - INFO - [REDIS_OP] Completed: store_embedding, Key: src/rtmessage/rtRetainable.c, Duration: 814ms
2025-11-10 17:03:51,127 - Knowledge - INFO - persist search terms embedding for src/rtmessage/rtRetainable.c
2025-11-10 17:03:51,315 - Knowledge - INFO - process ingested knowledge for /app/data/T0015/222062/b1810jj/RBUS/src/rtmessage/rtRetainable.c
2025-11-10 17:03:51,491 - Knowledge - INFO - Found code-base-name: https://github.com/DarssiniRamesh/RBUS.git:main
2025-11-10 17:03:51,674 - Knowledge - INFO - Found code_base: <app.utils.kg_build.knowledge.KnowledgeCodeBase object at 0x7f95ddec9210>
2025-11-10 17:03:51,936 - Knowledge - INFO - Found code-base-name: https://github.com/DarssiniRamesh/RBUS.git:main
2025-11-10 17:03:52,113 - Knowledge - INFO - Found code_base: <app.utils.kg_build.knowledge.KnowledgeCodeBase object at 0x7f95ddec9210>
2025-11-10 17:03:52,275 - Knowledge - INFO - persist ingested knowledge for /app/data/T0015/222062/b1810jj/RBUS/utils/dataProvider/data/Device.WiFi.EndPoint.Security.json
2025-11-10 17:03:52,534 - Knowledge - INFO - [MONGODB_OP] Completed: persist, Collection: file_info, Duration: 88ms
2025-11-10 17:03:52,983 - Knowledge - INFO - [REDIS_OP] Completed: store_embedding, Key: utils/dataProvider/data/Device.WiFi.EndPoint.Security.json, Duration: 287ms
2025-11-10 17:03:53,158 - Knowledge - INFO - persist search terms embedding for utils/dataProvider/data/Device.WiFi.EndPoint.Security.json
2025-11-10 17:03:53,414 - Knowledge - INFO - process ingested knowledge for /app/data/T0015/222062/b1810jj/RBUS/utils/dataProvider/data/Device.WiFi.EndPoint.Security.json
2025-11-10 17:03:53,607 - Knowledge - INFO - Found code-base-name: https://github.com/DarssiniRamesh/RBUS.git:main
2025-11-10 17:03:53,783 - Knowledge - INFO - Found code_base: <app.utils.kg_build.knowledge.KnowledgeCodeBase object at 0x7f95ddec9210>
2025-11-10 17:03:54,017 - Knowledge - INFO - Found code-base-name: https://github.com/DarssiniRamesh/RBUS.git:main
2025-11-10 17:03:54,181 - Knowledge - INFO - Found code_base: <app.utils.kg_build.knowledge.KnowledgeCodeBase object at 0x7f95ddec9210>
2025-11-10 17:03:54,362 - Knowledge - INFO - persist ingested knowledge for /app/data/T0015/222062/b1810jj/RBUS/build_dependencies.sh
2025-11-10 17:03:54,612 - Knowledge - INFO - [MONGODB_OP] Completed: persist, Collection: file_info, Duration: 90ms
2025-11-10 17:03:55,070 - Knowledge - INFO - [REDIS_OP] Completed: store_embedding, Key: build_dependencies.sh, Duration: 287ms
2025-11-10 17:03:55,275 - Knowledge - INFO - persist search terms embedding for build_dependencies.sh
2025-11-10 17:03:55,472 - Knowledge - INFO - process ingested knowledge for /app/data/T0015/222062/b1810jj/RBUS/build_dependencies.sh
2025-11-10 17:03:55,629 - Knowledge - INFO - Found code-base-name: https://github.com/DarssiniRamesh/RBUS.git:main
2025-11-10 17:03:55,792 - Knowledge - INFO - Found code_base: <app.utils.kg_build.knowledge.KnowledgeCodeBase object at 0x7f95ddec9210>
2025-11-10 17:03:56,040 - Knowledge - INFO - Found code-base-name: https://github.com/DarssiniRamesh/RBUS.git:main
2025-11-10 17:03:56,226 - Knowledge - INFO - Found code_base: <app.utils.kg_build.knowledge.KnowledgeCodeBase object at 0x7f95ddec9210>
2025-11-10 17:03:56,397 - Knowledge - INFO - persist ingested knowledge for /app/data/T0015/222062/b1810jj/RBUS/unittests/gtest_app.h
2025-11-10 17:03:56,639 - Knowledge - INFO - [MONGODB_OP] Completed: persist, Collection: file_info, Duration: 83ms
2025-11-10 17:03:57,004 - Knowledge - INFO - [REDIS_OP] Completed: store_embedding, Key: unittests/gtest_app.h, Duration: 203ms
2025-11-10 17:03:57,181 - Knowledge - INFO - persist search terms embedding for unittests/gtest_app.h
2025-11-10 17:03:57,352 - Knowledge - INFO - process ingested knowledge for /app/data/T0015/222062/b1810jj/RBUS/unittests/gtest_app.h
2025-11-10 17:03:57,526 - Knowledge - INFO - Found code-base-name: https://github.com/DarssiniRamesh/RBUS.git:main
2025-11-10 17:03:57,697 - Knowledge - INFO - Found code_base: <app.utils.kg_build.knowledge.KnowledgeCodeBase object at 0x7f95ddec9210>
2025-11-10 17:03:57,946 - Knowledge - INFO - Found code-base-name: https://github.com/DarssiniRamesh/RBUS.git:main
2025-11-10 17:03:58,125 - Knowledge - INFO - Found code_base: <app.utils.kg_build.knowledge.KnowledgeCodeBase object at 0x7f95ddec9210>
2025-11-10 17:03:58,289 - Knowledge - INFO - persist ingested knowledge for /app/data/T0015/222062/b1810jj/RBUS/utils/dataProvider/data/Device.Services.json
2025-11-10 17:03:58,551 - Knowledge - INFO - [MONGODB_OP] Completed: persist, Collection: file_info, Duration: 89ms
2025-11-10 17:03:58,979 - Knowledge - INFO - [REDIS_OP] Completed: store_embedding, Key: utils/dataProvider/data/Device.Services.json, Duration: 227ms
2025-11-10 17:03:59,140 - Knowledge - INFO - persist search terms embedding for utils/dataProvider/data/Device.Services.json
2025-11-10 17:03:59,344 - Knowledge - INFO - process ingested knowledge for /app/data/T0015/222062/b1810jj/RBUS/utils/dataProvider/data/Device.Services.json
2025-11-10 17:03:59,556 - Knowledge - INFO - Found code-base-name: https://github.com/DarssiniRamesh/RBUS.git:main
2025-11-10 17:03:59,734 - Knowledge - INFO - Found code_base: <app.utils.kg_build.knowledge.KnowledgeCodeBase object at 0x7f95ddec9210>
2025-11-10 17:03:59,958 - Knowledge - INFO - Found code-base-name: https://github.com/DarssiniRamesh/RBUS.git:main
2025-11-10 17:04:00,173 - Knowledge - INFO - Found code_base: <app.utils.kg_build.knowledge.KnowledgeCodeBase object at 0x7f95ddec9210>
2025-11-10 17:04:00,368 - Knowledge - INFO - persist ingested knowledge for /app/data/T0015/222062/b1810jj/RBUS/test/core/bin_client.c
2025-11-10 17:04:00,617 - Knowledge - INFO - [MONGODB_OP] Completed: persist, Collection: file_info, Duration: 91ms
2025-11-10 17:04:01,102 - Knowledge - INFO - [REDIS_OP] Completed: store_embedding, Key: test/core/bin_client.c, Duration: 309ms
2025-11-10 17:04:01,268 - Knowledge - INFO - persist search terms embedding for test/core/bin_client.c
2025-11-10 17:04:01,433 - Knowledge - INFO - process ingested knowledge for /app/data/T0015/222062/b1810jj/RBUS/test/core/bin_client.c
2025-11-10 17:04:01,625 - Knowledge - INFO - Found code-base-name: https://github.com/DarssiniRamesh/RBUS.git:main
2025-11-10 17:04:01,837 - Knowledge - INFO - Found code_base: <app.utils.kg_build.knowledge.KnowledgeCodeBase object at 0x7f95ddec9210>
2025-11-10 17:04:02,093 - Knowledge - INFO - Found code-base-name: https://github.com/DarssiniRamesh/RBUS.git:main
2025-11-10 17:04:02,260 - Knowledge - INFO - Found code_base: <app.utils.kg_build.knowledge.KnowledgeCodeBase object at 0x7f95ddec9210>
2025-11-10 17:04:02,448 - Knowledge - INFO - persist ingested knowledge for /app/data/T0015/222062/b1810jj/RBUS/utils/dataProvider/sample_provider_wifi.cpp
2025-11-10 17:04:02,743 - Knowledge - INFO - [MONGODB_OP] Completed: persist, Collection: file_info, Duration: 111ms
2025-11-10 17:04:03,322 - Knowledge - INFO - [REDIS_OP] Completed: store_embedding, Key: utils/dataProvider/sample_provider_wifi.cpp, Duration: 394ms
2025-11-10 17:04:03,518 - Knowledge - INFO - persist search terms embedding for utils/dataProvider/sample_provider_wifi.cpp
2025-11-10 17:04:03,698 - Knowledge - INFO - process ingested knowledge for /app/data/T0015/222062/b1810jj/RBUS/utils/dataProvider/sample_provider_wifi.cpp
2025-11-10 17:04:03,871 - Knowledge - INFO - Found code-base-name: https://github.com/DarssiniRamesh/RBUS.git:main
2025-11-10 17:04:04,062 - Knowledge - INFO - Found code_base: <app.utils.kg_build.knowledge.KnowledgeCodeBase object at 0x7f95ddec9210>
2025-11-10 17:04:04,322 - Knowledge - INFO - Found code-base-name: https://github.com/DarssiniRamesh/RBUS.git:main
2025-11-10 17:04:04,487 - Knowledge - INFO - Found code_base: <app.utils.kg_build.knowledge.KnowledgeCodeBase object at 0x7f95ddec9210>
2025-11-10 17:04:04,685 - Knowledge - INFO - persist ingested knowledge for /app/data/T0015/222062/b1810jj/RBUS/src/rtmessage/rtString.c
2025-11-10 17:04:04,967 - Knowledge - INFO - [MONGODB_OP] Completed: persist, Collection: file_info, Duration: 79ms
2025-11-10 17:04:05,513 - Knowledge - INFO - [REDIS_OP] Completed: store_embedding, Key: src/rtmessage/rtString.c, Duration: 364ms
2025-11-10 17:04:05,674 - Knowledge - INFO - persist search terms embedding for src/rtmessage/rtString.c
2025-11-10 17:04:05,912 - Knowledge - INFO - process ingested knowledge for /app/data/T0015/222062/b1810jj/RBUS/src/rtmessage/rtString.c
2025-11-10 17:04:06,120 - Knowledge - INFO - Found code-base-name: https://github.com/DarssiniRamesh/RBUS.git:main
2025-11-10 17:04:06,293 - Knowledge - INFO - Found code_base: <app.utils.kg_build.knowledge.KnowledgeCodeBase object at 0x7f95ddec9210>
2025-11-10 17:04:06,544 - Knowledge - INFO - Found code-base-name: https://github.com/DarssiniRamesh/RBUS.git:main
2025-11-10 17:04:06,699 - Knowledge - INFO - Found code_base: <app.utils.kg_build.knowledge.KnowledgeCodeBase object at 0x7f95ddec9210>
2025-11-10 17:04:06,858 - Knowledge - INFO - persist ingested knowledge for /app/data/T0015/222062/b1810jj/RBUS/src/rtmessage/CMakeLists.txt
2025-11-10 17:04:07,127 - Knowledge - INFO - [MONGODB_OP] Completed: persist, Collection: file_info, Duration: 86ms
2025-11-10 17:04:07,652 - Knowledge - INFO - [REDIS_OP] Completed: store_embedding, Key: src/rtmessage/CMakeLists.txt, Duration: 316ms
2025-11-10 17:04:07,847 - Knowledge - INFO - persist search terms embedding for src/rtmessage/CMakeLists.txt
2025-11-10 17:04:08,024 - Knowledge - INFO - process ingested knowledge for /app/data/T0015/222062/b1810jj/RBUS/src/rtmessage/CMakeLists.txt
2025-11-10 17:04:08,238 - Knowledge - INFO - Found code-base-name: https://github.com/DarssiniRamesh/RBUS.git:main
2025-11-10 17:04:08,408 - Knowledge - INFO - Found code_base: <app.utils.kg_build.knowledge.KnowledgeCodeBase object at 0x7f95ddec9210>
2025-11-10 17:04:08,660 - Knowledge - INFO - Found code-base-name: https://github.com/DarssiniRamesh/RBUS.git:main
2025-11-10 17:04:08,854 - Knowledge - INFO - Found code_base: <app.utils.kg_build.knowledge.KnowledgeCodeBase object at 0x7f95ddec9210>
2025-11-10 17:04:09,039 - Knowledge - INFO - persist ingested knowledge for /app/data/T0015/222062/b1810jj/RBUS/utils/dataProvider/dmUtility.h
2025-11-10 17:04:09,299 - Knowledge - INFO - [MONGODB_OP] Completed: persist, Collection: file_info, Duration: 84ms
2025-11-10 17:04:09,756 - Knowledge - INFO - [REDIS_OP] Completed: store_embedding, Key: utils/dataProvider/dmUtility.h, Duration: 296ms
2025-11-10 17:04:09,919 - Knowledge - INFO - persist search terms embedding for utils/dataProvider/dmUtility.h
2025-11-10 17:04:10,153 - Knowledge - INFO - process ingested knowledge for /app/data/T0015/222062/b1810jj/RBUS/utils/dataProvider/dmUtility.h
2025-11-10 17:04:10,345 - Knowledge - INFO - Loaded 247 files from persisted knowledge
2025-11-10 17:04:10,529 - Knowledge - INFO - load persisted knowledge: end
2025-11-10 17:04:10,776 - Knowledge - INFO - Redis support added with prefix knowledge:b1810jj:
2025-11-10 17:04:11,163 - Knowledge - INFO - Starting knowledge initialization for ID: dzbwLG-b1810jj
2025-11-10 17:04:11,382 - Knowledge - INFO - 🔍 Checking Redis for build_id: b1810jj
2025-11-10 17:04:11,564 - Knowledge - INFO - 🔍 Full session ID: dzbwLG-b1810jj
2025-11-10 17:04:11,716 - Knowledge - INFO - 🔍 Redis prefix will be: knowledge:b1810jj:
2025-11-10 17:04:11,956 - Knowledge - INFO - 🔍 Using attached load_from_redis() method
2025-11-10 17:04:12,202 - Knowledge - INFO - 🔍 Attempting to load knowledge from Redis...
2025-11-10 17:04:12,380 - Knowledge - INFO - 🔍 Using derived instance_id for Redis lookup: b1810jj
2025-11-10 17:04:14,102 - Knowledge - WARNING - ❌ No Redis cache found
2025-11-10 17:04:15,804 - Knowledge - INFO - 📁 Loading knowledge from disk...
2025-11-10 17:04:16,015 - Knowledge - INFO - load persisted docinfo: begin
2025-11-10 17:04:16,241 - Knowledge - INFO - load persisted docinfo: end
2025-11-10 17:04:16,401 - Knowledge - INFO - 🔍 _load_persisted_knowledge called - checking for Redis optimization
2025-11-10 17:04:16,573 - Knowledge - INFO - ✅ load_from_redis method found - attempting Redis load
2025-11-10 17:04:16,749 - Knowledge - INFO - 🔍 Attempting to load knowledge from Redis...
2025-11-10 17:04:16,907 - Knowledge - INFO - 🔍 Using derived instance_id for Redis lookup: b1810jj
2025-11-10 17:04:18,586 - Knowledge - WARNING - ❌ No Redis cache found
2025-11-10 17:04:18,794 - Knowledge - INFO - ❌ Redis load returned False - falling back to file loading
2025-11-10 17:04:18,974 - Knowledge - INFO - load persisted knowledge: begin
2025-11-10 17:04:21,154 - Knowledge - INFO - Persisted knowledge files in /app/data/T0015/222062/b1810jj/RBUS/.knowledge have been renamed to use .json
2025-11-10 17:04:21,336 - Knowledge - INFO - Found code-base-name: https://github.com/DarssiniRamesh/RBUS.git:main
2025-11-10 17:04:21,500 - Knowledge - INFO - Found code_base: <app.utils.kg_build.knowledge.KnowledgeCodeBase object at 0x7f95ddec9210>
2025-11-10 17:04:21,698 - Knowledge - INFO - process ingested knowledge for /app/data/T0015/222062/b1810jj/RBUS/cov_build.sh
2025-11-10 17:04:21,903 - Knowledge - INFO - Found code-base-name: https://github.com/DarssiniRamesh/RBUS.git:main
2025-11-10 17:04:22,077 - Knowledge - INFO - Found code_base: <app.utils.kg_build.knowledge.KnowledgeCodeBase object at 0x7f95ddec9210>
2025-11-10 17:04:22,233 - Knowledge - INFO - process ingested knowledge for /app/data/T0015/222062/b1810jj/RBUS/utils/dataProvider/dmError.cpp
2025-11-10 17:04:22,431 - Knowledge - INFO - Found code-base-name: https://github.com/DarssiniRamesh/RBUS.git:main
2025-11-10 17:04:22,633 - Knowledge - INFO - Found code_base: <app.utils.kg_build.knowledge.KnowledgeCodeBase object at 0x7f95ddec9210>
2025-11-10 17:04:22,806 - Knowledge - INFO - process ingested knowledge for /app/data/T0015/222062/b1810jj/RBUS/utils/dataProvider/dmQueryResult.h
2025-11-10 17:04:22,976 - Knowledge - INFO - Found code-base-name: https://github.com/DarssiniRamesh/RBUS.git:main
2025-11-10 17:04:23,164 - Knowledge - INFO - Found code_base: <app.utils.kg_build.knowledge.KnowledgeCodeBase object at 0x7f95ddec9210>
2025-11-10 17:04:23,343 - Knowledge - INFO - process ingested knowledge for /app/data/T0015/222062/b1810jj/RBUS/utils/codegen/ccsp_style_generator/sampleapp/final/Sample_rbus.h
2025-11-10 17:04:23,534 - Knowledge - INFO - Found code-base-name: https://github.com/DarssiniRamesh/RBUS.git:main
2025-11-10 17:04:23,738 - Knowledge - INFO - Found code_base: <app.utils.kg_build.knowledge.KnowledgeCodeBase object at 0x7f95ddec9210>
2025-11-10 17:04:23,973 - Knowledge - INFO - process ingested knowledge for /app/data/T0015/222062/b1810jj/RBUS/unittests/CMakeLists.txt
2025-11-10 17:04:24,134 - Knowledge - INFO - Found code-base-name: https://github.com/DarssiniRamesh/RBUS.git:main
2025-11-10 17:04:24,294 - Knowledge - INFO - Found code_base: <app.utils.kg_build.knowledge.KnowledgeCodeBase object at 0x7f95ddec9210>
2025-11-10 17:04:24,498 - Knowledge - INFO - process ingested knowledge for /app/data/T0015/222062/b1810jj/RBUS/utils/dataProvider/data/Device.DeviceInfo.X_RDKCENTRAL-COM_xOpsDeviceMgmt.json
2025-11-10 17:04:24,667 - Knowledge - INFO - Found code-base-name: https://github.com/DarssiniRamesh/RBUS.git:main
2025-11-10 17:04:24,822 - Knowledge - INFO - Found code_base: <app.utils.kg_build.knowledge.KnowledgeCodeBase object at 0x7f95ddec9210>
2025-11-10 17:04:25,035 - Knowledge - INFO - process ingested knowledge for /app/data/T0015/222062/b1810jj/RBUS/utils/dataProvider/data/Device.WiFi.X_RDKCENTRAL-COM_Lnf.Psk.json
2025-11-10 17:04:25,194 - Knowledge - INFO - Found code-base-name: https://github.com/DarssiniRamesh/RBUS.git:main
2025-11-10 17:04:25,429 - Knowledge - INFO - Found code_base: <app.utils.kg_build.knowledge.KnowledgeCodeBase object at 0x7f95ddec9210>
2025-11-10 17:04:25,624 - Knowledge - INFO - process ingested knowledge for /app/data/T0015/222062/b1810jj/RBUS/utils/codegen/ccsp_style_generator/sampleapp/final/Sample_app.c
2025-11-10 17:04:25,837 - Knowledge - INFO - Found code-base-name: https://github.com/DarssiniRamesh/RBUS.git:main
2025-11-10 17:04:26,018 - Knowledge - INFO - Found code_base: <app.utils.kg_build.knowledge.KnowledgeCodeBase object at 0x7f95ddec9210>
2025-11-10 17:04:26,189 - Knowledge - INFO - process ingested knowledge for /app/data/T0015/222062/b1810jj/RBUS/test/rbus/consumer/partialPath.c
2025-11-10 17:04:26,357 - Knowledge - INFO - Found code-base-name: https://github.com/DarssiniRamesh/RBUS.git:main
2025-11-10 17:04:26,534 - Knowledge - INFO - Found code_base: <app.utils.kg_build.knowledge.KnowledgeCodeBase object at 0x7f95ddec9210>
2025-11-10 17:04:26,703 - Knowledge - INFO - process ingested knowledge for /app/data/T0015/222062/b1810jj/RBUS/utils/dataProvider/data/Device.X_RDKCENTRAL-COM_Camera.json
2025-11-10 17:04:26,895 - Knowledge - INFO - Found code-base-name: https://github.com/DarssiniRamesh/RBUS.git:main
2025-11-10 17:04:27,062 - Knowledge - INFO - Found code_base: <app.utils.kg_build.knowledge.KnowledgeCodeBase object at 0x7f95ddec9210>
2025-11-10 17:04:27,236 - Knowledge - INFO - process ingested knowledge for /app/data/T0015/222062/b1810jj/RBUS/test/core/rbus_perf.cpp
2025-11-10 17:04:27,418 - Knowledge - INFO - Found code-base-name: https://github.com/DarssiniRamesh/RBUS.git:main
2025-11-10 17:04:27,583 - Knowledge - INFO - Found code_base: <app.utils.kg_build.knowledge.KnowledgeCodeBase object at 0x7f95ddec9210>
2025-11-10 17:04:27,736 - Knowledge - INFO - process ingested knowledge for /app/data/T0015/222062/b1810jj/RBUS/test/rbus/consumer/elementTree.c
2025-11-10 17:04:27,950 - Knowledge - INFO - Found code-base-name: https://github.com/DarssiniRamesh/RBUS.git:main
2025-11-10 17:04:28,153 - Knowledge - INFO - Found code_base: <app.utils.kg_build.knowledge.KnowledgeCodeBase object at 0x7f95ddec9210>
2025-11-10 17:04:28,345 - Knowledge - INFO - process ingested knowledge for /app/data/T0015/222062/b1810jj/RBUS/test/rbus/rbusTestTimeoutValues/testTimeoutValuesConsumer.c
2025-11-10 17:04:28,501 - Knowledge - INFO - Found code-base-name: https://github.com/DarssiniRamesh/RBUS.git:main
2025-11-10 17:04:28,715 - Knowledge - INFO - Found code_base: <app.utils.kg_build.knowledge.KnowledgeCodeBase object at 0x7f95ddec9210>
2025-11-10 17:04:28,878 - Knowledge - INFO - process ingested knowledge for /app/data/T0015/222062/b1810jj/RBUS/sampleapps/rtmessage/sample_super.c
2025-11-10 17:04:29,111 - Knowledge - INFO - Found code-base-name: https://github.com/DarssiniRamesh/RBUS.git:main
2025-11-10 17:04:29,306 - Knowledge - INFO - Found code_base: <app.utils.kg_build.knowledge.KnowledgeCodeBase object at 0x7f95ddec9210>
2025-11-10 17:04:29,488 - Knowledge - INFO - process ingested knowledge for /app/data/T0015/222062/b1810jj/RBUS/unittests/rbusTokenTest.cpp
2025-11-10 17:04:29,653 - Knowledge - INFO - Found code-base-name: https://github.com/DarssiniRamesh/RBUS.git:main
2025-11-10 17:04:29,849 - Knowledge - INFO - Found code_base: <app.utils.kg_build.knowledge.KnowledgeCodeBase object at 0x7f95ddec9210>
2025-11-10 17:04:30,027 - Knowledge - INFO - process ingested knowledge for /app/data/T0015/222062/b1810jj/RBUS/test/core/sample_server.c
2025-11-10 17:04:30,189 - Knowledge - INFO - Found code-base-name: https://github.com/DarssiniRamesh/RBUS.git:main
2025-11-10 17:04:30,359 - Knowledge - INFO - Found code_base: <app.utils.kg_build.knowledge.KnowledgeCodeBase object at 0x7f95ddec9210>
2025-11-10 17:04:30,514 - Knowledge - INFO - process ingested knowledge for /app/data/T0015/222062/b1810jj/RBUS/src/rtmessage/rtVector.h
2025-11-10 17:04:30,698 - Knowledge - INFO - Found code-base-name: https://github.com/DarssiniRamesh/RBUS.git:main
2025-11-10 17:04:30,866 - Knowledge - INFO - Found code_base: <app.utils.kg_build.knowledge.KnowledgeCodeBase object at 0x7f95ddec9210>
2025-11-10 17:04:31,063 - Knowledge - INFO - process ingested knowledge for /app/data/T0015/222062/b1810jj/RBUS/src/rbus/CMakeLists.txt
2025-11-10 17:04:31,225 - Knowledge - INFO - Found code-base-name: https://github.com/DarssiniRamesh/RBUS.git:main
2025-11-10 17:04:31,429 - Knowledge - INFO - Found code_base: <app.utils.kg_build.knowledge.KnowledgeCodeBase object at 0x7f95ddec9210>
2025-11-10 17:04:31,618 - Knowledge - INFO - process ingested knowledge for /app/data/T0015/222062/b1810jj/RBUS/test/rbus/common/testValueHelper.c
2025-11-10 17:04:31,769 - Knowledge - INFO - Found code-base-name: https://github.com/DarssiniRamesh/RBUS.git:main
2025-11-10 17:04:31,943 - Knowledge - INFO - Found code_base: <app.utils.kg_build.knowledge.KnowledgeCodeBase object at 0x7f95ddec9210>
2025-11-10 17:04:32,154 - Knowledge - INFO - process ingested knowledge for /app/data/T0015/222062/b1810jj/RBUS/test/rbus/rbusGetExtSetMulti/testSetMultiProvider.c
2025-11-10 17:04:32,329 - Knowledge - INFO - Found code-base-name: https://github.com/DarssiniRamesh/RBUS.git:main
2025-11-10 17:04:32,540 - Knowledge - INFO - Found code_base: <app.utils.kg_build.knowledge.KnowledgeCodeBase object at 0x7f95ddec9210>
2025-11-10 17:04:32,701 - Knowledge - INFO - process ingested knowledge for /app/data/T0015/222062/b1810jj/RBUS/sampleapps/rtmessage/rtsend.c
2025-11-10 17:04:32,902 - Knowledge - INFO - Found code-base-name: https://github.com/DarssiniRamesh/RBUS.git:main
2025-11-10 17:04:33,098 - Knowledge - INFO - Found code_base: <app.utils.kg_build.knowledge.KnowledgeCodeBase object at 0x7f95ddec9210>
2025-11-10 17:04:33,293 - Knowledge - INFO - process ingested knowledge for /app/data/T0015/222062/b1810jj/RBUS/test/core/loadtest.cpp
2025-11-10 17:04:33,462 - Knowledge - INFO - Found code-base-name: https://github.com/DarssiniRamesh/RBUS.git:main
2025-11-10 17:04:33,668 - Knowledge - INFO - Found code_base: <app.utils.kg_build.knowledge.KnowledgeCodeBase object at 0x7f95ddec9210>
2025-11-10 17:04:33,835 - Knowledge - INFO - process ingested knowledge for /app/data/T0015/222062/b1810jj/RBUS/src/rtmessage/rtEncoder.c
2025-11-10 17:04:34,001 - Knowledge - INFO - Found code-base-name: https://github.com/DarssiniRamesh/RBUS.git:main
2025-11-10 17:04:34,166 - Knowledge - INFO - Found code_base: <app.utils.kg_build.knowledge.KnowledgeCodeBase object at 0x7f95ddec9210>
2025-11-10 17:04:34,409 - Knowledge - INFO - process ingested knowledge for /app/data/T0015/222062/b1810jj/RBUS/utils/dataProvider/data/Device.DeviceInfo.ProcessStatus.json
2025-11-10 17:04:34,574 - Knowledge - INFO - Found code-base-name: https://github.com/DarssiniRamesh/RBUS.git:main
2025-11-10 17:04:34,776 - Knowledge - INFO - Found code_base: <app.utils.kg_build.knowledge.KnowledgeCodeBase object at 0x7f95ddec9210>
2025-11-10 17:04:34,949 - Knowledge - INFO - process ingested knowledge for /app/data/T0015/222062/b1810jj/RBUS/utils/dataProvider/dmValue.h
2025-11-10 17:04:35,122 - Knowledge - INFO - Found code-base-name: https://github.com/DarssiniRamesh/RBUS.git:main
2025-11-10 17:04:35,313 - Knowledge - INFO - Found code_base: <app.utils.kg_build.knowledge.KnowledgeCodeBase object at 0x7f95ddec9210>
2025-11-10 17:04:35,531 - Knowledge - INFO - process ingested knowledge for /app/data/T0015/222062/b1810jj/RBUS/utils/dataProvider/data/Device.DeviceInfo.X_RDKCENTRAL-COM_RFC.Feature.AutoReboot.json
2025-11-10 17:04:35,709 - Knowledge - INFO - Found code-base-name: https://github.com/DarssiniRamesh/RBUS.git:main
2025-11-10 17:04:35,870 - Knowledge - INFO - Found code_base: <app.utils.kg_build.knowledge.KnowledgeCodeBase object at 0x7f95ddec9210>
2025-11-10 17:04:36,062 - Knowledge - INFO - process ingested knowledge for /app/data/T0015/222062/b1810jj/RBUS/test/rbus/multiRbusOpenEventConsumer/multiRbusOpenEventConsumer.c
2025-11-10 17:04:36,236 - Knowledge - INFO - Found code-base-name: https://github.com/DarssiniRamesh/RBUS.git:main
2025-11-10 17:04:36,412 - Knowledge - INFO - Found code_base: <app.utils.kg_build.knowledge.KnowledgeCodeBase object at 0x7f95ddec9210>
2025-11-10 17:04:36,610 - Knowledge - INFO - process ingested knowledge for /app/data/T0015/222062/b1810jj/RBUS/utils/dataProvider/data/Device.WiFi.EndPoint.Adapter.json
2025-11-10 17:04:36,807 - Knowledge - INFO - Found code-base-name: https://github.com/DarssiniRamesh/RBUS.git:main
2025-11-10 17:04:36,966 - Knowledge - INFO - Found code_base: <app.utils.kg_build.knowledge.KnowledgeCodeBase object at 0x7f95ddec9210>
2025-11-10 17:04:37,135 - Knowledge - INFO - process ingested knowledge for /app/data/T0015/222062/b1810jj/RBUS/utils/dataProvider/data/Device.Services.CVR.json
2025-11-10 17:04:37,302 - Knowledge - INFO - Found code-base-name: https://github.com/DarssiniRamesh/RBUS.git:main
2025-11-10 17:04:37,462 - Knowledge - INFO - Found code_base: <app.utils.kg_build.knowledge.KnowledgeCodeBase object at 0x7f95ddec9210>
2025-11-10 17:04:37,687 - Knowledge - INFO - process ingested knowledge for /app/data/T0015/222062/b1810jj/RBUS/test/core/sample_client.c
2025-11-10 17:04:37,849 - Knowledge - INFO - Found code-base-name: https://github.com/DarssiniRamesh/RBUS.git:main
2025-11-10 17:04:38,055 - Knowledge - INFO - Found code_base: <app.utils.kg_build.knowledge.KnowledgeCodeBase object at 0x7f95ddec9210>
2025-11-10 17:04:38,216 - Knowledge - INFO - process ingested knowledge for /app/data/T0015/222062/b1810jj/RBUS/test/rbus/consumer/subscribe.c
2025-11-10 17:04:38,394 - Knowledge - INFO - Found code-base-name: https://github.com/DarssiniRamesh/RBUS.git:main
2025-11-10 17:04:38,614 - Knowledge - INFO - Found code_base: <app.utils.kg_build.knowledge.KnowledgeCodeBase object at 0x7f95ddec9210>
2025-11-10 17:04:38,787 - Knowledge - INFO - process ingested knowledge for /app/data/T0015/222062/b1810jj/RBUS/test/rbus/CMakeLists.txt
2025-11-10 17:04:38,957 - Knowledge - INFO - Found code-base-name: https://github.com/DarssiniRamesh/RBUS.git:main
2025-11-10 17:04:39,164 - Knowledge - INFO - Found code_base: <app.utils.kg_build.knowledge.KnowledgeCodeBase object at 0x7f95ddec9210>
2025-11-10 17:04:39,346 - Knowledge - INFO - process ingested knowledge for /app/data/T0015/222062/b1810jj/RBUS/utils/dataProvider/data/Device.WiFi.EndPoint.Interface.json
2025-11-10 17:04:39,556 - Knowledge - INFO - Found code-base-name: https://github.com/DarssiniRamesh/RBUS.git:main
2025-11-10 17:04:39,749 - Knowledge - INFO - Found code_base: <app.utils.kg_build.knowledge.KnowledgeCodeBase object at 0x7f95ddec9210>
2025-11-10 17:04:39,949 - Knowledge - INFO - process ingested knowledge for /app/data/T0015/222062/b1810jj/RBUS/unittests/main.cpp
2025-11-10 17:04:40,157 - Knowledge - INFO - Found code-base-name: https://github.com/DarssiniRamesh/RBUS.git:main
2025-11-10 17:04:40,346 - Knowledge - INFO - Found code_base: <app.utils.kg_build.knowledge.KnowledgeCodeBase object at 0x7f95ddec9210>
2025-11-10 17:04:40,547 - Knowledge - INFO - process ingested knowledge for /app/data/T0015/222062/b1810jj/RBUS/utils/rbuscli/rbuscli.c
2025-11-10 17:04:40,720 - Knowledge - INFO - Found code-base-name: https://github.com/DarssiniRamesh/RBUS.git:main
2025-11-10 17:04:40,889 - Knowledge - INFO - Found code_base: <app.utils.kg_build.knowledge.KnowledgeCodeBase object at 0x7f95ddec9210>
2025-11-10 17:04:41,042 - Knowledge - INFO - process ingested knowledge for /app/data/T0015/222062/b1810jj/RBUS/src/rtmessage/rtCipher.h
2025-11-10 17:04:41,212 - Knowledge - INFO - Found code-base-name: https://github.com/DarssiniRamesh/RBUS.git:main
2025-11-10 17:04:41,438 - Knowledge - INFO - Found code_base: <app.utils.kg_build.knowledge.KnowledgeCodeBase object at 0x7f95ddec9210>
2025-11-10 17:04:41,601 - Knowledge - INFO - process ingested knowledge for /app/data/T0015/222062/b1810jj/RBUS/utils/dataProvider/data/Device.WiFi.Radio.Stats.json
2025-11-10 17:04:41,756 - Knowledge - INFO - Found code-base-name: https://github.com/DarssiniRamesh/RBUS.git:main
2025-11-10 17:04:41,994 - Knowledge - INFO - Found code_base: <app.utils.kg_build.knowledge.KnowledgeCodeBase object at 0x7f95ddec9210>
2025-11-10 17:04:42,262 - Knowledge - INFO - process ingested knowledge for /app/data/T0015/222062/b1810jj/RBUS/utils/dataProvider/dmProviderHost.h
2025-11-10 17:04:42,443 - Knowledge - INFO - Found code-base-name: https://github.com/DarssiniRamesh/RBUS.git:main
2025-11-10 17:04:42,653 - Knowledge - INFO - Found code_base: <app.utils.kg_build.knowledge.KnowledgeCodeBase object at 0x7f95ddec9210>
2025-11-10 17:04:42,826 - Knowledge - INFO - process ingested knowledge for /app/data/T0015/222062/b1810jj/RBUS/test/rbus/multiRbusOpenConsumer/multiRbusOpenConsumer.c
2025-11-10 17:04:43,051 - Knowledge - INFO - Found code-base-name: https://github.com/DarssiniRamesh/RBUS.git:main
2025-11-10 17:04:43,221 - Knowledge - INFO - Found code_base: <app.utils.kg_build.knowledge.KnowledgeCodeBase object at 0x7f95ddec9210>
2025-11-10 17:04:43,388 - Knowledge - INFO - process ingested knowledge for /app/data/T0015/222062/b1810jj/RBUS/test/rbus/multiRbusOpenMethodProvider/multiRbusOpenMethodProvider.c
2025-11-10 17:04:43,556 - Knowledge - INFO - Found code-base-name: https://github.com/DarssiniRamesh/RBUS.git:main
2025-11-10 17:04:43,769 - Knowledge - INFO - Found code_base: <app.utils.kg_build.knowledge.KnowledgeCodeBase object at 0x7f95ddec9210>
2025-11-10 17:04:43,931 - Knowledge - INFO - process ingested knowledge for /app/data/T0015/222062/b1810jj/RBUS/test/rbus/rbusTestValue.c
2025-11-10 17:04:44,108 - Knowledge - INFO - Found code-base-name: https://github.com/DarssiniRamesh/RBUS.git:main
2025-11-10 17:04:44,312 - Knowledge - INFO - Found code_base: <app.utils.kg_build.knowledge.KnowledgeCodeBase object at 0x7f95ddec9210>
2025-11-10 17:04:44,472 - Knowledge - INFO - process ingested knowledge for /app/data/T0015/222062/b1810jj/RBUS/utils/dataProvider/data/Device.WiFi.X_RDKCENTRAL-COM_Lnf.json
2025-11-10 17:04:44,643 - Knowledge - INFO - Found code-base-name: https://github.com/DarssiniRamesh/RBUS.git:main
2025-11-10 17:04:44,796 - Knowledge - INFO - Found code_base: <app.utils.kg_build.knowledge.KnowledgeCodeBase object at 0x7f95ddec9210>
2025-11-10 17:04:44,987 - Knowledge - INFO - process ingested knowledge for /app/data/T0015/222062/b1810jj/RBUS/src/rtmessage/rtString.h
2025-11-10 17:04:45,159 - Knowledge - INFO - Found code-base-name: https://github.com/DarssiniRamesh/RBUS.git:main
2025-11-10 17:04:45,342 - Knowledge - INFO - Found code_base: <app.utils.kg_build.knowledge.KnowledgeCodeBase object at 0x7f95ddec9210>
2025-11-10 17:04:45,521 - Knowledge - INFO - process ingested knowledge for /app/data/T0015/222062/b1810jj/RBUS/src/rtmessage/rtRetainable.h
2025-11-10 17:04:45,694 - Knowledge - INFO - Found code-base-name: https://github.com/DarssiniRamesh/RBUS.git:main
2025-11-10 17:04:46,021 - Knowledge - INFO - Found code_base: <app.utils.kg_build.knowledge.KnowledgeCodeBase object at 0x7f95ddec9210>
2025-11-10 17:04:46,215 - Knowledge - INFO - process ingested knowledge for /app/data/T0015/222062/b1810jj/RBUS/src/rtmessage/rtDebug.h
2025-11-10 17:04:46,415 - Knowledge - INFO - Found code-base-name: https://github.com/DarssiniRamesh/RBUS.git:main
2025-11-10 17:04:46,585 - Knowledge - INFO - Found code_base: <app.utils.kg_build.knowledge.KnowledgeCodeBase object at 0x7f95ddec9210>
2025-11-10 17:04:46,747 - Knowledge - INFO - process ingested knowledge for /app/data/T0015/222062/b1810jj/RBUS/src/session_manager/test/sample_client.c
2025-11-10 17:04:46,900 - Knowledge - INFO - Found code-base-name: https://github.com/DarssiniRamesh/RBUS.git:main
2025-11-10 17:04:47,060 - Knowledge - INFO - Found code_base: <app.utils.kg_build.knowledge.KnowledgeCodeBase object at 0x7f95ddec9210>
2025-11-10 17:04:47,225 - Knowledge - INFO - process ingested knowledge for /app/data/T0015/222062/b1810jj/RBUS/test/rbus/multiRbusOpenRbusSetConsumer/multiRbusOpenRbusSetConsumer.c
2025-11-10 17:04:47,398 - Knowledge - INFO - Found code-base-name: https://github.com/DarssiniRamesh/RBUS.git:main
2025-11-10 17:04:47,562 - Knowledge - INFO - Found code_base: <app.utils.kg_build.knowledge.KnowledgeCodeBase object at 0x7f95ddec9210>
2025-11-10 17:04:47,798 - Knowledge - INFO - process ingested knowledge for /app/data/T0015/222062/b1810jj/RBUS/unittests/rbus_test_server.c
2025-11-10 17:04:48,004 - Knowledge - INFO - Found code-base-name: https://github.com/DarssiniRamesh/RBUS.git:main
2025-11-10 17:04:48,203 - Knowledge - INFO - Found code_base: <app.utils.kg_build.knowledge.KnowledgeCodeBase object at 0x7f95ddec9210>
2025-11-10 17:04:48,398 - Knowledge - INFO - process ingested knowledge for /app/data/T0015/222062/b1810jj/RBUS/utils/dataProvider/data/Device.DeviceInfo.Webpa.json
2025-11-10 17:04:48,562 - Knowledge - INFO - Found code-base-name: https://github.com/DarssiniRamesh/RBUS.git:main
2025-11-10 17:04:48,759 - Knowledge - INFO - Found code_base: <app.utils.kg_build.knowledge.KnowledgeCodeBase object at 0x7f95ddec9210>
2025-11-10 17:04:48,918 - Knowledge - INFO - process ingested knowledge for /app/data/T0015/222062/b1810jj/RBUS/test/rbus/multiConsumerThreadsForSingleEvent/multiConsumerThreadsForSingleEvent.c
2025-11-10 17:04:49,081 - Knowledge - INFO - Found code-base-name: https://github.com/DarssiniRamesh/RBUS.git:main
2025-11-10 17:04:49,289 - Knowledge - INFO - Found code_base: <app.utils.kg_build.knowledge.KnowledgeCodeBase object at 0x7f95ddec9210>
2025-11-10 17:04:49,454 - Knowledge - INFO - process ingested knowledge for /app/data/T0015/222062/b1810jj/RBUS/utils/codegen/ccsp_style_generator/sampleapp/final/Sample_hal.c
2025-11-10 17:04:49,625 - Knowledge - INFO - Found code-base-name: https://github.com/DarssiniRamesh/RBUS.git:main
2025-11-10 17:04:49,804 - Knowledge - INFO - Found code_base: <app.utils.kg_build.knowledge.KnowledgeCodeBase object at 0x7f95ddec9210>
2025-11-10 17:04:49,987 - Knowledge - INFO - process ingested knowledge for /app/data/T0015/222062/b1810jj/RBUS/utils/codegen/ccsp_style_generator/src/rbus_context_helpers.c
2025-11-10 17:04:50,203 - Knowledge - INFO - Found code-base-name: https://github.com/DarssiniRamesh/RBUS.git:main
2025-11-10 17:04:50,416 - Knowledge - INFO - Found code_base: <app.utils.kg_build.knowledge.KnowledgeCodeBase object at 0x7f95ddec9210>
2025-11-10 17:04:50,569 - Knowledge - INFO - process ingested knowledge for /app/data/T0015/222062/b1810jj/RBUS/test/rbus/provider/rbusTestProvider.c
2025-11-10 17:04:50,766 - Knowledge - INFO - Found code-base-name: https://github.com/DarssiniRamesh/RBUS.git:main
2025-11-10 17:04:50,946 - Knowledge - INFO - Found code_base: <app.utils.kg_build.knowledge.KnowledgeCodeBase object at 0x7f95ddec9210>
2025-11-10 17:04:51,112 - Knowledge - INFO - process ingested knowledge for /app/data/T0015/222062/b1810jj/RBUS/utils/dataProvider/data/Device.DeviceInfo.X_RDKCENTRAL-COM_RFC.json
2025-11-10 17:04:51,275 - Knowledge - INFO - Found code-base-name: https://github.com/DarssiniRamesh/RBUS.git:main
2025-11-10 17:04:51,437 - Knowledge - INFO - Found code_base: <app.utils.kg_build.knowledge.KnowledgeCodeBase object at 0x7f95ddec9210>
2025-11-10 17:04:51,604 - Knowledge - INFO - process ingested knowledge for /app/data/T0015/222062/b1810jj/RBUS/sampleapps/message/rbusMessageSender.c
2025-11-10 17:04:51,835 - Knowledge - INFO - Found code-base-name: https://github.com/DarssiniRamesh/RBUS.git:main
2025-11-10 17:04:52,030 - Knowledge - INFO - Found code_base: <app.utils.kg_build.knowledge.KnowledgeCodeBase object at 0x7f95ddec9210>
2025-11-10 17:04:52,217 - Knowledge - INFO - process ingested knowledge for /app/data/T0015/222062/b1810jj/RBUS/utils/dataProvider/data/Device.Devicecontrol.json
2025-11-10 17:04:52,389 - Knowledge - INFO - Found code-base-name: https://github.com/DarssiniRamesh/RBUS.git:main
2025-11-10 17:04:52,557 - Knowledge - INFO - Found code_base: <app.utils.kg_build.knowledge.KnowledgeCodeBase object at 0x7f95ddec9210>
2025-11-10 17:04:52,752 - Knowledge - INFO - process ingested knowledge for /app/data/T0015/222062/b1810jj/RBUS/test/rbus/common/test_macros.h
2025-11-10 17:04:52,927 - Knowledge - INFO - Found code-base-name: https://github.com/DarssiniRamesh/RBUS.git:main
2025-11-10 17:04:53,095 - Knowledge - INFO - Found code_base: <app.utils.kg_build.knowledge.KnowledgeCodeBase object at 0x7f95ddec9210>
2025-11-10 17:04:53,262 - Knowledge - INFO - process ingested knowledge for /app/data/T0015/222062/b1810jj/RBUS/sampleapps/provider/utilities.c
2025-11-10 17:04:53,441 - Knowledge - INFO - Found code-base-name: https://github.com/DarssiniRamesh/RBUS.git:main
2025-11-10 17:04:53,602 - Knowledge - INFO - Found code_base: <app.utils.kg_build.knowledge.KnowledgeCodeBase object at 0x7f95ddec9210>
2025-11-10 17:04:53,769 - Knowledge - INFO - process ingested knowledge for /app/data/T0015/222062/b1810jj/RBUS/test/rbus/consumer/filter.c
2025-11-10 17:04:53,945 - Knowledge - INFO - Found code-base-name: https://github.com/DarssiniRamesh/RBUS.git:main
2025-11-10 17:04:54,160 - Knowledge - INFO - Found code_base: <app.utils.kg_build.knowledge.KnowledgeCodeBase object at 0x7f95ddec9210>
2025-11-10 17:04:54,319 - Knowledge - INFO - process ingested knowledge for /app/data/T0015/222062/b1810jj/RBUS/utils/dataProvider/dmPropertyInfo.h
2025-11-10 17:04:54,544 - Knowledge - INFO - Found code-base-name: https://github.com/DarssiniRamesh/RBUS.git:main
2025-11-10 17:04:54,741 - Knowledge - INFO - Found code_base: <app.utils.kg_build.knowledge.KnowledgeCodeBase object at 0x7f95ddec9210>
2025-11-10 17:04:54,923 - Knowledge - INFO - process ingested knowledge for /app/data/T0015/222062/b1810jj/RBUS/test/rbus/multiRbusOpenRbusGetConsumer/multiRbusOpenRbusGetConsumer.c
2025-11-10 17:04:55,099 - Knowledge - INFO - Found code-base-name: https://github.com/DarssiniRamesh/RBUS.git:main
2025-11-10 17:04:55,284 - Knowledge - INFO - Found code_base: <app.utils.kg_build.knowledge.KnowledgeCodeBase object at 0x7f95ddec9210>
2025-11-10 17:04:55,452 - Knowledge - INFO - process ingested knowledge for /app/data/T0015/222062/b1810jj/RBUS/utils/dataProvider/data/Device.X_RDKCENTRAL-COM_Camera.Thumbnail.json
2025-11-10 17:04:55,624 - Knowledge - INFO - Found code-base-name: https://github.com/DarssiniRamesh/RBUS.git:main
2025-11-10 17:04:55,822 - Knowledge - INFO - Found code_base: <app.utils.kg_build.knowledge.KnowledgeCodeBase object at 0x7f95ddec9210>
2025-11-10 17:04:56,004 - Knowledge - INFO - process ingested knowledge for /app/data/T0015/222062/b1810jj/RBUS/src/rtmessage/rtrouter_diag.h
2025-11-10 17:04:56,187 - Knowledge - INFO - Found code-base-name: https://github.com/DarssiniRamesh/RBUS.git:main
2025-11-10 17:04:56,423 - Knowledge - INFO - Found code_base: <app.utils.kg_build.knowledge.KnowledgeCodeBase object at 0x7f95ddec9210>
2025-11-10 17:04:56,622 - Knowledge - INFO - process ingested knowledge for /app/data/T0015/222062/b1810jj/RBUS/test/rbus/multiRbusOpenProvider/multiRbusOpenProvider.c
2025-11-10 17:04:56,807 - Knowledge - INFO - Found code-base-name: https://github.com/DarssiniRamesh/RBUS.git:main
2025-11-10 17:04:57,011 - Knowledge - INFO - Found code_base: <app.utils.kg_build.knowledge.KnowledgeCodeBase object at 0x7f95ddec9210>
2025-11-10 17:04:57,168 - Knowledge - INFO - process ingested knowledge for /app/data/T0015/222062/b1810jj/RBUS/sampleapps/consumer/rbusBlockingConsumer.c
2025-11-10 17:04:57,344 - Knowledge - INFO - Found code-base-name: https://github.com/DarssiniRamesh/RBUS.git:main
2025-11-10 17:04:57,501 - Knowledge - INFO - Found code_base: <app.utils.kg_build.knowledge.KnowledgeCodeBase object at 0x7f95ddec9210>
2025-11-10 17:04:57,685 - Knowledge - INFO - process ingested knowledge for /app/data/T0015/222062/b1810jj/RBUS/test/rbus/multiProviderThreadsForSingleEvent/multiProviderThreadsForSingleEvent.c
2025-11-10 17:04:57,853 - Knowledge - INFO - Found code-base-name: https://github.com/DarssiniRamesh/RBUS.git:main
2025-11-10 17:04:58,046 - Knowledge - INFO - Found code_base: <app.utils.kg_build.knowledge.KnowledgeCodeBase object at 0x7f95ddec9210>
2025-11-10 17:04:58,221 - Knowledge - INFO - process ingested knowledge for /app/data/T0015/222062/b1810jj/RBUS/src/rtmessage/rtMessage.h
2025-11-10 17:04:58,397 - Knowledge - INFO - Found code-base-name: https://github.com/DarssiniRamesh/RBUS.git:main
2025-11-10 17:04:58,607 - Knowledge - INFO - Found code_base: <app.utils.kg_build.knowledge.KnowledgeCodeBase object at 0x7f95ddec9210>
2025-11-10 17:04:58,779 - Knowledge - INFO - process ingested knowledge for /app/data/T0015/222062/b1810jj/RBUS/src/rtmessage/rtError.c
2025-11-10 17:04:58,986 - Knowledge - INFO - Found code-base-name: https://github.com/DarssiniRamesh/RBUS.git:main
2025-11-10 17:04:59,174 - Knowledge - INFO - Found code_base: <app.utils.kg_build.knowledge.KnowledgeCodeBase object at 0x7f95ddec9210>
2025-11-10 17:04:59,415 - Knowledge - INFO - process ingested knowledge for /app/data/T0015/222062/b1810jj/RBUS/src/rtmessage/rtBuffer.c
2025-11-10 17:04:59,604 - Knowledge - INFO - Found code-base-name: https://github.com/DarssiniRamesh/RBUS.git:main
2025-11-10 17:04:59,773 - Knowledge - INFO - Found code_base: <app.utils.kg_build.knowledge.KnowledgeCodeBase object at 0x7f95ddec9210>
2025-11-10 17:04:59,937 - Knowledge - INFO - process ingested knowledge for /app/data/T0015/222062/b1810jj/RBUS/src/session_manager/CMakeLists.txt
2025-11-10 17:05:00,146 - Knowledge - INFO - Found code-base-name: https://github.com/DarssiniRamesh/RBUS.git:main
2025-11-10 17:05:00,301 - Knowledge - INFO - Found code_base: <app.utils.kg_build.knowledge.KnowledgeCodeBase object at 0x7f95ddec9210>
2025-11-10 17:05:00,489 - Knowledge - INFO - process ingested knowledge for /app/data/T0015/222062/b1810jj/RBUS/src/rtmessage/rtsub.c
2025-11-10 17:05:00,677 - Knowledge - INFO - Found code-base-name: https://github.com/DarssiniRamesh/RBUS.git:main
2025-11-10 17:05:00,859 - Knowledge - INFO - Found code_base: <app.utils.kg_build.knowledge.KnowledgeCodeBase object at 0x7f95ddec9210>
2025-11-10 17:05:01,022 - Knowledge - INFO - process ingested knowledge for /app/data/T0015/222062/b1810jj/RBUS/utils/dataProvider/data/Device.DeviceInfo.MemoryStatus.json
2025-11-10 17:05:01,219 - Knowledge - INFO - Found code-base-name: https://github.com/DarssiniRamesh/RBUS.git:main
2025-11-10 17:05:01,446 - Knowledge - INFO - Found code_base: <app.utils.kg_build.knowledge.KnowledgeCodeBase object at 0x7f95ddec9210>
2025-11-10 17:05:01,621 - Knowledge - INFO - process ingested knowledge for /app/data/T0015/222062/b1810jj/RBUS/src/rtmessage/rtrouteBase.c
2025-11-10 17:05:01,815 - Knowledge - INFO - Found code-base-name: https://github.com/DarssiniRamesh/RBUS.git:main
2025-11-10 17:05:02,047 - Knowledge - INFO - Found code_base: <app.utils.kg_build.knowledge.KnowledgeCodeBase object at 0x7f95ddec9210>
2025-11-10 17:05:02,232 - Knowledge - INFO - process ingested knowledge for /app/data/T0015/222062/b1810jj/RBUS/utils/dataProvider/dmProviderInfo.h
2025-11-10 17:05:02,452 - Knowledge - INFO - Found code-base-name: https://github.com/DarssiniRamesh/RBUS.git:main
2025-11-10 17:05:02,633 - Knowledge - INFO - Found code_base: <app.utils.kg_build.knowledge.KnowledgeCodeBase object at 0x7f95ddec9210>
2025-11-10 17:05:02,824 - Knowledge - INFO - process ingested knowledge for /app/data/T0015/222062/b1810jj/RBUS/utils/dataProvider/CMakeLists.txt
2025-11-10 17:05:03,011 - Knowledge - INFO - Found code-base-name: https://github.com/DarssiniRamesh/RBUS.git:main
2025-11-10 17:05:03,181 - Knowledge - INFO - Found code_base: <app.utils.kg_build.knowledge.KnowledgeCodeBase object at 0x7f95ddec9210>
2025-11-10 17:05:03,333 - Knowledge - INFO - process ingested knowledge for /app/data/T0015/222062/b1810jj/RBUS/utils/codegen/ccsp_style_generator/sampleapp/codegen.sh
2025-11-10 17:05:03,529 - Knowledge - INFO - Found code-base-name: https://github.com/DarssiniRamesh/RBUS.git:main
2025-11-10 17:05:03,705 - Knowledge - INFO - Found code_base: <app.utils.kg_build.knowledge.KnowledgeCodeBase object at 0x7f95ddec9210>
2025-11-10 17:05:03,895 - Knowledge - INFO - process ingested knowledge for /app/data/T0015/222062/b1810jj/RBUS/src/rtmessage/rtBase64.h
2025-11-10 17:05:04,075 - Knowledge - INFO - Found code-base-name: https://github.com/DarssiniRamesh/RBUS.git:main
2025-11-10 17:05:04,243 - Knowledge - INFO - Found code_base: <app.utils.kg_build.knowledge.KnowledgeCodeBase object at 0x7f95ddec9210>
2025-11-10 17:05:04,458 - Knowledge - INFO - process ingested knowledge for /app/data/T0015/222062/b1810jj/RBUS/src/rtmessage/rtAtomic.h
2025-11-10 17:05:04,668 - Knowledge - INFO - Found code-base-name: https://github.com/DarssiniRamesh/RBUS.git:main
2025-11-10 17:05:04,862 - Knowledge - INFO - Found code_base: <app.utils.kg_build.knowledge.KnowledgeCodeBase object at 0x7f95ddec9210>
2025-11-10 17:05:05,032 - Knowledge - INFO - process ingested knowledge for /app/data/T0015/222062/b1810jj/RBUS/src/core/rbuscore.h
2025-11-10 17:05:05,238 - Knowledge - INFO - Found code-base-name: https://github.com/DarssiniRamesh/RBUS.git:main
2025-11-10 17:05:05,457 - Knowledge - INFO - Found code_base: <app.utils.kg_build.knowledge.KnowledgeCodeBase object at 0x7f95ddec9210>
2025-11-10 17:05:05,617 - Knowledge - INFO - process ingested knowledge for /app/data/T0015/222062/b1810jj/RBUS/test/rbus/multiRbusOpenRbusGetProvider/multiRbusOpenRbusGetProvider.c
2025-11-10 17:05:05,786 - Knowledge - INFO - Found code-base-name: https://github.com/DarssiniRamesh/RBUS.git:main
2025-11-10 17:05:05,943 - Knowledge - INFO - Found code_base: <app.utils.kg_build.knowledge.KnowledgeCodeBase object at 0x7f95ddec9210>
2025-11-10 17:05:06,106 - Knowledge - INFO - process ingested knowledge for /app/data/T0015/222062/b1810jj/RBUS/utils/dataProvider/dmValueType.h
2025-11-10 17:05:06,332 - Knowledge - INFO - Found code-base-name: https://github.com/DarssiniRamesh/RBUS.git:main
2025-11-10 17:05:06,507 - Knowledge - INFO - Found code_base: <app.utils.kg_build.knowledge.KnowledgeCodeBase object at 0x7f95ddec9210>
2025-11-10 17:05:06,692 - Knowledge - INFO - process ingested knowledge for /app/data/T0015/222062/b1810jj/RBUS/utils/dataProvider/data/Device.WiFi.json
2025-11-10 17:05:06,866 - Knowledge - INFO - Found code-base-name: https://github.com/DarssiniRamesh/RBUS.git:main
2025-11-10 17:05:07,049 - Knowledge - INFO - Found code_base: <app.utils.kg_build.knowledge.KnowledgeCodeBase object at 0x7f95ddec9210>
2025-11-10 17:05:07,218 - Knowledge - INFO - process ingested knowledge for /app/data/T0015/222062/b1810jj/RBUS/utils/dataProvider/data/Device.X_RDKCENTRAL-COM_Camera.Stream.json
2025-11-10 17:05:07,385 - Knowledge - INFO - Found code-base-name: https://github.com/DarssiniRamesh/RBUS.git:main
2025-11-10 17:05:07,595 - Knowledge - INFO - Found code_base: <app.utils.kg_build.knowledge.KnowledgeCodeBase object at 0x7f95ddec9210>
2025-11-10 17:05:07,762 - Knowledge - INFO - process ingested knowledge for /app/data/T0015/222062/b1810jj/RBUS/src/rtmessage/rtm_discovery_api.h
2025-11-10 17:05:07,973 - Knowledge - INFO - Found code-base-name: https://github.com/DarssiniRamesh/RBUS.git:main
2025-11-10 17:05:08,142 - Knowledge - INFO - Found code_base: <app.utils.kg_build.knowledge.KnowledgeCodeBase object at 0x7f95ddec9210>
2025-11-10 17:05:08,314 - Knowledge - INFO - process ingested knowledge for /app/data/T0015/222062/b1810jj/RBUS/utils/dataProvider/sample_provider_gen.cpp
2025-11-10 17:05:08,533 - Knowledge - INFO - Found code-base-name: https://github.com/DarssiniRamesh/RBUS.git:main
2025-11-10 17:05:08,693 - Knowledge - INFO - Found code_base: <app.utils.kg_build.knowledge.KnowledgeCodeBase object at 0x7f95ddec9210>
2025-11-10 17:05:08,861 - Knowledge - INFO - process ingested knowledge for /app/data/T0015/222062/b1810jj/RBUS/src/rtmessage/local_benchmarking.h
2025-11-10 17:05:09,117 - Knowledge - INFO - Found code-base-name: https://github.com/DarssiniRamesh/RBUS.git:main
2025-11-10 17:05:09,318 - Knowledge - INFO - Found code_base: <app.utils.kg_build.knowledge.KnowledgeCodeBase object at 0x7f95ddec9210>
2025-11-10 17:05:09,549 - Knowledge - INFO - process ingested knowledge for /app/data/T0015/222062/b1810jj/RBUS/utils/dataProvider/data/Device.X_RDKCENTRAL-COM_Camera.LiveStream.json
2025-11-10 17:05:09,730 - Knowledge - INFO - Found code-base-name: https://github.com/DarssiniRamesh/RBUS.git:main
2025-11-10 17:05:09,914 - Knowledge - INFO - Found code_base: <app.utils.kg_build.knowledge.KnowledgeCodeBase object at 0x7f95ddec9210>
2025-11-10 17:05:10,075 - Knowledge - INFO - process ingested knowledge for /app/data/T0015/222062/b1810jj/RBUS/utils/dataProvider/dmClient.h
2025-11-10 17:05:10,260 - Knowledge - INFO - Found code-base-name: https://github.com/DarssiniRamesh/RBUS.git:main
2025-11-10 17:05:10,426 - Knowledge - INFO - Found code_base: <app.utils.kg_build.knowledge.KnowledgeCodeBase object at 0x7f95ddec9210>
2025-11-10 17:05:10,632 - Knowledge - INFO - process ingested knowledge for /app/data/T0015/222062/b1810jj/RBUS/test/rbus/common/runningParamHelper.h
2025-11-10 17:05:10,821 - Knowledge - INFO - Found code-base-name: https://github.com/DarssiniRamesh/RBUS.git:main
2025-11-10 17:05:10,987 - Knowledge - INFO - Found code_base: <app.utils.kg_build.knowledge.KnowledgeCodeBase object at 0x7f95ddec9210>
2025-11-10 17:05:11,151 - Knowledge - INFO - process ingested knowledge for /app/data/T0015/222062/b1810jj/RBUS/utils/dataProvider/data/Device.WiFi.X_RDKCENTRAL-COM_BandSteering.json
2025-11-10 17:05:11,368 - Knowledge - INFO - Found code-base-name: https://github.com/DarssiniRamesh/RBUS.git:main
2025-11-10 17:05:11,547 - Knowledge - INFO - Found code_base: <app.utils.kg_build.knowledge.KnowledgeCodeBase object at 0x7f95ddec9210>
2025-11-10 17:05:11,728 - Knowledge - INFO - process ingested knowledge for /app/data/T0015/222062/b1810jj/RBUS/cmake/Findbreakpad.cmake
2025-11-10 17:05:11,887 - Knowledge - INFO - Found code-base-name: https://github.com/DarssiniRamesh/RBUS.git:main
2025-11-10 17:05:12,061 - Knowledge - INFO - Found code_base: <app.utils.kg_build.knowledge.KnowledgeCodeBase object at 0x7f95ddec9210>
2025-11-10 17:05:12,283 - Knowledge - INFO - process ingested knowledge for /app/data/T0015/222062/b1810jj/RBUS/test/rbus/consumer/methods.c
2025-11-10 17:05:12,451 - Knowledge - INFO - Found code-base-name: https://github.com/DarssiniRamesh/RBUS.git:main
2025-11-10 17:05:12,622 - Knowledge - INFO - Found code_base: <app.utils.kg_build.knowledge.KnowledgeCodeBase object at 0x7f95ddec9210>
2025-11-10 17:05:12,793 - Knowledge - INFO - process ingested knowledge for /app/data/T0015/222062/b1810jj/RBUS/utils/dataProvider/data/Device.DeviceInfo.X_RDKCENTRAL-COM_Syndication.json
2025-11-10 17:05:12,950 - Knowledge - INFO - Found code-base-name: https://github.com/DarssiniRamesh/RBUS.git:main
2025-11-10 17:05:13,140 - Knowledge - INFO - Found code_base: <app.utils.kg_build.knowledge.KnowledgeCodeBase object at 0x7f95ddec9210>
2025-11-10 17:05:13,355 - Knowledge - INFO - process ingested knowledge for /app/data/T0015/222062/b1810jj/RBUS/sampleapps/consumer/sample_rbus_session_mgr.c
2025-11-10 17:05:13,538 - Knowledge - INFO - Found code-base-name: https://github.com/DarssiniRamesh/RBUS.git:main
2025-11-10 17:05:13,731 - Knowledge - INFO - Found code_base: <app.utils.kg_build.knowledge.KnowledgeCodeBase object at 0x7f95ddec9210>
2025-11-10 17:05:13,891 - Knowledge - INFO - process ingested knowledge for /app/data/T0015/222062/b1810jj/RBUS/test/core/benchmark_test/rbus_benchmark_test_app.cpp
2025-11-10 17:05:14,134 - Knowledge - INFO - Found code-base-name: https://github.com/DarssiniRamesh/RBUS.git:main
2025-11-10 17:05:14,292 - Knowledge - INFO - Found code_base: <app.utils.kg_build.knowledge.KnowledgeCodeBase object at 0x7f95ddec9210>
2025-11-10 17:05:14,454 - Knowledge - INFO - process ingested knowledge for /app/data/T0015/222062/b1810jj/RBUS/cmake/Findlinenoise.cmake
2025-11-10 17:05:14,625 - Knowledge - INFO - Found code-base-name: https://github.com/DarssiniRamesh/RBUS.git:main
2025-11-10 17:05:14,787 - Knowledge - INFO - Found code_base: <app.utils.kg_build.knowledge.KnowledgeCodeBase object at 0x7f95ddec9210>
2025-11-10 17:05:14,967 - Knowledge - INFO - process ingested knowledge for /app/data/T0015/222062/b1810jj/RBUS/test/rbus/multiRbusOpenMethodConsumer/multiRbusOpenMethodConsumer.c
2025-11-10 17:05:15,179 - Knowledge - INFO - Found code-base-name: https://github.com/DarssiniRamesh/RBUS.git:main
2025-11-10 17:05:15,357 - Knowledge - INFO - Found code_base: <app.utils.kg_build.knowledge.KnowledgeCodeBase object at 0x7f95ddec9210>
2025-11-10 17:05:15,550 - Knowledge - INFO - process ingested knowledge for /app/data/T0015/222062/b1810jj/RBUS/cmake/CodeCoverage.cmake
2025-11-10 17:05:15,724 - Knowledge - INFO - Found code-base-name: https://github.com/DarssiniRamesh/RBUS.git:main
2025-11-10 17:05:15,883 - Knowledge - INFO - Found code_base: <app.utils.kg_build.knowledge.KnowledgeCodeBase object at 0x7f95ddec9210>
2025-11-10 17:05:16,093 - Knowledge - INFO - process ingested knowledge for /app/data/T0015/222062/b1810jj/RBUS/cmake/Findmsgpack.cmake
2025-11-10 17:05:16,259 - Knowledge - INFO - Found code-base-name: https://github.com/DarssiniRamesh/RBUS.git:main
2025-11-10 17:05:16,414 - Knowledge - INFO - Found code_base: <app.utils.kg_build.knowledge.KnowledgeCodeBase object at 0x7f95ddec9210>
2025-11-10 17:05:16,615 - Knowledge - INFO - process ingested knowledge for /app/data/T0015/222062/b1810jj/RBUS/unittests/rbus_event_server.c
2025-11-10 17:05:16,789 - Knowledge - INFO - Found code-base-name: https://github.com/DarssiniRamesh/RBUS.git:main
2025-11-10 17:05:16,988 - Knowledge - INFO - Found code_base: <app.utils.kg_build.knowledge.KnowledgeCodeBase object at 0x7f95ddec9210>
2025-11-10 17:05:17,144 - Knowledge - INFO - process ingested knowledge for /app/data/T0015/222062/b1810jj/RBUS/src/rbus/rbus_valuechange.h
2025-11-10 17:05:17,355 - Knowledge - INFO - Found code-base-name: https://github.com/DarssiniRamesh/RBUS.git:main
2025-11-10 17:05:17,546 - Knowledge - INFO - Found code_base: <app.utils.kg_build.knowledge.KnowledgeCodeBase object at 0x7f95ddec9210>
2025-11-10 17:05:17,696 - Knowledge - INFO - process ingested knowledge for /app/data/T0015/222062/b1810jj/RBUS/utils/dataProvider/dmProvider.h
2025-11-10 17:05:17,915 - Knowledge - INFO - Found code-base-name: https://github.com/DarssiniRamesh/RBUS.git:main
2025-11-10 17:05:18,091 - Knowledge - INFO - Found code_base: <app.utils.kg_build.knowledge.KnowledgeCodeBase object at 0x7f95ddec9210>
2025-11-10 17:05:18,250 - Knowledge - INFO - process ingested knowledge for /app/data/T0015/222062/b1810jj/RBUS/utils/codegen/ccsp_style_generator/scripts/rbus_code_generator_ccsp_style.sh
2025-11-10 17:05:18,432 - Knowledge - INFO - Found code-base-name: https://github.com/DarssiniRamesh/RBUS.git:main
2025-11-10 17:05:18,603 - Knowledge - INFO - Found code_base: <app.utils.kg_build.knowledge.KnowledgeCodeBase object at 0x7f95ddec9210>
2025-11-10 17:05:18,790 - Knowledge - INFO - process ingested knowledge for /app/data/T0015/222062/b1810jj/RBUS/utils/dataProvider/data/Device.DeviceInfo.X_RDKCENTRAL-COM_RFC.Feature.json
2025-11-10 17:05:18,962 - Knowledge - INFO - Found code-base-name: https://github.com/DarssiniRamesh/RBUS.git:main
2025-11-10 17:05:19,173 - Knowledge - INFO - Found code_base: <app.utils.kg_build.knowledge.KnowledgeCodeBase object at 0x7f95ddec9210>
2025-11-10 17:05:19,332 - Knowledge - INFO - process ingested knowledge for /app/data/T0015/222062/b1810jj/RBUS/src/rtmessage/rtMemory.h
2025-11-10 17:05:19,497 - Knowledge - INFO - Found code-base-name: https://github.com/DarssiniRamesh/RBUS.git:main
2025-11-10 17:05:19,645 - Knowledge - INFO - Found code_base: <app.utils.kg_build.knowledge.KnowledgeCodeBase object at 0x7f95ddec9210>
2025-11-10 17:05:19,837 - Knowledge - INFO - process ingested knowledge for /app/data/T0015/222062/b1810jj/RBUS/test/rbus/multiRbusOpenEventProvider/multiRbusOpenEventProvider.c
2025-11-10 17:05:20,004 - Knowledge - INFO - Found code-base-name: https://github.com/DarssiniRamesh/RBUS.git:main
2025-11-10 17:05:20,170 - Knowledge - INFO - Found code_base: <app.utils.kg_build.knowledge.KnowledgeCodeBase object at 0x7f95ddec9210>
2025-11-10 17:05:20,336 - Knowledge - INFO - process ingested knowledge for /app/data/T0015/222062/b1810jj/RBUS/utils/codegen/ccsp_style_generator/sampleapp/codegen/Sample_rbus.c
2025-11-10 17:05:20,558 - Knowledge - INFO - Found code-base-name: https://github.com/DarssiniRamesh/RBUS.git:main
2025-11-10 17:05:20,779 - Knowledge - INFO - Found code_base: <app.utils.kg_build.knowledge.KnowledgeCodeBase object at 0x7f95ddec9210>
2025-11-10 17:05:20,957 - Knowledge - INFO - process ingested knowledge for /app/data/T0015/222062/b1810jj/RBUS/utils/dataProvider/data/Device.WiFi.EndPoint.Stats.json
2025-11-10 17:05:21,116 - Knowledge - INFO - Found code-base-name: https://github.com/DarssiniRamesh/RBUS.git:main
2025-11-10 17:05:21,291 - Knowledge - INFO - Found code_base: <app.utils.kg_build.knowledge.KnowledgeCodeBase object at 0x7f95ddec9210>
2025-11-10 17:05:21,462 - Knowledge - INFO - process ingested knowledge for /app/data/T0015/222062/b1810jj/RBUS/src/rtmessage/rtSocket.h
2025-11-10 17:05:21,649 - Knowledge - INFO - Found code-base-name: https://github.com/DarssiniRamesh/RBUS.git:main
2025-11-10 17:05:21,809 - Knowledge - INFO - Found code_base: <app.utils.kg_build.knowledge.KnowledgeCodeBase object at 0x7f95ddec9210>
2025-11-10 17:05:21,980 - Knowledge - INFO - process ingested knowledge for /app/data/T0015/222062/b1810jj/RBUS/utils/dataProvider/dmProviderDatabase.cpp
2025-11-10 17:05:22,178 - Knowledge - INFO - Found code-base-name: https://github.com/DarssiniRamesh/RBUS.git:main
2025-11-10 17:05:22,349 - Knowledge - INFO - Found code_base: <app.utils.kg_build.knowledge.KnowledgeCodeBase object at 0x7f95ddec9210>
2025-11-10 17:05:22,511 - Knowledge - INFO - process ingested knowledge for /app/data/T0015/222062/b1810jj/RBUS/CMakeLists.txt
2025-11-10 17:05:22,710 - Knowledge - INFO - Found code-base-name: https://github.com/DarssiniRamesh/RBUS.git:main
2025-11-10 17:05:22,897 - Knowledge - INFO - Found code_base: <app.utils.kg_build.knowledge.KnowledgeCodeBase object at 0x7f95ddec9210>
2025-11-10 17:05:23,077 - Knowledge - INFO - process ingested knowledge for /app/data/T0015/222062/b1810jj/RBUS/src/core/rbuscore_types.h
2025-11-10 17:05:23,243 - Knowledge - INFO - Found code-base-name: https://github.com/DarssiniRamesh/RBUS.git:main
2025-11-10 17:05:23,421 - Knowledge - INFO - Found code_base: <app.utils.kg_build.knowledge.KnowledgeCodeBase object at 0x7f95ddec9210>
2025-11-10 17:05:23,595 - Knowledge - INFO - process ingested knowledge for /app/data/T0015/222062/b1810jj/RBUS/utils/dataProvider/data/Device.X_COMCAST-COM_Xcalibur.Client.json
2025-11-10 17:05:23,762 - Knowledge - INFO - Found code-base-name: https://github.com/DarssiniRamesh/RBUS.git:main
2025-11-10 17:05:23,938 - Knowledge - INFO - Found code_base: <app.utils.kg_build.knowledge.KnowledgeCodeBase object at 0x7f95ddec9210>
2025-11-10 17:05:24,143 - Knowledge - INFO - process ingested knowledge for /app/data/T0015/222062/b1810jj/RBUS/utils/CMakeLists.txt
2025-11-10 17:05:24,319 - Knowledge - INFO - Found code-base-name: https://github.com/DarssiniRamesh/RBUS.git:main
2025-11-10 17:05:24,496 - Knowledge - INFO - Found code_base: <app.utils.kg_build.knowledge.KnowledgeCodeBase object at 0x7f95ddec9210>
2025-11-10 17:05:24,678 - Knowledge - INFO - process ingested knowledge for /app/data/T0015/222062/b1810jj/RBUS/src/session_manager/rbus_session_mgr.h
2025-11-10 17:05:24,842 - Knowledge - INFO - Found code-base-name: https://github.com/DarssiniRamesh/RBUS.git:main
2025-11-10 17:05:25,025 - Knowledge - INFO - Found code_base: <app.utils.kg_build.knowledge.KnowledgeCodeBase object at 0x7f95ddec9210>
2025-11-10 17:05:25,200 - Knowledge - INFO - process ingested knowledge for /app/data/T0015/222062/b1810jj/RBUS/src/core/rbuscore_message.h
2025-11-10 17:05:25,362 - Knowledge - INFO - Found code-base-name: https://github.com/DarssiniRamesh/RBUS.git:main
2025-11-10 17:05:25,529 - Knowledge - INFO - Found code_base: <app.utils.kg_build.knowledge.KnowledgeCodeBase object at 0x7f95ddec9210>
2025-11-10 17:05:25,694 - Knowledge - INFO - process ingested knowledge for /app/data/T0015/222062/b1810jj/RBUS/src/rtmessage/rtAdvisory.h
2025-11-10 17:05:25,857 - Knowledge - INFO - Found code-base-name: https://github.com/DarssiniRamesh/RBUS.git:main
2025-11-10 17:05:26,021 - Knowledge - INFO - Found code_base: <app.utils.kg_build.knowledge.KnowledgeCodeBase object at 0x7f95ddec9210>
2025-11-10 17:05:26,189 - Knowledge - INFO - process ingested knowledge for /app/data/T0015/222062/b1810jj/RBUS/test/core/bin_header.h
2025-11-10 17:05:26,372 - Knowledge - INFO - Found code-base-name: https://github.com/DarssiniRamesh/RBUS.git:main
2025-11-10 17:05:26,537 - Knowledge - INFO - Found code_base: <app.utils.kg_build.knowledge.KnowledgeCodeBase object at 0x7f95ddec9210>
2025-11-10 17:05:26,700 - Knowledge - INFO - process ingested knowledge for /app/data/T0015/222062/b1810jj/RBUS/conf/rbus_log_capture.sh
2025-11-10 17:05:26,865 - Knowledge - INFO - Found code-base-name: https://github.com/DarssiniRamesh/RBUS.git:main
2025-11-10 17:05:27,020 - Knowledge - INFO - Found code_base: <app.utils.kg_build.knowledge.KnowledgeCodeBase object at 0x7f95ddec9210>
2025-11-10 17:05:27,198 - Knowledge - INFO - process ingested knowledge for /app/data/T0015/222062/b1810jj/RBUS/utils/dataProvider/dmcli.cpp
2025-11-10 17:05:27,399 - Knowledge - INFO - Found code-base-name: https://github.com/DarssiniRamesh/RBUS.git:main
2025-11-10 17:05:27,602 - Knowledge - INFO - Found code_base: <app.utils.kg_build.knowledge.KnowledgeCodeBase object at 0x7f95ddec9210>
2025-11-10 17:05:27,773 - Knowledge - INFO - process ingested knowledge for /app/data/T0015/222062/b1810jj/RBUS/utils/dataProvider/data/Device.X_RDKCENTRAL-COM_Camera.LiveStream.EvoStream.json
2025-11-10 17:05:27,948 - Knowledge - INFO - Found code-base-name: https://github.com/DarssiniRamesh/RBUS.git:main
2025-11-10 17:05:28,154 - Knowledge - INFO - Found code_base: <app.utils.kg_build.knowledge.KnowledgeCodeBase object at 0x7f95ddec9210>
2025-11-10 17:05:28,329 - Knowledge - INFO - process ingested knowledge for /app/data/T0015/222062/b1810jj/RBUS/test/rbus/consumer/rbusTestConsumer.c
2025-11-10 17:05:28,498 - Knowledge - INFO - Found code-base-name: https://github.com/DarssiniRamesh/RBUS.git:main
2025-11-10 17:05:28,670 - Knowledge - INFO - Found code_base: <app.utils.kg_build.knowledge.KnowledgeCodeBase object at 0x7f95ddec9210>
2025-11-10 17:05:28,843 - Knowledge - INFO - process ingested knowledge for /app/data/T0015/222062/b1810jj/RBUS/src/rbus/rbus_asyncsubscribe.c
2025-11-10 17:05:29,043 - Knowledge - INFO - Found code-base-name: https://github.com/DarssiniRamesh/RBUS.git:main
2025-11-10 17:05:29,231 - Knowledge - INFO - Found code_base: <app.utils.kg_build.knowledge.KnowledgeCodeBase object at 0x7f95ddec9210>
2025-11-10 17:05:29,436 - Knowledge - INFO - process ingested knowledge for /app/data/T0015/222062/b1810jj/RBUS/test/core/benchmark_test/rbus_test_util.h
2025-11-10 17:05:29,658 - Knowledge - INFO - Found code-base-name: https://github.com/DarssiniRamesh/RBUS.git:main
2025-11-10 17:05:29,878 - Knowledge - INFO - Found code_base: <app.utils.kg_build.knowledge.KnowledgeCodeBase object at 0x7f95ddec9210>
2025-11-10 17:05:30,043 - Knowledge - INFO - process ingested knowledge for /app/data/T0015/222062/b1810jj/RBUS/test/core/benchmark_test/CMakeLists.txt
2025-11-10 17:05:30,219 - Knowledge - INFO - Found code-base-name: https://github.com/DarssiniRamesh/RBUS.git:main
2025-11-10 17:05:30,395 - Knowledge - INFO - Found code_base: <app.utils.kg_build.knowledge.KnowledgeCodeBase object at 0x7f95ddec9210>
2025-11-10 17:05:30,593 - Knowledge - INFO - process ingested knowledge for /app/data/T0015/222062/b1810jj/RBUS/test/rbus/rbus_test.sh
2025-11-10 17:05:30,764 - Knowledge - INFO - Found code-base-name: https://github.com/DarssiniRamesh/RBUS.git:main
2025-11-10 17:05:30,971 - Knowledge - INFO - Found code_base: <app.utils.kg_build.knowledge.KnowledgeCodeBase object at 0x7f95ddec9210>
2025-11-10 17:05:31,131 - Knowledge - INFO - process ingested knowledge for /app/data/T0015/222062/b1810jj/RBUS/test/core/nested_server.c
2025-11-10 17:05:31,305 - Knowledge - INFO - Found code-base-name: https://github.com/DarssiniRamesh/RBUS.git:main
2025-11-10 17:05:31,489 - Knowledge - INFO - Found code_base: <app.utils.kg_build.knowledge.KnowledgeCodeBase object at 0x7f95ddec9210>
2025-11-10 17:05:31,662 - Knowledge - INFO - process ingested knowledge for /app/data/T0015/222062/b1810jj/RBUS/sampleapps/provider/utilities.h
2025-11-10 17:05:31,849 - Knowledge - INFO - Found code-base-name: https://github.com/DarssiniRamesh/RBUS.git:main
2025-11-10 17:05:32,050 - Knowledge - INFO - Found code_base: <app.utils.kg_build.knowledge.KnowledgeCodeBase object at 0x7f95ddec9210>
2025-11-10 17:05:32,231 - Knowledge - INFO - process ingested knowledge for /app/data/T0015/222062/b1810jj/RBUS/test/core/sample_datamodel.txt
2025-11-10 17:05:32,412 - Knowledge - INFO - Found code-base-name: https://github.com/DarssiniRamesh/RBUS.git:main
2025-11-10 17:05:32,614 - Knowledge - INFO - Found code_base: <app.utils.kg_build.knowledge.KnowledgeCodeBase object at 0x7f95ddec9210>
2025-11-10 17:05:32,786 - Knowledge - INFO - process ingested knowledge for /app/data/T0015/222062/b1810jj/RBUS/test/core/sample_wildcard_client.c
2025-11-10 17:05:32,954 - Knowledge - INFO - Found code-base-name: https://github.com/DarssiniRamesh/RBUS.git:main
2025-11-10 17:05:33,138 - Knowledge - INFO - Found code_base: <app.utils.kg_build.knowledge.KnowledgeCodeBase object at 0x7f95ddec9210>
2025-11-10 17:05:33,353 - Knowledge - INFO - process ingested knowledge for /app/data/T0015/222062/b1810jj/RBUS/test/core/every_client.c
2025-11-10 17:05:33,577 - Knowledge - INFO - Found code-base-name: https://github.com/DarssiniRamesh/RBUS.git:main
2025-11-10 17:05:33,792 - Knowledge - INFO - Found code_base: <app.utils.kg_build.knowledge.KnowledgeCodeBase object at 0x7f95ddec9210>
2025-11-10 17:05:33,963 - Knowledge - INFO - process ingested knowledge for /app/data/T0015/222062/b1810jj/RBUS/sampleapps/rtmessage/sample_recv.c
2025-11-10 17:05:34,130 - Knowledge - INFO - Found code-base-name: https://github.com/DarssiniRamesh/RBUS.git:main
2025-11-10 17:05:34,275 - Knowledge - INFO - Found code_base: <app.utils.kg_build.knowledge.KnowledgeCodeBase object at 0x7f95ddec9210>
2025-11-10 17:05:34,435 - Knowledge - INFO - process ingested knowledge for /app/data/T0015/222062/b1810jj/RBUS/cmake/Findrdklogger.cmake
2025-11-10 17:05:34,605 - Knowledge - INFO - Found code-base-name: https://github.com/DarssiniRamesh/RBUS.git:main
2025-11-10 17:05:34,755 - Knowledge - INFO - Found code_base: <app.utils.kg_build.knowledge.KnowledgeCodeBase object at 0x7f95ddec9210>
2025-11-10 17:05:34,966 - Knowledge - INFO - process ingested knowledge for /app/data/T0015/222062/b1810jj/RBUS/test/rbus/multiRbusOpenConsumer/rbusOpenSubRbusOpenConsumer.c
2025-11-10 17:05:35,204 - Knowledge - INFO - Found code-base-name: https://github.com/DarssiniRamesh/RBUS.git:main
2025-11-10 17:05:35,383 - Knowledge - INFO - Found code_base: <app.utils.kg_build.knowledge.KnowledgeCodeBase object at 0x7f95ddec9210>
2025-11-10 17:05:35,577 - Knowledge - INFO - process ingested knowledge for /app/data/T0015/222062/b1810jj/RBUS/test/rbus/rbusTestElementTree.c
2025-11-10 17:05:35,754 - Knowledge - INFO - Found code-base-name: https://github.com/DarssiniRamesh/RBUS.git:main
2025-11-10 17:05:35,923 - Knowledge - INFO - Found code_base: <app.utils.kg_build.knowledge.KnowledgeCodeBase object at 0x7f95ddec9210>
2025-11-10 17:05:36,116 - Knowledge - INFO - process ingested knowledge for /app/data/T0015/222062/b1810jj/RBUS/utils/dataProvider/data/Device.X_COMCAST-COM_Xcalibur.json
2025-11-10 17:05:36,325 - Knowledge - INFO - Found code-base-name: https://github.com/DarssiniRamesh/RBUS.git:main
2025-11-10 17:05:36,494 - Knowledge - INFO - Found code_base: <app.utils.kg_build.knowledge.KnowledgeCodeBase object at 0x7f95ddec9210>
2025-11-10 17:05:36,667 - Knowledge - INFO - process ingested knowledge for /app/data/T0015/222062/b1810jj/RBUS/test/rbus/consumer/tables.c
2025-11-10 17:05:36,846 - Knowledge - INFO - Found code-base-name: https://github.com/DarssiniRamesh/RBUS.git:main
2025-11-10 17:05:37,010 - Knowledge - INFO - Found code_base: <app.utils.kg_build.knowledge.KnowledgeCodeBase object at 0x7f95ddec9210>
2025-11-10 17:05:37,169 - Knowledge - INFO - process ingested knowledge for /app/data/T0015/222062/b1810jj/RBUS/unittests/util.cpp
2025-11-10 17:05:37,365 - Knowledge - INFO - Found code-base-name: https://github.com/DarssiniRamesh/RBUS.git:main
2025-11-10 17:05:37,521 - Knowledge - INFO - Found code_base: <app.utils.kg_build.knowledge.KnowledgeCodeBase object at 0x7f95ddec9210>
2025-11-10 17:05:37,686 - Knowledge - INFO - process ingested knowledge for /app/data/T0015/222062/b1810jj/RBUS/test/core/sample_event_server.c
2025-11-10 17:05:37,883 - Knowledge - INFO - Found code-base-name: https://github.com/DarssiniRamesh/RBUS.git:main
2025-11-10 17:05:38,051 - Knowledge - INFO - Found code_base: <app.utils.kg_build.knowledge.KnowledgeCodeBase object at 0x7f95ddec9210>
2025-11-10 17:05:38,247 - Knowledge - INFO - process ingested knowledge for /app/data/T0015/222062/b1810jj/RBUS/src/rtmessage/rtSemaphore.h
2025-11-10 17:05:38,431 - Knowledge - INFO - Found code-base-name: https://github.com/DarssiniRamesh/RBUS.git:main
2025-11-10 17:05:38,619 - Knowledge - INFO - Found code_base: <app.utils.kg_build.knowledge.KnowledgeCodeBase object at 0x7f95ddec9210>
2025-11-10 17:05:38,791 - Knowledge - INFO - process ingested knowledge for /app/data/T0015/222062/b1810jj/RBUS/sampleapps/message/rbusMessageListener.c
2025-11-10 17:05:39,005 - Knowledge - INFO - Found code-base-name: https://github.com/DarssiniRamesh/RBUS.git:main
2025-11-10 17:05:39,175 - Knowledge - INFO - Found code_base: <app.utils.kg_build.knowledge.KnowledgeCodeBase object at 0x7f95ddec9210>
2025-11-10 17:05:39,327 - Knowledge - INFO - process ingested knowledge for /app/data/T0015/222062/b1810jj/RBUS/utils/dataProvider/dmProvider.cpp
2025-11-10 17:05:39,504 - Knowledge - INFO - Found code-base-name: https://github.com/DarssiniRamesh/RBUS.git:main
2025-11-10 17:05:39,702 - Knowledge - INFO - Found code_base: <app.utils.kg_build.knowledge.KnowledgeCodeBase object at 0x7f95ddec9210>
2025-11-10 17:05:39,901 - Knowledge - INFO - process ingested knowledge for /app/data/T0015/222062/b1810jj/RBUS/test/rbus/rbusGetExtSetMulti/testSetMultiConsumer.c
2025-11-10 17:05:40,070 - Knowledge - INFO - Found code-base-name: https://github.com/DarssiniRamesh/RBUS.git:main
2025-11-10 17:05:40,256 - Knowledge - INFO - Found code_base: <app.utils.kg_build.knowledge.KnowledgeCodeBase object at 0x7f95ddec9210>
2025-11-10 17:05:40,424 - Knowledge - INFO - process ingested knowledge for /app/data/T0015/222062/b1810jj/RBUS/unittests/rbus_unit_test_multiple_objects.cpp
2025-11-10 17:05:40,617 - Knowledge - INFO - Found code-base-name: https://github.com/DarssiniRamesh/RBUS.git:main
2025-11-10 17:05:40,798 - Knowledge - INFO - Found code_base: <app.utils.kg_build.knowledge.KnowledgeCodeBase object at 0x7f95ddec9210>
2025-11-10 17:05:40,973 - Knowledge - INFO - process ingested knowledge for /app/data/T0015/222062/b1810jj/RBUS/src/rtmessage/rtMemory.c
2025-11-10 17:05:41,188 - Knowledge - INFO - Found code-base-name: https://github.com/DarssiniRamesh/RBUS.git:main
2025-11-10 17:05:41,446 - Knowledge - INFO - Found code_base: <app.utils.kg_build.knowledge.KnowledgeCodeBase object at 0x7f95ddec9210>
2025-11-10 17:05:41,644 - Knowledge - INFO - process ingested knowledge for /app/data/T0015/222062/b1810jj/RBUS/utils/rbuscli/CMakeLists.txt
2025-11-10 17:05:41,828 - Knowledge - INFO - Found code-base-name: https://github.com/DarssiniRamesh/RBUS.git:main
2025-11-10 17:05:42,002 - Knowledge - INFO - Found code_base: <app.utils.kg_build.knowledge.KnowledgeCodeBase object at 0x7f95ddec9210>
2025-11-10 17:05:42,246 - Knowledge - INFO - process ingested knowledge for /app/data/T0015/222062/b1810jj/RBUS/utils/dataProvider/dmQuery.h
2025-11-10 17:05:42,431 - Knowledge - INFO - Found code-base-name: https://github.com/DarssiniRamesh/RBUS.git:main
2025-11-10 17:05:42,601 - Knowledge - INFO - Found code_base: <app.utils.kg_build.knowledge.KnowledgeCodeBase object at 0x7f95ddec9210>
2025-11-10 17:05:42,817 - Knowledge - INFO - process ingested knowledge for /app/data/T0015/222062/b1810jj/RBUS/test/rbus/consumer/valueChange.c
2025-11-10 17:05:42,976 - Knowledge - INFO - Found code-base-name: https://github.com/DarssiniRamesh/RBUS.git:main
2025-11-10 17:05:43,179 - Knowledge - INFO - Found code_base: <app.utils.kg_build.knowledge.KnowledgeCodeBase object at 0x7f95ddec9210>
2025-11-10 17:05:43,356 - Knowledge - INFO - process ingested knowledge for /app/data/T0015/222062/b1810jj/RBUS/src/core/rbuscore_logger.h
2025-11-10 17:05:43,525 - Knowledge - INFO - Found code-base-name: https://github.com/DarssiniRamesh/RBUS.git:main
2025-11-10 17:05:43,721 - Knowledge - INFO - Found code_base: <app.utils.kg_build.knowledge.KnowledgeCodeBase object at 0x7f95ddec9210>
2025-11-10 17:05:43,889 - Knowledge - INFO - process ingested knowledge for /app/data/T0015/222062/b1810jj/RBUS/utils/dataProvider/data/Device.DeviceInfo.X_RDKCENTRAL-COM_xOpsDeviceMgmt.RPC.Feature.HDR.json
2025-11-10 17:05:44,099 - Knowledge - INFO - Found code-base-name: https://github.com/DarssiniRamesh/RBUS.git:main
2025-11-10 17:05:44,303 - Knowledge - INFO - Found code_base: <app.utils.kg_build.knowledge.KnowledgeCodeBase object at 0x7f95ddec9210>
2025-11-10 17:05:44,463 - Knowledge - INFO - process ingested knowledge for /app/data/T0015/222062/b1810jj/RBUS/unittests/rbusElementTest.cpp
2025-11-10 17:05:44,662 - Knowledge - INFO - Found code-base-name: https://github.com/DarssiniRamesh/RBUS.git:main
2025-11-10 17:05:44,821 - Knowledge - INFO - Found code_base: <app.utils.kg_build.knowledge.KnowledgeCodeBase object at 0x7f95ddec9210>
2025-11-10 17:05:44,991 - Knowledge - INFO - process ingested knowledge for /app/data/T0015/222062/b1810jj/RBUS/src/rtmessage/rtList.h
2025-11-10 17:05:45,172 - Knowledge - INFO - Found code-base-name: https://github.com/DarssiniRamesh/RBUS.git:main
2025-11-10 17:05:45,370 - Knowledge - INFO - Found code_base: <app.utils.kg_build.knowledge.KnowledgeCodeBase object at 0x7f95ddec9210>
2025-11-10 17:05:45,623 - Knowledge - INFO - process ingested knowledge for /app/data/T0015/222062/b1810jj/RBUS/test/rbus/consumer/rbusTestMultiConsumer.c
2025-11-10 17:05:45,805 - Knowledge - INFO - Found code-base-name: https://github.com/DarssiniRamesh/RBUS.git:main
2025-11-10 17:05:45,959 - Knowledge - INFO - Found code_base: <app.utils.kg_build.knowledge.KnowledgeCodeBase object at 0x7f95ddec9210>
2025-11-10 17:05:46,150 - Knowledge - INFO - process ingested knowledge for /app/data/T0015/222062/b1810jj/RBUS/test/core/sample_wildcard_server.c
2025-11-10 17:05:46,357 - Knowledge - INFO - Found code-base-name: https://github.com/DarssiniRamesh/RBUS.git:main
2025-11-10 17:05:46,553 - Knowledge - INFO - Found code_base: <app.utils.kg_build.knowledge.KnowledgeCodeBase object at 0x7f95ddec9210>
2025-11-10 17:05:46,745 - Knowledge - INFO - process ingested knowledge for /app/data/T0015/222062/b1810jj/RBUS/utils/dataProvider/data/Device.X_RDKCENTRAL-COM_Camera.LiveStream.EvoStream.VideoConfig.json
2025-11-10 17:05:46,947 - Knowledge - INFO - Found code-base-name: https://github.com/DarssiniRamesh/RBUS.git:main
2025-11-10 17:05:47,118 - Knowledge - INFO - Found code_base: <app.utils.kg_build.knowledge.KnowledgeCodeBase object at 0x7f95ddec9210>
2025-11-10 17:05:47,304 - Knowledge - INFO - process ingested knowledge for /app/data/T0015/222062/b1810jj/RBUS/utils/codegen/ccsp_style_generator/sampleapp/final/Sample_hal.h
2025-11-10 17:05:47,493 - Knowledge - INFO - Found code-base-name: https://github.com/DarssiniRamesh/RBUS.git:main
2025-11-10 17:05:47,653 - Knowledge - INFO - Found code_base: <app.utils.kg_build.knowledge.KnowledgeCodeBase object at 0x7f95ddec9210>
2025-11-10 17:05:47,819 - Knowledge - INFO - process ingested knowledge for /app/data/T0015/222062/b1810jj/RBUS/test/core/benchmark_test/rbus_test_util.c
2025-11-10 17:05:47,990 - Knowledge - INFO - Found code-base-name: https://github.com/DarssiniRamesh/RBUS.git:main
2025-11-10 17:05:48,156 - Knowledge - INFO - Found code_base: <app.utils.kg_build.knowledge.KnowledgeCodeBase object at 0x7f95ddec9210>
2025-11-10 17:05:48,342 - Knowledge - INFO - process ingested knowledge for /app/data/T0015/222062/b1810jj/RBUS/sampleapps/rtmessage/sample_req.c
2025-11-10 17:05:48,544 - Knowledge - INFO - Found code-base-name: https://github.com/DarssiniRamesh/RBUS.git:main
2025-11-10 17:05:48,784 - Knowledge - INFO - Found code_base: <app.utils.kg_build.knowledge.KnowledgeCodeBase object at 0x7f95ddec9210>
2025-11-10 17:05:49,000 - Knowledge - INFO - process ingested knowledge for /app/data/T0015/222062/b1810jj/RBUS/test/core/sample_event_client.c
2025-11-10 17:05:49,185 - Knowledge - INFO - Found code-base-name: https://github.com/DarssiniRamesh/RBUS.git:main
2025-11-10 17:05:49,401 - Knowledge - INFO - Found code_base: <app.utils.kg_build.knowledge.KnowledgeCodeBase object at 0x7f95ddec9210>
2025-11-10 17:05:49,608 - Knowledge - INFO - process ingested knowledge for /app/data/T0015/222062/b1810jj/RBUS/utils/dataProvider/data/Device.WiFi.Router.json
2025-11-10 17:05:49,762 - Knowledge - INFO - Found code-base-name: https://github.com/DarssiniRamesh/RBUS.git:main
2025-11-10 17:05:49,986 - Knowledge - INFO - Found code_base: <app.utils.kg_build.knowledge.KnowledgeCodeBase object at 0x7f95ddec9210>
2025-11-10 17:05:50,178 - Knowledge - INFO - process ingested knowledge for /app/data/T0015/222062/b1810jj/RBUS/utils/dataProvider/data/Device.WiFi.EndPoint.json
2025-11-10 17:05:50,349 - Knowledge - INFO - Found code-base-name: https://github.com/DarssiniRamesh/RBUS.git:main
2025-11-10 17:05:50,731 - Knowledge - INFO - Found code_base: <app.utils.kg_build.knowledge.KnowledgeCodeBase object at 0x7f95ddec9210>
2025-11-10 17:05:50,913 - Knowledge - INFO - process ingested knowledge for /app/data/T0015/222062/b1810jj/RBUS/sampleapps/provider/rbusValueChangeMultiProvider.c
2025-11-10 17:05:51,076 - Knowledge - INFO - Found code-base-name: https://github.com/DarssiniRamesh/RBUS.git:main
2025-11-10 17:05:51,268 - Knowledge - INFO - Found code_base: <app.utils.kg_build.knowledge.KnowledgeCodeBase object at 0x7f95ddec9210>
2025-11-10 17:05:51,429 - Knowledge - INFO - process ingested knowledge for /app/data/T0015/222062/b1810jj/RBUS/utils/codegen/ccsp_style_generator/sampleapp/Sample_dm.xml
2025-11-10 17:05:51,595 - Knowledge - INFO - Found code-base-name: https://github.com/DarssiniRamesh/RBUS.git:main
2025-11-10 17:05:51,780 - Knowledge - INFO - Found code_base: <app.utils.kg_build.knowledge.KnowledgeCodeBase object at 0x7f95ddec9210>
2025-11-10 17:05:51,974 - Knowledge - INFO - process ingested knowledge for /app/data/T0015/222062/b1810jj/RBUS/test/rbus/consumer/subscribeEx.c
2025-11-10 17:05:52,134 - Knowledge - INFO - Found code-base-name: https://github.com/DarssiniRamesh/RBUS.git:main
2025-11-10 17:05:52,297 - Knowledge - INFO - Found code_base: <app.utils.kg_build.knowledge.KnowledgeCodeBase object at 0x7f95ddec9210>
2025-11-10 17:05:52,480 - Knowledge - INFO - process ingested knowledge for /app/data/T0015/222062/b1810jj/RBUS/test/rbus/consumer/propertyAPI.c
2025-11-10 17:05:52,635 - Knowledge - INFO - Found code-base-name: https://github.com/DarssiniRamesh/RBUS.git:main
2025-11-10 17:05:52,789 - Knowledge - INFO - Found code_base: <app.utils.kg_build.knowledge.KnowledgeCodeBase object at 0x7f95ddec9210>
2025-11-10 17:05:52,971 - Knowledge - INFO - process ingested knowledge for /app/data/T0015/222062/b1810jj/RBUS/utils/dataProvider/dmError.h
2025-11-10 17:05:53,136 - Knowledge - INFO - Found code-base-name: https://github.com/DarssiniRamesh/RBUS.git:main
2025-11-10 17:05:53,309 - Knowledge - INFO - Found code_base: <app.utils.kg_build.knowledge.KnowledgeCodeBase object at 0x7f95ddec9210>
2025-11-10 17:05:53,481 - Knowledge - INFO - process ingested knowledge for /app/data/T0015/222062/b1810jj/RBUS/test/core/rbus_client_utility.c
2025-11-10 17:05:53,682 - Knowledge - INFO - Found code-base-name: https://github.com/DarssiniRamesh/RBUS.git:main
2025-11-10 17:05:53,840 - Knowledge - INFO - Found code_base: <app.utils.kg_build.knowledge.KnowledgeCodeBase object at 0x7f95ddec9210>
2025-11-10 17:05:54,003 - Knowledge - INFO - process ingested knowledge for /app/data/T0015/222062/b1810jj/RBUS/src/core/rbuscore.c
2025-11-10 17:05:54,193 - Knowledge - INFO - Found code-base-name: https://github.com/DarssiniRamesh/RBUS.git:main
2025-11-10 17:05:54,399 - Knowledge - INFO - Found code_base: <app.utils.kg_build.knowledge.KnowledgeCodeBase object at 0x7f95ddec9210>
2025-11-10 17:05:54,618 - Knowledge - INFO - process ingested knowledge for /app/data/T0015/222062/b1810jj/RBUS/test/core/CMakeLists.txt
2025-11-10 17:05:54,784 - Knowledge - INFO - Found code-base-name: https://github.com/DarssiniRamesh/RBUS.git:main
2025-11-10 17:05:54,934 - Knowledge - INFO - Found code_base: <app.utils.kg_build.knowledge.KnowledgeCodeBase object at 0x7f95ddec9210>
2025-11-10 17:05:55,143 - Knowledge - INFO - process ingested knowledge for /app/data/T0015/222062/b1810jj/RBUS/test/rbus/common/testValueHelper.h
2025-11-10 17:05:55,319 - Knowledge - INFO - Found code-base-name: https://github.com/DarssiniRamesh/RBUS.git:main
2025-11-10 17:05:55,493 - Knowledge - INFO - Found code_base: <app.utils.kg_build.knowledge.KnowledgeCodeBase object at 0x7f95ddec9210>
2025-11-10 17:05:55,693 - Knowledge - INFO - process ingested knowledge for /app/data/T0015/222062/b1810jj/RBUS/utils/dataProvider/data/Device.DeviceInfo.X_RDKCENTRAL-COM_xOpsDeviceMgmt.Logging.json
2025-11-10 17:05:55,868 - Knowledge - INFO - Found code-base-name: https://github.com/DarssiniRamesh/RBUS.git:main
2025-11-10 17:05:56,069 - Knowledge - INFO - Found code_base: <app.utils.kg_build.knowledge.KnowledgeCodeBase object at 0x7f95ddec9210>
2025-11-10 17:05:56,253 - Knowledge - INFO - process ingested knowledge for /app/data/T0015/222062/b1810jj/RBUS/utils/dataProvider/data/Device.DeviceInfo.ProcessStatus.Process.json
2025-11-10 17:05:56,422 - Knowledge - INFO - Found code-base-name: https://github.com/DarssiniRamesh/RBUS.git:main
2025-11-10 17:05:56,632 - Knowledge - INFO - Found code_base: <app.utils.kg_build.knowledge.KnowledgeCodeBase object at 0x7f95ddec9210>
2025-11-10 17:05:56,850 - Knowledge - INFO - process ingested knowledge for /app/data/T0015/222062/b1810jj/RBUS/src/rbus/rbus_log.h
2025-11-10 17:05:57,095 - Knowledge - INFO - Found code-base-name: https://github.com/DarssiniRamesh/RBUS.git:main
2025-11-10 17:05:57,296 - Knowledge - INFO - Found code_base: <app.utils.kg_build.knowledge.KnowledgeCodeBase object at 0x7f95ddec9210>
2025-11-10 17:05:57,495 - Knowledge - INFO - process ingested knowledge for /app/data/T0015/222062/b1810jj/RBUS/test/rbus/common/runningParamHelper.c
2025-11-10 17:05:57,746 - Knowledge - INFO - Found code-base-name: https://github.com/DarssiniRamesh/RBUS.git:main
2025-11-10 17:05:57,914 - Knowledge - INFO - Found code_base: <app.utils.kg_build.knowledge.KnowledgeCodeBase object at 0x7f95ddec9210>
2025-11-10 17:05:58,078 - Knowledge - INFO - process ingested knowledge for /app/data/T0015/222062/b1810jj/RBUS/utils/dataProvider/data/Device.X_RDKCENTRAL-COM_Camera.Thumbnail.Upload.json
2025-11-10 17:05:58,263 - Knowledge - INFO - Found code-base-name: https://github.com/DarssiniRamesh/RBUS.git:main
2025-11-10 17:05:58,421 - Knowledge - INFO - Found code_base: <app.utils.kg_build.knowledge.KnowledgeCodeBase object at 0x7f95ddec9210>
2025-11-10 17:05:58,595 - Knowledge - INFO - process ingested knowledge for /app/data/T0015/222062/b1810jj/RBUS/src/CMakeLists.txt
2025-11-10 17:05:58,794 - Knowledge - INFO - Found code-base-name: https://github.com/DarssiniRamesh/RBUS.git:main
2025-11-10 17:05:58,952 - Knowledge - INFO - Found code_base: <app.utils.kg_build.knowledge.KnowledgeCodeBase object at 0x7f95ddec9210>
2025-11-10 17:05:59,115 - Knowledge - INFO - process ingested knowledge for /app/data/T0015/222062/b1810jj/RBUS/src/rtmessage/local_benchmarking.c
2025-11-10 17:05:59,277 - Knowledge - INFO - Found code-base-name: https://github.com/DarssiniRamesh/RBUS.git:main
2025-11-10 17:05:59,469 - Knowledge - INFO - Found code_base: <app.utils.kg_build.knowledge.KnowledgeCodeBase object at 0x7f95ddec9210>
2025-11-10 17:05:59,641 - Knowledge - INFO - process ingested knowledge for /app/data/T0015/222062/b1810jj/RBUS/utils/dataProvider/dmProviderInfo.cpp
2025-11-10 17:05:59,793 - Knowledge - INFO - Found code-base-name: https://github.com/DarssiniRamesh/RBUS.git:main
2025-11-10 17:05:59,964 - Knowledge - INFO - Found code_base: <app.utils.kg_build.knowledge.KnowledgeCodeBase object at 0x7f95ddec9210>
2025-11-10 17:06:00,135 - Knowledge - INFO - process ingested knowledge for /app/data/T0015/222062/b1810jj/RBUS/README.md
2025-11-10 17:06:00,326 - Knowledge - INFO - Found code-base-name: https://github.com/DarssiniRamesh/RBUS.git:main
2025-11-10 17:06:00,493 - Knowledge - INFO - Found code_base: <app.utils.kg_build.knowledge.KnowledgeCodeBase object at 0x7f95ddec9210>
2025-11-10 17:06:00,682 - Knowledge - INFO - process ingested knowledge for /app/data/T0015/222062/b1810jj/RBUS/utils/dataProvider/data/Device.json
2025-11-10 17:06:00,887 - Knowledge - INFO - Found code-base-name: https://github.com/DarssiniRamesh/RBUS.git:main
2025-11-10 17:06:01,049 - Knowledge - INFO - Found code_base: <app.utils.kg_build.knowledge.KnowledgeCodeBase object at 0x7f95ddec9210>
2025-11-10 17:06:01,218 - Knowledge - INFO - process ingested knowledge for /app/data/T0015/222062/b1810jj/RBUS/src/core/CMakeLists.txt
2025-11-10 17:06:01,398 - Knowledge - INFO - Found code-base-name: https://github.com/DarssiniRamesh/RBUS.git:main
2025-11-10 17:06:01,577 - Knowledge - INFO - Found code_base: <app.utils.kg_build.knowledge.KnowledgeCodeBase object at 0x7f95ddec9210>
2025-11-10 17:06:01,747 - Knowledge - INFO - process ingested knowledge for /app/data/T0015/222062/b1810jj/RBUS/utils/dataProvider/data/Device.X_RDKCENTRAL-COM_Camera.XW.json
2025-11-10 17:06:01,935 - Knowledge - INFO - Found code-base-name: https://github.com/DarssiniRamesh/RBUS.git:main
2025-11-10 17:06:02,120 - Knowledge - INFO - Found code_base: <app.utils.kg_build.knowledge.KnowledgeCodeBase object at 0x7f95ddec9210>
2025-11-10 17:06:02,293 - Knowledge - INFO - process ingested knowledge for /app/data/T0015/222062/b1810jj/RBUS/test/rbus/consumer/valueAPI.c
2025-11-10 17:06:02,490 - Knowledge - INFO - Found code-base-name: https://github.com/DarssiniRamesh/RBUS.git:main
2025-11-10 17:06:02,728 - Knowledge - INFO - Found code_base: <app.utils.kg_build.knowledge.KnowledgeCodeBase object at 0x7f95ddec9210>
2025-11-10 17:06:02,905 - Knowledge - INFO - process ingested knowledge for /app/data/T0015/222062/b1810jj/RBUS/cmake/FindcJSON.cmake
2025-11-10 17:06:03,118 - Knowledge - INFO - Found code-base-name: https://github.com/DarssiniRamesh/RBUS.git:main
2025-11-10 17:06:03,269 - Knowledge - INFO - Found code_base: <app.utils.kg_build.knowledge.KnowledgeCodeBase object at 0x7f95ddec9210>
2025-11-10 17:06:03,446 - Knowledge - INFO - process ingested knowledge for /app/data/T0015/222062/b1810jj/RBUS/utils/dataProvider/data/Device.DeviceInfo.X_RDKCENTRAL-COM_RFC.Feature.AccountInfo.json
2025-11-10 17:06:03,654 - Knowledge - INFO - Found code-base-name: https://github.com/DarssiniRamesh/RBUS.git:main
2025-11-10 17:06:03,852 - Knowledge - INFO - Found code_base: <app.utils.kg_build.knowledge.KnowledgeCodeBase object at 0x7f95ddec9210>
2025-11-10 17:06:04,045 - Knowledge - INFO - process ingested knowledge for /app/data/T0015/222062/b1810jj/RBUS/test/rbus/consumer/rbusRecoveryConsumer.c
2025-11-10 17:06:04,210 - Knowledge - INFO - Found code-base-name: https://github.com/DarssiniRamesh/RBUS.git:main
2025-11-10 17:06:04,376 - Knowledge - INFO - Found code_base: <app.utils.kg_build.knowledge.KnowledgeCodeBase object at 0x7f95ddec9210>
2025-11-10 17:06:04,549 - Knowledge - INFO - process ingested knowledge for /app/data/T0015/222062/b1810jj/RBUS/src/rtmessage/rtEncoder.h
2025-11-10 17:06:04,761 - Knowledge - INFO - Found code-base-name: https://github.com/DarssiniRamesh/RBUS.git:main
2025-11-10 17:06:04,966 - Knowledge - INFO - Found code_base: <app.utils.kg_build.knowledge.KnowledgeCodeBase object at 0x7f95ddec9210>
2025-11-10 17:06:05,169 - Knowledge - INFO - process ingested knowledge for /app/data/T0015/222062/b1810jj/RBUS/utils/dataProvider/data/Device.X_RDKCENTRAL-COM_Camera.Stream.Zoom.json
2025-11-10 17:06:05,342 - Knowledge - INFO - Found code-base-name: https://github.com/DarssiniRamesh/RBUS.git:main
2025-11-10 17:06:05,548 - Knowledge - INFO - Found code_base: <app.utils.kg_build.knowledge.KnowledgeCodeBase object at 0x7f95ddec9210>
2025-11-10 17:06:05,740 - Knowledge - INFO - process ingested knowledge for /app/data/T0015/222062/b1810jj/RBUS/utils/dataProvider/data/Device.WiFi.X_RDKCENTRAL-COM_Camera.json
2025-11-10 17:06:05,893 - Knowledge - INFO - Found code-base-name: https://github.com/DarssiniRamesh/RBUS.git:main
2025-11-10 17:06:06,063 - Knowledge - INFO - Found code_base: <app.utils.kg_build.knowledge.KnowledgeCodeBase object at 0x7f95ddec9210>
2025-11-10 17:06:06,235 - Knowledge - INFO - process ingested knowledge for /app/data/T0015/222062/b1810jj/RBUS/src/rbus/rbus_intervalsubscription.h
2025-11-10 17:06:06,412 - Knowledge - INFO - Found code-base-name: https://github.com/DarssiniRamesh/RBUS.git:main
2025-11-10 17:06:06,599 - Knowledge - INFO - Found code_base: <app.utils.kg_build.knowledge.KnowledgeCodeBase object at 0x7f95ddec9210>
2025-11-10 17:06:06,804 - Knowledge - INFO - process ingested knowledge for /app/data/T0015/222062/b1810jj/RBUS/utils/dataProvider/data/Device.DeviceInfo.X_RDKCENTRAL-COM_xOpsDeviceMgmt.RPC.Feature.json
2025-11-10 17:06:06,972 - Knowledge - INFO - Found code-base-name: https://github.com/DarssiniRamesh/RBUS.git:main
2025-11-10 17:06:07,183 - Knowledge - INFO - Found code_base: <app.utils.kg_build.knowledge.KnowledgeCodeBase object at 0x7f95ddec9210>
2025-11-10 17:06:07,390 - Knowledge - INFO - process ingested knowledge for /app/data/T0015/222062/b1810jj/RBUS/sampleapps/rtmessage/CMakeLists.txt
2025-11-10 17:06:07,568 - Knowledge - INFO - Found code-base-name: https://github.com/DarssiniRamesh/RBUS.git:main
2025-11-10 17:06:07,766 - Knowledge - INFO - Found code_base: <app.utils.kg_build.knowledge.KnowledgeCodeBase object at 0x7f95ddec9210>
2025-11-10 17:06:07,969 - Knowledge - INFO - process ingested knowledge for /app/data/T0015/222062/b1810jj/RBUS/test/CMakeLists.txt
2025-11-10 17:06:08,131 - Knowledge - INFO - Found code-base-name: https://github.com/DarssiniRamesh/RBUS.git:main
2025-11-10 17:06:08,319 - Knowledge - INFO - Found code_base: <app.utils.kg_build.knowledge.KnowledgeCodeBase object at 0x7f95ddec9210>
2025-11-10 17:06:08,492 - Knowledge - INFO - process ingested knowledge for /app/data/T0015/222062/b1810jj/RBUS/utils/codegen/ccsp_style_generator/sampleapp/build.sh
2025-11-10 17:06:08,644 - Knowledge - INFO - Found code-base-name: https://github.com/DarssiniRamesh/RBUS.git:main
2025-11-10 17:06:08,844 - Knowledge - INFO - Found code_base: <app.utils.kg_build.knowledge.KnowledgeCodeBase object at 0x7f95ddec9210>
2025-11-10 17:06:09,013 - Knowledge - INFO - process ingested knowledge for /app/data/T0015/222062/b1810jj/RBUS/src/rbus/rbus_asyncsubscribe.h
2025-11-10 17:06:09,232 - Knowledge - INFO - Found code-base-name: https://github.com/DarssiniRamesh/RBUS.git:main
2025-11-10 17:06:09,397 - Knowledge - INFO - Found code_base: <app.utils.kg_build.knowledge.KnowledgeCodeBase object at 0x7f95ddec9210>
2025-11-10 17:06:09,559 - Knowledge - INFO - process ingested knowledge for /app/data/T0015/222062/b1810jj/RBUS/sampleapps/CMakeLists.txt
2025-11-10 17:06:09,749 - Knowledge - INFO - Found code-base-name: https://github.com/DarssiniRamesh/RBUS.git:main
2025-11-10 17:06:09,901 - Knowledge - INFO - Found code_base: <app.utils.kg_build.knowledge.KnowledgeCodeBase object at 0x7f95ddec9210>
2025-11-10 17:06:10,098 - Knowledge - INFO - process ingested knowledge for /app/data/T0015/222062/b1810jj/RBUS/utils/dataProvider/data/Device.DeviceInfo.X_RDKCENTRAL-COM_xOpsDeviceMgmt.RPC.json
2025-11-10 17:06:10,270 - Knowledge - INFO - Found code-base-name: https://github.com/DarssiniRamesh/RBUS.git:main
2025-11-10 17:06:10,454 - Knowledge - INFO - Found code_base: <app.utils.kg_build.knowledge.KnowledgeCodeBase object at 0x7f95ddec9210>
2025-11-10 17:06:10,645 - Knowledge - INFO - process ingested knowledge for /app/data/T0015/222062/b1810jj/RBUS/test/rbus/consumer/value.c
2025-11-10 17:06:10,837 - Knowledge - INFO - Found code-base-name: https://github.com/DarssiniRamesh/RBUS.git:main
2025-11-10 17:06:11,005 - Knowledge - INFO - Found code_base: <app.utils.kg_build.knowledge.KnowledgeCodeBase object at 0x7f95ddec9210>
2025-11-10 17:06:11,214 - Knowledge - INFO - process ingested knowledge for /app/data/T0015/222062/b1810jj/RBUS/test/rbus/multiRbusOpenProvider/rbusOpenRegRbusOpenProvider.c
2025-11-10 17:06:11,428 - Knowledge - INFO - Found code-base-name: https://github.com/DarssiniRamesh/RBUS.git:main
2025-11-10 17:06:11,604 - Knowledge - INFO - Found code_base: <app.utils.kg_build.knowledge.KnowledgeCodeBase object at 0x7f95ddec9210>
2025-11-10 17:06:11,793 - Knowledge - INFO - process ingested knowledge for /app/data/T0015/222062/b1810jj/RBUS/test/core/test_obj_lookup.c
2025-11-10 17:06:12,002 - Knowledge - INFO - Found code-base-name: https://github.com/DarssiniRamesh/RBUS.git:main
2025-11-10 17:06:12,334 - Knowledge - INFO - Found code_base: <app.utils.kg_build.knowledge.KnowledgeCodeBase object at 0x7f95ddec9210>
2025-11-10 17:06:12,505 - Knowledge - INFO - process ingested knowledge for /app/data/T0015/222062/b1810jj/RBUS/utils/dataProvider/data/Device.WiFi.X_RDKCENTRAL-COM_Lnf.EapTls.json
2025-11-10 17:06:12,672 - Knowledge - INFO - Found code-base-name: https://github.com/DarssiniRamesh/RBUS.git:main
2025-11-10 17:06:12,846 - Knowledge - INFO - Found code_base: <app.utils.kg_build.knowledge.KnowledgeCodeBase object at 0x7f95ddec9210>
2025-11-10 17:06:13,004 - Knowledge - INFO - process ingested knowledge for /app/data/T0015/222062/b1810jj/RBUS/test/core/sample_wildcard_server2.c
2025-11-10 17:06:13,179 - Knowledge - INFO - Found code-base-name: https://github.com/DarssiniRamesh/RBUS.git:main
2025-11-10 17:06:13,353 - Knowledge - INFO - Found code_base: <app.utils.kg_build.knowledge.KnowledgeCodeBase object at 0x7f95ddec9210>
2025-11-10 17:06:13,534 - Knowledge - INFO - process ingested knowledge for /app/data/T0015/222062/b1810jj/RBUS/utils/dataProvider/data/Device.WiFi.SSID.json
2025-11-10 17:06:13,705 - Knowledge - INFO - Found code-base-name: https://github.com/DarssiniRamesh/RBUS.git:main
2025-11-10 17:06:13,944 - Knowledge - INFO - Found code_base: <app.utils.kg_build.knowledge.KnowledgeCodeBase object at 0x7f95ddec9210>
2025-11-10 17:06:14,133 - Knowledge - INFO - process ingested knowledge for /app/data/T0015/222062/b1810jj/RBUS/src/rtmessage/rtMessageHeader.h
2025-11-10 17:06:14,291 - Knowledge - INFO - Found code-base-name: https://github.com/DarssiniRamesh/RBUS.git:main
2025-11-10 17:06:14,530 - Knowledge - INFO - Found code_base: <app.utils.kg_build.knowledge.KnowledgeCodeBase object at 0x7f95ddec9210>
2025-11-10 17:06:14,703 - Knowledge - INFO - process ingested knowledge for /app/data/T0015/222062/b1810jj/RBUS/sampleapps/rtmessage/sample_res.c
2025-11-10 17:06:14,912 - Knowledge - INFO - Found code-base-name: https://github.com/DarssiniRamesh/RBUS.git:main
2025-11-10 17:06:15,083 - Knowledge - INFO - Found code_base: <app.utils.kg_build.knowledge.KnowledgeCodeBase object at 0x7f95ddec9210>
2025-11-10 17:06:15,304 - Knowledge - INFO - process ingested knowledge for /app/data/T0015/222062/b1810jj/RBUS/utils/codegen/ccsp_style_generator/sampleapp/codegen/Sample_app.c
2025-11-10 17:06:15,478 - Knowledge - INFO - Found code-base-name: https://github.com/DarssiniRamesh/RBUS.git:main
2025-11-10 17:06:15,680 - Knowledge - INFO - Found code_base: <app.utils.kg_build.knowledge.KnowledgeCodeBase object at 0x7f95ddec9210>
2025-11-10 17:06:15,890 - Knowledge - INFO - process ingested knowledge for /app/data/T0015/222062/b1810jj/RBUS/utils/dataProvider/data/Device.Services.X_RDKCENTRAL-COM_Overlay.json
2025-11-10 17:06:16,065 - Knowledge - INFO - Found code-base-name: https://github.com/DarssiniRamesh/RBUS.git:main
2025-11-10 17:06:16,233 - Knowledge - INFO - Found code_base: <app.utils.kg_build.knowledge.KnowledgeCodeBase object at 0x7f95ddec9210>
2025-11-10 17:06:16,405 - Knowledge - INFO - process ingested knowledge for /app/data/T0015/222062/b1810jj/RBUS/unittests/rbusProviderConsumer.h
2025-11-10 17:06:16,582 - Knowledge - INFO - Found code-base-name: https://github.com/DarssiniRamesh/RBUS.git:main
2025-11-10 17:06:16,752 - Knowledge - INFO - Found code_base: <app.utils.kg_build.knowledge.KnowledgeCodeBase object at 0x7f95ddec9210>
2025-11-10 17:06:16,915 - Knowledge - INFO - process ingested knowledge for /app/data/T0015/222062/b1810jj/RBUS/utils/dataProvider/data/Device.DeviceInfo.X_RDKCENTRAL-COM_RFC.Feature.DisableCrashPortalFallback.json
2025-11-10 17:06:17,082 - Knowledge - INFO - Found code-base-name: https://github.com/DarssiniRamesh/RBUS.git:main
2025-11-10 17:06:17,242 - Knowledge - INFO - Found code_base: <app.utils.kg_build.knowledge.KnowledgeCodeBase object at 0x7f95ddec9210>
2025-11-10 17:06:17,413 - Knowledge - INFO - process ingested knowledge for /app/data/T0015/222062/b1810jj/RBUS/utils/codegen/ccsp_style_generator/sampleapp/codegen/Sample_rbus.h
2025-11-10 17:06:17,635 - Knowledge - INFO - Found code-base-name: https://github.com/DarssiniRamesh/RBUS.git:main
2025-11-10 17:06:17,806 - Knowledge - INFO - Found code_base: <app.utils.kg_build.knowledge.KnowledgeCodeBase object at 0x7f95ddec9210>
2025-11-10 17:06:18,025 - Knowledge - INFO - process ingested knowledge for /app/data/T0015/222062/b1810jj/RBUS/utils/dataProvider/data/Device.WiFi.X_RDKCENTRAL-COM_BandSteering.BandSetting.json
2025-11-10 17:06:18,197 - Knowledge - INFO - Found code-base-name: https://github.com/DarssiniRamesh/RBUS.git:main
2025-11-10 17:06:18,392 - Knowledge - INFO - Found code_base: <app.utils.kg_build.knowledge.KnowledgeCodeBase object at 0x7f95ddec9210>
2025-11-10 17:06:18,574 - Knowledge - INFO - process ingested knowledge for /app/data/T0015/222062/b1810jj/RBUS/utils/dataProvider/dmQueryResult.cpp
2025-11-10 17:06:18,739 - Knowledge - INFO - Found code-base-name: https://github.com/DarssiniRamesh/RBUS.git:main
2025-11-10 17:06:18,908 - Knowledge - INFO - Found code_base: <app.utils.kg_build.knowledge.KnowledgeCodeBase object at 0x7f95ddec9210>
2025-11-10 17:06:19,074 - Knowledge - INFO - process ingested knowledge for /app/data/T0015/222062/b1810jj/RBUS/utils/dataProvider/data/Device.DeviceInfo.X_RDKCENTRAL-COM_RFC.Control.json
2025-11-10 17:06:19,310 - Knowledge - INFO - Found code-base-name: https://github.com/DarssiniRamesh/RBUS.git:main
2025-11-10 17:06:19,478 - Knowledge - INFO - Found code_base: <app.utils.kg_build.knowledge.KnowledgeCodeBase object at 0x7f95ddec9210>
2025-11-10 17:06:19,680 - Knowledge - INFO - process ingested knowledge for /app/data/T0015/222062/b1810jj/RBUS/utils/dataProvider/dmProviderDatabase.h
2025-11-10 17:06:19,876 - Knowledge - INFO - Found code-base-name: https://github.com/DarssiniRamesh/RBUS.git:main
2025-11-10 17:06:20,057 - Knowledge - INFO - Found code_base: <app.utils.kg_build.knowledge.KnowledgeCodeBase object at 0x7f95ddec9210>
2025-11-10 17:06:20,218 - Knowledge - INFO - process ingested knowledge for /app/data/T0015/222062/b1810jj/RBUS/sampleapps/rtmessage/sample_send.c
2025-11-10 17:06:20,396 - Knowledge - INFO - Found code-base-name: https://github.com/DarssiniRamesh/RBUS.git:main
2025-11-10 17:06:20,601 - Knowledge - INFO - Found code_base: <app.utils.kg_build.knowledge.KnowledgeCodeBase object at 0x7f95ddec9210>
2025-11-10 17:06:20,803 - Knowledge - INFO - process ingested knowledge for /app/data/T0015/222062/b1810jj/RBUS/test/rbus/consumer/events.c
2025-11-10 17:06:20,981 - Knowledge - INFO - Found code-base-name: https://github.com/DarssiniRamesh/RBUS.git:main
2025-11-10 17:06:21,146 - Knowledge - INFO - Found code_base: <app.utils.kg_build.knowledge.KnowledgeCodeBase object at 0x7f95ddec9210>
2025-11-10 17:06:21,304 - Knowledge - INFO - process ingested knowledge for /app/data/T0015/222062/b1810jj/RBUS/test/rbus/provider/rbusTestMultiProvider.c
2025-11-10 17:06:21,476 - Knowledge - INFO - Found code-base-name: https://github.com/DarssiniRamesh/RBUS.git:main
2025-11-10 17:06:21,638 - Knowledge - INFO - Found code_base: <app.utils.kg_build.knowledge.KnowledgeCodeBase object at 0x7f95ddec9210>
2025-11-10 17:06:21,820 - Knowledge - INFO - process ingested knowledge for /app/data/T0015/222062/b1810jj/RBUS/utils/dataProvider/data/Device.DeviceInfo.json
2025-11-10 17:06:22,067 - Knowledge - INFO - Found code-base-name: https://github.com/DarssiniRamesh/RBUS.git:main
2025-11-10 17:06:22,280 - Knowledge - INFO - Found code_base: <app.utils.kg_build.knowledge.KnowledgeCodeBase object at 0x7f95ddec9210>
2025-11-10 17:06:22,474 - Knowledge - INFO - process ingested knowledge for /app/data/T0015/222062/b1810jj/RBUS/src/rtmessage/rtError.h
2025-11-10 17:06:22,658 - Knowledge - INFO - Found code-base-name: https://github.com/DarssiniRamesh/RBUS.git:main
2025-11-10 17:06:22,804 - Knowledge - INFO - Found code_base: <app.utils.kg_build.knowledge.KnowledgeCodeBase object at 0x7f95ddec9210>
2025-11-10 17:06:22,976 - Knowledge - INFO - process ingested knowledge for /app/data/T0015/222062/b1810jj/RBUS/utils/dataProvider/data/Device.WiFi.Radio.json
2025-11-10 17:06:23,181 - Knowledge - INFO - Found code-base-name: https://github.com/DarssiniRamesh/RBUS.git:main
2025-11-10 17:06:23,384 - Knowledge - INFO - Found code_base: <app.utils.kg_build.knowledge.KnowledgeCodeBase object at 0x7f95ddec9210>
2025-11-10 17:06:23,550 - Knowledge - INFO - process ingested knowledge for /app/data/T0015/222062/b1810jj/RBUS/src/rtmessage/rtBuffer.h
2025-11-10 17:06:23,714 - Knowledge - INFO - Found code-base-name: https://github.com/DarssiniRamesh/RBUS.git:main
2025-11-10 17:06:23,895 - Knowledge - INFO - Found code_base: <app.utils.kg_build.knowledge.KnowledgeCodeBase object at 0x7f95ddec9210>
2025-11-10 17:06:24,058 - Knowledge - INFO - process ingested knowledge for /app/data/T0015/222062/b1810jj/RBUS/CONTRIBUTING.md
2025-11-10 17:06:24,281 - Knowledge - INFO - Found code-base-name: https://github.com/DarssiniRamesh/RBUS.git:main
2025-11-10 17:06:24,440 - Knowledge - INFO - Found code_base: <app.utils.kg_build.knowledge.KnowledgeCodeBase object at 0x7f95ddec9210>
2025-11-10 17:06:24,645 - Knowledge - INFO - process ingested knowledge for /app/data/T0015/222062/b1810jj/RBUS/src/rtmessage/rtTime.c
2025-11-10 17:06:24,848 - Knowledge - INFO - Found code-base-name: https://github.com/DarssiniRamesh/RBUS.git:main
2025-11-10 17:06:25,000 - Knowledge - INFO - Found code_base: <app.utils.kg_build.knowledge.KnowledgeCodeBase object at 0x7f95ddec9210>
2025-11-10 17:06:25,173 - Knowledge - INFO - process ingested knowledge for /app/data/T0015/222062/b1810jj/RBUS/test/core/bin_server.c
2025-11-10 17:06:25,347 - Knowledge - INFO - Found code-base-name: https://github.com/DarssiniRamesh/RBUS.git:main
2025-11-10 17:06:25,536 - Knowledge - INFO - Found code_base: <app.utils.kg_build.knowledge.KnowledgeCodeBase object at 0x7f95ddec9210>
2025-11-10 17:06:25,739 - Knowledge - INFO - process ingested knowledge for /app/data/T0015/222062/b1810jj/RBUS/utils/dataProvider/dmPropertyInfo.cpp
2025-11-10 17:06:25,915 - Knowledge - INFO - Found code-base-name: https://github.com/DarssiniRamesh/RBUS.git:main
2025-11-10 17:06:26,084 - Knowledge - INFO - Found code_base: <app.utils.kg_build.knowledge.KnowledgeCodeBase object at 0x7f95ddec9210>
2025-11-10 17:06:26,281 - Knowledge - INFO - process ingested knowledge for /app/data/T0015/222062/b1810jj/RBUS/utils/dataProvider/dmProviderOperation.h
2025-11-10 17:06:26,470 - Knowledge - INFO - Found code-base-name: https://github.com/DarssiniRamesh/RBUS.git:main
2025-11-10 17:06:26,676 - Knowledge - INFO - Found code_base: <app.utils.kg_build.knowledge.KnowledgeCodeBase object at 0x7f95ddec9210>
2025-11-10 17:06:26,854 - Knowledge - INFO - process ingested knowledge for /app/data/T0015/222062/b1810jj/RBUS/src/rbus/rbus_tokenchain.h
2025-11-10 17:06:27,065 - Knowledge - INFO - Found code-base-name: https://github.com/DarssiniRamesh/RBUS.git:main
2025-11-10 17:06:27,267 - Knowledge - INFO - Found code_base: <app.utils.kg_build.knowledge.KnowledgeCodeBase object at 0x7f95ddec9210>
2025-11-10 17:06:27,435 - Knowledge - INFO - process ingested knowledge for /app/data/T0015/222062/b1810jj/RBUS/src/rtmessage/rtrouteBase.h
2025-11-10 17:06:27,640 - Knowledge - INFO - Found code-base-name: https://github.com/DarssiniRamesh/RBUS.git:main
2025-11-10 17:06:27,815 - Knowledge - INFO - Found code_base: <app.utils.kg_build.knowledge.KnowledgeCodeBase object at 0x7f95ddec9210>
2025-11-10 17:06:27,970 - Knowledge - INFO - process ingested knowledge for /app/data/T0015/222062/b1810jj/RBUS/test/rbus/consumer/objectAPI.c
2025-11-10 17:06:28,148 - Knowledge - INFO - Found code-base-name: https://github.com/DarssiniRamesh/RBUS.git:main
2025-11-10 17:06:28,317 - Knowledge - INFO - Found code_base: <app.utils.kg_build.knowledge.KnowledgeCodeBase object at 0x7f95ddec9210>
2025-11-10 17:06:28,507 - Knowledge - INFO - process ingested knowledge for /app/data/T0015/222062/b1810jj/RBUS/src/rbus/rbus.c
2025-11-10 17:06:28,681 - Knowledge - INFO - Found code-base-name: https://github.com/DarssiniRamesh/RBUS.git:main
2025-11-10 17:06:28,851 - Knowledge - INFO - Found code_base: <app.utils.kg_build.knowledge.KnowledgeCodeBase object at 0x7f95ddec9210>
2025-11-10 17:06:29,017 - Knowledge - INFO - process ingested knowledge for /app/data/T0015/222062/b1810jj/RBUS/test/rbus/rbusTestTimeoutValues/testTimeoutValuesProvider.c
2025-11-10 17:06:29,217 - Knowledge - INFO - Found code-base-name: https://github.com/DarssiniRamesh/RBUS.git:main
2025-11-10 17:06:29,431 - Knowledge - INFO - Found code_base: <app.utils.kg_build.knowledge.KnowledgeCodeBase object at 0x7f95ddec9210>
2025-11-10 17:06:29,648 - Knowledge - INFO - process ingested knowledge for /app/data/T0015/222062/b1810jj/RBUS/memoryleak.sh
2025-11-10 17:06:29,822 - Knowledge - INFO - Found code-base-name: https://github.com/DarssiniRamesh/RBUS.git:main
2025-11-10 17:06:29,999 - Knowledge - INFO - Found code_base: <app.utils.kg_build.knowledge.KnowledgeCodeBase object at 0x7f95ddec9210>
2025-11-10 17:06:30,207 - Knowledge - INFO - process ingested knowledge for /app/data/T0015/222062/b1810jj/RBUS/src/rtmessage/rtThreadPool.h
2025-11-10 17:06:30,396 - Knowledge - INFO - Found code-base-name: https://github.com/DarssiniRamesh/RBUS.git:main
2025-11-10 17:06:30,587 - Knowledge - INFO - Found code_base: <app.utils.kg_build.knowledge.KnowledgeCodeBase object at 0x7f95ddec9210>
2025-11-10 17:06:30,770 - Knowledge - INFO - process ingested knowledge for /app/data/T0015/222062/b1810jj/RBUS/utils/dataProvider/data/Device.DeviceInfo.X_RDKCENTRAL-COM_xOpsDeviceMgmt.RPC.Feature.ManageableNotification.json
2025-11-10 17:06:30,970 - Knowledge - INFO - Found code-base-name: https://github.com/DarssiniRamesh/RBUS.git:main
2025-11-10 17:06:31,150 - Knowledge - INFO - Found code_base: <app.utils.kg_build.knowledge.KnowledgeCodeBase object at 0x7f95ddec9210>
2025-11-10 17:06:31,318 - Knowledge - INFO - process ingested knowledge for /app/data/T0015/222062/b1810jj/RBUS/sampleapps/consumer/rbusDmlBlockingConsumer.c
2025-11-10 17:06:31,484 - Knowledge - INFO - Found code-base-name: https://github.com/DarssiniRamesh/RBUS.git:main
2025-11-10 17:06:31,713 - Knowledge - INFO - Found code_base: <app.utils.kg_build.knowledge.KnowledgeCodeBase object at 0x7f95ddec9210>
2025-11-10 17:06:31,901 - Knowledge - INFO - process ingested knowledge for /app/data/T0015/222062/b1810jj/RBUS/src/rtmessage/rtHashMap.h
2025-11-10 17:06:32,106 - Knowledge - INFO - Found code-base-name: https://github.com/DarssiniRamesh/RBUS.git:main
2025-11-10 17:06:32,266 - Knowledge - INFO - Found code_base: <app.utils.kg_build.knowledge.KnowledgeCodeBase object at 0x7f95ddec9210>
2025-11-10 17:06:32,439 - Knowledge - INFO - process ingested knowledge for /app/data/T0015/222062/b1810jj/RBUS/src/rtmessage/rtDebug.c
2025-11-10 17:06:32,601 - Knowledge - INFO - Found code-base-name: https://github.com/DarssiniRamesh/RBUS.git:main
2025-11-10 17:06:32,763 - Knowledge - INFO - Found code_base: <app.utils.kg_build.knowledge.KnowledgeCodeBase object at 0x7f95ddec9210>
2025-11-10 17:06:32,986 - Knowledge - INFO - process ingested knowledge for /app/data/T0015/222062/b1810jj/RBUS/src/rtmessage/rtRetainable.c
2025-11-10 17:06:33,140 - Knowledge - INFO - Found code-base-name: https://github.com/DarssiniRamesh/RBUS.git:main
2025-11-10 17:06:33,329 - Knowledge - INFO - Found code_base: <app.utils.kg_build.knowledge.KnowledgeCodeBase object at 0x7f95ddec9210>
2025-11-10 17:06:33,492 - Knowledge - INFO - process ingested knowledge for /app/data/T0015/222062/b1810jj/RBUS/utils/dataProvider/data/Device.WiFi.EndPoint.Security.json
2025-11-10 17:06:33,651 - Knowledge - INFO - Found code-base-name: https://github.com/DarssiniRamesh/RBUS.git:main
2025-11-10 17:06:33,848 - Knowledge - INFO - Found code_base: <app.utils.kg_build.knowledge.KnowledgeCodeBase object at 0x7f95ddec9210>
2025-11-10 17:06:34,040 - Knowledge - INFO - process ingested knowledge for /app/data/T0015/222062/b1810jj/RBUS/build_dependencies.sh
2025-11-10 17:06:34,251 - Knowledge - INFO - Found code-base-name: https://github.com/DarssiniRamesh/RBUS.git:main
2025-11-10 17:06:34,429 - Knowledge - INFO - Found code_base: <app.utils.kg_build.knowledge.KnowledgeCodeBase object at 0x7f95ddec9210>
2025-11-10 17:06:34,604 - Knowledge - INFO - process ingested knowledge for /app/data/T0015/222062/b1810jj/RBUS/unittests/gtest_app.h
2025-11-10 17:06:34,773 - Knowledge - INFO - Found code-base-name: https://github.com/DarssiniRamesh/RBUS.git:main
2025-11-10 17:06:34,968 - Knowledge - INFO - Found code_base: <app.utils.kg_build.knowledge.KnowledgeCodeBase object at 0x7f95ddec9210>
2025-11-10 17:06:35,137 - Knowledge - INFO - process ingested knowledge for /app/data/T0015/222062/b1810jj/RBUS/utils/dataProvider/data/Device.Services.json
2025-11-10 17:06:35,340 - Knowledge - INFO - Found code-base-name: https://github.com/DarssiniRamesh/RBUS.git:main
2025-11-10 17:06:35,530 - Knowledge - INFO - Found code_base: <app.utils.kg_build.knowledge.KnowledgeCodeBase object at 0x7f95ddec9210>
2025-11-10 17:06:35,719 - Knowledge - INFO - process ingested knowledge for /app/data/T0015/222062/b1810jj/RBUS/test/core/bin_client.c
2025-11-10 17:06:35,954 - Knowledge - INFO - Found code-base-name: https://github.com/DarssiniRamesh/RBUS.git:main
2025-11-10 17:06:36,118 - Knowledge - INFO - Found code_base: <app.utils.kg_build.knowledge.KnowledgeCodeBase object at 0x7f95ddec9210>
2025-11-10 17:06:36,346 - Knowledge - INFO - process ingested knowledge for /app/data/T0015/222062/b1810jj/RBUS/utils/dataProvider/sample_provider_wifi.cpp
2025-11-10 17:06:36,561 - Knowledge - INFO - Found code-base-name: https://github.com/DarssiniRamesh/RBUS.git:main
2025-11-10 17:06:36,769 - Knowledge - INFO - Found code_base: <app.utils.kg_build.knowledge.KnowledgeCodeBase object at 0x7f95ddec9210>
2025-11-10 17:06:36,973 - Knowledge - INFO - process ingested knowledge for /app/data/T0015/222062/b1810jj/RBUS/src/rtmessage/rtString.c
2025-11-10 17:06:37,149 - Knowledge - INFO - Found code-base-name: https://github.com/DarssiniRamesh/RBUS.git:main
2025-11-10 17:06:37,335 - Knowledge - INFO - Found code_base: <app.utils.kg_build.knowledge.KnowledgeCodeBase object at 0x7f95ddec9210>
2025-11-10 17:06:37,544 - Knowledge - INFO - process ingested knowledge for /app/data/T0015/222062/b1810jj/RBUS/src/rtmessage/CMakeLists.txt
2025-11-10 17:06:37,767 - Knowledge - INFO - Found code-base-name: https://github.com/DarssiniRamesh/RBUS.git:main
2025-11-10 17:06:37,945 - Knowledge - INFO - Found code_base: <app.utils.kg_build.knowledge.KnowledgeCodeBase object at 0x7f95ddec9210>
2025-11-10 17:06:38,169 - Knowledge - INFO - process ingested knowledge for /app/data/T0015/222062/b1810jj/RBUS/utils/dataProvider/dmUtility.h
2025-11-10 17:06:38,337 - Knowledge - INFO - Loaded 247 files from persisted knowledge
2025-11-10 17:06:38,557 - Knowledge - INFO - load persisted knowledge: end
2025-11-10 17:06:38,702 - Knowledge - INFO - 📁 Disk load complete in 142.74s
2025-11-10 17:06:38,868 - Knowledge - INFO - Worker kw1 created using shared MongoDB connection pool
2025-11-10 17:06:39,025 - Knowledge - INFO - knowledge worker kw1 start
2025-11-10 17:06:39,025 - Knowledge - INFO - Worker kw2 created using shared MongoDB connection pool
2025-11-10 17:06:39,264 - Knowledge - INFO - [kw1] Queue=247, InProgress=0, PendingWorkers=0/1, Completed=0/247 (0.0%)
2025-11-10 17:06:39,348 - Knowledge - INFO - knowledge worker kw2 start
2025-11-10 17:06:39,348 - Knowledge - INFO - Worker kw3 created using shared MongoDB connection pool
2025-11-10 17:06:39,471 - Knowledge - INFO - Batch sizing: calculated=15, max_allowed=25, queue=247, active_workers=0/2
2025-11-10 17:06:39,553 - Knowledge - INFO - [kw2] Queue=247, InProgress=0, PendingWorkers=0/2, Completed=0/247 (0.0%)
2025-11-10 17:06:39,664 - Knowledge - INFO - knowledge worker kw3 start
2025-11-10 17:06:39,666 - Knowledge - INFO - Worker kw4 created using shared MongoDB connection pool
2025-11-10 17:06:39,747 - Knowledge - INFO - Worker kw1 processing /app/data/T0015/222062/b1810jj/RBUS/cov_build.sh
2025-11-10 17:06:39,835 - Knowledge - INFO - Batch sizing: calculated=15, max_allowed=25, queue=247, active_workers=1/3
2025-11-10 17:06:39,914 - Knowledge - INFO - [kw3] Queue=232, InProgress=0, PendingWorkers=1/3, Completed=0/247 (0.0%)
2025-11-10 17:06:40,030 - Knowledge - INFO - knowledge worker kw4 start
2025-11-10 17:06:40,030 - Knowledge - INFO - Worker kw5 created using shared MongoDB connection pool
2025-11-10 17:06:40,149 - Knowledge - INFO - Fast-tracked /app/data/T0015/222062/b1810jj/RBUS/cov_build.sh (ext=.sh, size=757)
2025-11-10 17:06:40,274 - Knowledge - INFO - Worker kw2 processing /app/data/T0015/222062/b1810jj/RBUS/test/core/sample_server.c
2025-11-10 17:06:40,359 - Knowledge - INFO - Batch sizing: calculated=15, max_allowed=25, queue=232, active_workers=2/4
2025-11-10 17:06:40,435 - Knowledge - INFO - [kw4] Queue=217, InProgress=0, PendingWorkers=2/4, Completed=0/247 (0.0%)
2025-11-10 17:06:40,505 - Knowledge - INFO - knowledge worker kw5 start
2025-11-10 17:06:40,505 - Knowledge - INFO - Worker kw6 created using shared MongoDB connection pool
2025-11-10 17:06:40,648 - Knowledge - INFO - Worker kw1 processing /app/data/T0015/222062/b1810jj/RBUS/utils/dataProvider/dmError.cpp
2025-11-10 17:06:40,771 - Knowledge - INFO - Fast-tracked /app/data/T0015/222062/b1810jj/RBUS/test/core/sample_server.c (ext=.c, size=3880)
2025-11-10 17:06:40,845 - Knowledge - INFO - Worker kw3 processing /app/data/T0015/222062/b1810jj/RBUS/test/rbus/consumer/subscribe.c
2025-11-10 17:06:40,915 - Knowledge - INFO - Batch sizing: calculated=15, max_allowed=25, queue=217, active_workers=3/5
2025-11-10 17:06:41,005 - Knowledge - INFO - [kw5] Queue=202, InProgress=0, PendingWorkers=3/5, Completed=0/247 (0.0%)
2025-11-10 17:06:41,076 - Knowledge - INFO - knowledge worker kw6 start
2025-11-10 17:06:41,077 - Knowledge - INFO - Worker kw7 created using shared MongoDB connection pool
2025-11-10 17:06:41,166 - Knowledge - INFO - Fast-tracked /app/data/T0015/222062/b1810jj/RBUS/utils/dataProvider/dmError.cpp (ext=.cpp, size=1343)
2025-11-10 17:06:41,247 - Knowledge - INFO - Worker kw2 processing /app/data/T0015/222062/b1810jj/RBUS/src/rtmessage/rtVector.h
2025-11-10 17:06:41,337 - Knowledge - INFO - Fast-tracked /app/data/T0015/222062/b1810jj/RBUS/test/rbus/consumer/subscribe.c (ext=.c, size=16805)
2025-11-10 17:06:41,460 - Knowledge - INFO - Worker kw4 processing /app/data/T0015/222062/b1810jj/RBUS/src/session_manager/test/sample_client.c
2025-11-10 17:06:41,545 - Knowledge - INFO - Batch sizing: calculated=15, max_allowed=25, queue=202, active_workers=4/6
2025-11-10 17:06:41,633 - Knowledge - INFO - [kw6] Queue=187, InProgress=0, PendingWorkers=4/6, Completed=0/247 (0.0%)
2025-11-10 17:06:41,714 - Knowledge - INFO - knowledge worker kw7 start
2025-11-10 17:06:41,715 - Knowledge - INFO - Worker kw8 created using shared MongoDB connection pool
2025-11-10 17:06:41,807 - Knowledge - INFO - Worker kw1 processing /app/data/T0015/222062/b1810jj/RBUS/utils/dataProvider/dmQueryResult.h
2025-11-10 17:06:41,899 - Knowledge - INFO - Fast-tracked /app/data/T0015/222062/b1810jj/RBUS/src/rtmessage/rtVector.h (ext=.h, size=1902)
2025-11-10 17:06:41,984 - Knowledge - INFO - Worker kw3 processing /app/data/T0015/222062/b1810jj/RBUS/test/rbus/CMakeLists.txt
2025-11-10 17:06:42,098 - Knowledge - INFO - Fast-tracked /app/data/T0015/222062/b1810jj/RBUS/src/session_manager/test/sample_client.c (ext=.c, size=4226)
2025-11-10 17:06:42,187 - Knowledge - INFO - Worker kw5 processing /app/data/T0015/222062/b1810jj/RBUS/test/rbus/multiRbusOpenRbusGetConsumer/multiRbusOpenRbusGetConsumer.c
2025-11-10 17:06:42,262 - Knowledge - INFO - Batch sizing: calculated=12, max_allowed=25, queue=187, active_workers=5/7
2025-11-10 17:06:42,356 - Knowledge - INFO - [kw7] Queue=172, InProgress=0, PendingWorkers=5/7, Completed=0/247 (0.0%)
2025-11-10 17:06:42,448 - Knowledge - INFO - knowledge worker kw8 start
2025-11-10 17:06:42,449 - Knowledge - INFO - Worker kw9 created using shared MongoDB connection pool
2025-11-10 17:06:42,535 - Knowledge - INFO - Worker kw1 processing /app/data/T0015/222062/b1810jj/RBUS/utils/codegen/ccsp_style_generator/sampleapp/final/Sample_rbus.h
2025-11-10 17:06:42,647 - Knowledge - INFO - Worker kw2 processing /app/data/T0015/222062/b1810jj/RBUS/src/rbus/CMakeLists.txt
2025-11-10 17:06:42,727 - Knowledge - INFO - Fast-tracked /app/data/T0015/222062/b1810jj/RBUS/test/rbus/CMakeLists.txt (ext=.txt, size=7325)
2025-11-10 17:06:42,840 - Knowledge - INFO - Worker kw4 processing /app/data/T0015/222062/b1810jj/RBUS/test/rbus/multiRbusOpenRbusSetConsumer/multiRbusOpenRbusSetConsumer.c
2025-11-10 17:06:42,939 - Knowledge - INFO - Fast-tracked /app/data/T0015/222062/b1810jj/RBUS/test/rbus/multiRbusOpenRbusGetConsumer/multiRbusOpenRbusGetConsumer.c (ext=.c, size=2849)
2025-11-10 17:06:43,051 - Knowledge - INFO - Worker kw6 processing /app/data/T0015/222062/b1810jj/RBUS/utils/codegen/ccsp_style_generator/sampleapp/codegen.sh
2025-11-10 17:06:43,136 - Knowledge - INFO - Batch sizing: calculated=12, max_allowed=25, queue=172, active_workers=6/8
2025-11-10 17:06:43,219 - Knowledge - INFO - [kw8] Queue=160, InProgress=0, PendingWorkers=6/8, Completed=0/247 (0.0%)
2025-11-10 17:06:43,301 - Knowledge - INFO - knowledge worker kw9 start
2025-11-10 17:06:43,302 - Knowledge - INFO - Worker kw10 created using shared MongoDB connection pool
2025-11-10 17:06:43,386 - Knowledge - INFO - Fast-tracked /app/data/T0015/222062/b1810jj/RBUS/utils/codegen/ccsp_style_generator/sampleapp/final/Sample_rbus.h (ext=.h, size=913)
2025-11-10 17:06:43,459 - Knowledge - INFO - Fast-tracked /app/data/T0015/222062/b1810jj/RBUS/src/rbus/CMakeLists.txt (ext=.txt, size=1973)
2025-11-10 17:06:43,539 - Knowledge - INFO - Worker kw3 processing /app/data/T0015/222062/b1810jj/RBUS/utils/dataProvider/data/Device.WiFi.EndPoint.Interface.json
2025-11-10 17:06:43,619 - Knowledge - INFO - Fast-tracked /app/data/T0015/222062/b1810jj/RBUS/test/rbus/multiRbusOpenRbusSetConsumer/multiRbusOpenRbusSetConsumer.c (ext=.c, size=2884)
2025-11-10 17:06:43,702 - Knowledge - INFO - Worker kw5 processing /app/data/T0015/222062/b1810jj/RBUS/utils/dataProvider/data/Device.X_RDKCENTRAL-COM_Camera.Thumbnail.json
2025-11-10 17:06:43,776 - Knowledge - INFO - Fast-tracked /app/data/T0015/222062/b1810jj/RBUS/utils/codegen/ccsp_style_generator/sampleapp/codegen.sh (ext=.sh, size=1149)
2025-11-10 17:06:43,862 - Knowledge - INFO - Worker kw7 processing /app/data/T0015/222062/b1810jj/RBUS/utils/dataProvider/dmClient.h
2025-11-10 17:06:43,941 - Knowledge - INFO - Batch sizing: calculated=12, max_allowed=25, queue=160, active_workers=7/9
2025-11-10 17:06:44,071 - Knowledge - INFO - [kw9] Queue=148, InProgress=0, PendingWorkers=7/9, Completed=0/247 (0.0%)
2025-11-10 17:06:44,175 - Knowledge - INFO - knowledge worker kw10 start
2025-11-10 17:06:44,176 - Knowledge - INFO - Worker kw11 created using shared MongoDB connection pool
2025-11-10 17:06:44,288 - Knowledge - INFO - Worker kw1 processing /app/data/T0015/222062/b1810jj/RBUS/unittests/CMakeLists.txt
2025-11-10 17:06:44,369 - Knowledge - INFO - Worker kw2 processing /app/data/T0015/222062/b1810jj/RBUS/test/rbus/common/testValueHelper.c
2025-11-10 17:06:44,453 - Knowledge - INFO - Fast-tracked /app/data/T0015/222062/b1810jj/RBUS/utils/dataProvider/data/Device.WiFi.EndPoint.Interface.json (ext=.json, size=222)
2025-11-10 17:06:44,533 - Knowledge - INFO - Worker kw4 processing /app/data/T0015/222062/b1810jj/RBUS/unittests/rbus_test_server.c
2025-11-10 17:06:44,665 - Knowledge - INFO - Fast-tracked /app/data/T0015/222062/b1810jj/RBUS/utils/dataProvider/data/Device.X_RDKCENTRAL-COM_Camera.Thumbnail.json (ext=.json, size=140)
2025-11-10 17:06:44,748 - Knowledge - INFO - Worker kw6 processing /app/data/T0015/222062/b1810jj/RBUS/src/rtmessage/rtBase64.h
2025-11-10 17:06:44,868 - Knowledge - INFO - Fast-tracked /app/data/T0015/222062/b1810jj/RBUS/utils/dataProvider/dmClient.h (ext=.h, size=1674)
2025-11-10 17:06:44,958 - Knowledge - INFO - Worker kw8 processing /app/data/T0015/222062/b1810jj/RBUS/unittests/rbus_event_server.c
2025-11-10 17:06:45,049 - Knowledge - INFO - Batch sizing: calculated=12, max_allowed=25, queue=148, active_workers=8/10
2025-11-10 17:06:45,156 - Knowledge - INFO - [kw10] Queue=136, InProgress=0, PendingWorkers=8/10, Completed=0/247 (0.0%)
2025-11-10 17:06:45,241 - Knowledge - INFO - knowledge worker kw11 start
2025-11-10 17:06:45,241 - Knowledge - INFO - Worker kw12 created using shared MongoDB connection pool
2025-11-10 17:06:45,340 - Knowledge - INFO - Fast-tracked /app/data/T0015/222062/b1810jj/RBUS/unittests/CMakeLists.txt (ext=.txt, size=4333)
2025-11-10 17:06:45,422 - Knowledge - INFO - Fast-tracked /app/data/T0015/222062/b1810jj/RBUS/test/rbus/common/testValueHelper.c (ext=.c, size=18141)
2025-11-10 17:06:45,537 - Knowledge - INFO - Worker kw3 processing /app/data/T0015/222062/b1810jj/RBUS/unittests/main.cpp
2025-11-10 17:06:45,624 - Knowledge - INFO - Worker kw4 processing /app/data/T0015/222062/b1810jj/RBUS/utils/dataProvider/data/Device.DeviceInfo.Webpa.json
2025-11-10 17:06:45,732 - Knowledge - INFO - Worker kw5 processing /app/data/T0015/222062/b1810jj/RBUS/src/rtmessage/rtrouter_diag.h
2025-11-10 17:06:45,827 - Knowledge - INFO - Fast-tracked /app/data/T0015/222062/b1810jj/RBUS/src/rtmessage/rtBase64.h (ext=.h, size=1483)
2025-11-10 17:06:45,897 - Knowledge - INFO - Worker kw7 processing /app/data/T0015/222062/b1810jj/RBUS/test/rbus/common/runningParamHelper.h
2025-11-10 17:06:45,988 - Knowledge - INFO - Worker kw8 processing /app/data/T0015/222062/b1810jj/RBUS/src/rbus/rbus_valuechange.h
2025-11-10 17:06:46,080 - Knowledge - INFO - Worker kw9 processing /app/data/T0015/222062/b1810jj/RBUS/src/core/rbuscore_types.h
2025-11-10 17:06:46,186 - Knowledge - INFO - Batch sizing: calculated=12, max_allowed=25, queue=136, active_workers=9/11
2025-11-10 17:06:46,276 - Knowledge - INFO - [kw11] Queue=124, InProgress=0, PendingWorkers=9/11, Completed=0/247 (0.0%)
2025-11-10 17:06:46,402 - Knowledge - INFO - knowledge worker kw12 start
2025-11-10 17:06:46,402 - Knowledge - INFO - Worker kw13 created using shared MongoDB connection pool
2025-11-10 17:06:46,479 - Knowledge - INFO - Worker kw1 processing /app/data/T0015/222062/b1810jj/RBUS/utils/dataProvider/data/Device.DeviceInfo.X_RDKCENTRAL-COM_xOpsDeviceMgmt.json
2025-11-10 17:06:46,552 - Knowledge - INFO - Worker kw2 processing /app/data/T0015/222062/b1810jj/RBUS/test/rbus/rbusGetExtSetMulti/testSetMultiProvider.c
2025-11-10 17:06:46,652 - Knowledge - INFO - Fast-tracked /app/data/T0015/222062/b1810jj/RBUS/unittests/main.cpp (ext=.cpp, size=1107)
2025-11-10 17:06:46,730 - Knowledge - INFO - Fast-tracked /app/data/T0015/222062/b1810jj/RBUS/utils/dataProvider/data/Device.DeviceInfo.Webpa.json (ext=.json, size=598)
2025-11-10 17:06:46,805 - Knowledge - INFO - Fast-tracked /app/data/T0015/222062/b1810jj/RBUS/src/rtmessage/rtrouter_diag.h (ext=.h, size=1943)
2025-11-10 17:06:46,907 - Knowledge - INFO - Worker kw6 processing /app/data/T0015/222062/b1810jj/RBUS/src/rtmessage/rtAtomic.h
2025-11-10 17:06:46,991 - Knowledge - INFO - Fast-tracked /app/data/T0015/222062/b1810jj/RBUS/test/rbus/common/runningParamHelper.h (ext=.h, size=1130)
2025-11-10 17:06:47,105 - Knowledge - INFO - Fast-tracked /app/data/T0015/222062/b1810jj/RBUS/src/rbus/rbus_valuechange.h (ext=.h, size=1108)
2025-11-10 17:06:47,194 - Knowledge - INFO - Worker kw9 processing /app/data/T0015/222062/b1810jj/RBUS/utils/dataProvider/data/Device.X_COMCAST-COM_Xcalibur.Client.json
2025-11-10 17:06:47,271 - Knowledge - INFO - Worker kw10 processing /app/data/T0015/222062/b1810jj/RBUS/test/core/benchmark_test/rbus_test_util.h
2025-11-10 17:06:47,362 - Knowledge - INFO - Batch sizing: calculated=12, max_allowed=25, queue=124, active_workers=10/12
2025-11-10 17:06:47,471 - Knowledge - INFO - [kw12] Queue=112, InProgress=0, PendingWorkers=10/12, Completed=0/247 (0.0%)
2025-11-10 17:06:47,571 - Knowledge - INFO - knowledge worker kw13 start
2025-11-10 17:06:47,571 - Knowledge - INFO - Worker kw14 created using shared MongoDB connection pool
2025-11-10 17:06:47,660 - Knowledge - INFO - Fast-tracked /app/data/T0015/222062/b1810jj/RBUS/utils/dataProvider/data/Device.DeviceInfo.X_RDKCENTRAL-COM_xOpsDeviceMgmt.json (ext=.json, size=153)
2025-11-10 17:06:47,763 - Knowledge - INFO - Fast-tracked /app/data/T0015/222062/b1810jj/RBUS/test/rbus/rbusGetExtSetMulti/testSetMultiProvider.c (ext=.c, size=4355)
2025-11-10 17:06:47,849 - Knowledge - INFO - Worker kw3 processing /app/data/T0015/222062/b1810jj/RBUS/utils/rbuscli/rbuscli.c
2025-11-10 17:06:47,949 - Knowledge - INFO - Worker kw4 processing /app/data/T0015/222062/b1810jj/RBUS/test/rbus/multiConsumerThreadsForSingleEvent/multiConsumerThreadsForSingleEvent.c
2025-11-10 17:06:48,032 - Knowledge - INFO - Worker kw5 processing /app/data/T0015/222062/b1810jj/RBUS/test/rbus/multiRbusOpenProvider/multiRbusOpenProvider.c
2025-11-10 17:06:48,133 - Knowledge - INFO - Worker kw6 processing /app/data/T0015/222062/b1810jj/RBUS/src/core/rbuscore.h
2025-11-10 17:06:48,215 - Knowledge - INFO - Worker kw7 processing /app/data/T0015/222062/b1810jj/RBUS/utils/dataProvider/data/Device.WiFi.X_RDKCENTRAL-COM_BandSteering.json
2025-11-10 17:06:48,294 - Knowledge - INFO - Worker kw8 processing /app/data/T0015/222062/b1810jj/RBUS/utils/dataProvider/dmProvider.h
2025-11-10 17:06:48,393 - Knowledge - INFO - Fast-tracked /app/data/T0015/222062/b1810jj/RBUS/utils/dataProvider/data/Device.X_COMCAST-COM_Xcalibur.Client.json (ext=.json, size=234)
2025-11-10 17:06:48,468 - Knowledge - INFO - Fast-tracked /app/data/T0015/222062/b1810jj/RBUS/test/core/benchmark_test/rbus_test_util.h (ext=.h, size=3533)
2025-11-10 17:06:48,567 - Knowledge - INFO - Worker kw11 processing /app/data/T0015/222062/b1810jj/RBUS/utils/dataProvider/data/Device.X_COMCAST-COM_Xcalibur.json
2025-11-10 17:06:48,668 - Knowledge - INFO - Batch sizing: calculated=12, max_allowed=25, queue=112, active_workers=11/13
2025-11-10 17:06:48,754 - Knowledge - INFO - [kw13] Queue=100, InProgress=0, PendingWorkers=11/13, Completed=0/247 (0.0%)
2025-11-10 17:06:48,830 - Knowledge - INFO - knowledge worker kw14 start
2025-11-10 17:06:48,830 - Knowledge - INFO - Worker kw15 created using shared MongoDB connection pool
2025-11-10 17:06:48,910 - Knowledge - INFO - Worker kw1 processing /app/data/T0015/222062/b1810jj/RBUS/utils/dataProvider/data/Device.WiFi.X_RDKCENTRAL-COM_Lnf.Psk.json
2025-11-10 17:06:48,992 - Knowledge - INFO - Worker kw2 processing /app/data/T0015/222062/b1810jj/RBUS/sampleapps/rtmessage/rtsend.c
2025-11-10 17:06:49,083 - Knowledge - INFO - Fast-tracked /app/data/T0015/222062/b1810jj/RBUS/utils/rbuscli/rbuscli.c (ext=.c, size=101402)
2025-11-10 17:06:49,192 - Knowledge - INFO - Fast-tracked /app/data/T0015/222062/b1810jj/RBUS/test/rbus/multiConsumerThreadsForSingleEvent/multiConsumerThreadsForSingleEvent.c (ext=.c, size=1843)
2025-11-10 17:06:49,316 - Knowledge - INFO - Fast-tracked /app/data/T0015/222062/b1810jj/RBUS/test/rbus/multiRbusOpenProvider/multiRbusOpenProvider.c (ext=.c, size=4655)
2025-11-10 17:06:49,399 - Knowledge - INFO - Worker kw6 processing /app/data/T0015/222062/b1810jj/RBUS/test/rbus/multiRbusOpenRbusGetProvider/multiRbusOpenRbusGetProvider.c
2025-11-10 17:06:49,480 - Knowledge - INFO - Fast-tracked /app/data/T0015/222062/b1810jj/RBUS/utils/dataProvider/data/Device.WiFi.X_RDKCENTRAL-COM_BandSteering.json (ext=.json, size=322)
2025-11-10 17:06:49,565 - Knowledge - INFO - Worker kw8 processing /app/data/T0015/222062/b1810jj/RBUS/utils/codegen/ccsp_style_generator/scripts/rbus_code_generator_ccsp_style.sh
2025-11-10 17:06:49,669 - Knowledge - INFO - Worker kw9 processing /app/data/T0015/222062/b1810jj/RBUS/utils/CMakeLists.txt
2025-11-10 17:06:49,767 - Knowledge - INFO - Worker kw10 processing /app/data/T0015/222062/b1810jj/RBUS/test/core/benchmark_test/CMakeLists.txt
2025-11-10 17:06:49,852 - Knowledge - INFO - Fast-tracked /app/data/T0015/222062/b1810jj/RBUS/utils/dataProvider/data/Device.X_COMCAST-COM_Xcalibur.json (ext=.json, size=126)
2025-11-10 17:06:49,948 - Knowledge - INFO - Worker kw12 processing /app/data/T0015/222062/b1810jj/RBUS/test/rbus/consumer/valueChange.c
2025-11-10 17:06:50,064 - Knowledge - INFO - Batch sizing: calculated=10, max_allowed=25, queue=100, active_workers=12/14
2025-11-10 17:06:50,144 - Knowledge - INFO - [kw14] Queue=88, InProgress=0, PendingWorkers=12/14, Completed=0/247 (0.0%)
2025-11-10 17:06:50,232 - Knowledge - INFO - knowledge worker kw15 start
2025-11-10 17:06:50,232 - Knowledge - INFO - Worker kw16 created using shared MongoDB connection pool
2025-11-10 17:06:50,358 - Knowledge - INFO - Fast-tracked /app/data/T0015/222062/b1810jj/RBUS/utils/dataProvider/data/Device.WiFi.X_RDKCENTRAL-COM_Lnf.Psk.json (ext=.json, size=225)
2025-11-10 17:06:50,452 - Knowledge - INFO - Worker kw2 processing /app/data/T0015/222062/b1810jj/RBUS/test/core/loadtest.cpp
2025-11-10 17:06:50,530 - Knowledge - INFO - Worker kw3 processing /app/data/T0015/222062/b1810jj/RBUS/src/rtmessage/rtCipher.h
2025-11-10 17:06:50,621 - Knowledge - INFO - Worker kw4 processing /app/data/T0015/222062/b1810jj/RBUS/utils/codegen/ccsp_style_generator/sampleapp/final/Sample_hal.c
2025-11-10 17:06:50,718 - Knowledge - INFO - Worker kw5 processing /app/data/T0015/222062/b1810jj/RBUS/sampleapps/consumer/rbusBlockingConsumer.c
2025-11-10 17:06:50,806 - Knowledge - INFO - Fast-tracked /app/data/T0015/222062/b1810jj/RBUS/test/rbus/multiRbusOpenRbusGetProvider/multiRbusOpenRbusGetProvider.c (ext=.c, size=4960)
2025-11-10 17:06:50,895 - Knowledge - INFO - Worker kw7 processing /app/data/T0015/222062/b1810jj/RBUS/cmake/Findbreakpad.cmake
2025-11-10 17:06:51,003 - Knowledge - INFO - Fast-tracked /app/data/T0015/222062/b1810jj/RBUS/utils/codegen/ccsp_style_generator/scripts/rbus_code_generator_ccsp_style.sh (ext=.sh, size=1303)
2025-11-10 17:06:51,091 - Knowledge - INFO - Fast-tracked /app/data/T0015/222062/b1810jj/RBUS/utils/CMakeLists.txt (ext=.txt, size=987)
2025-11-10 17:06:51,175 - Knowledge - INFO - Fast-tracked /app/data/T0015/222062/b1810jj/RBUS/test/core/benchmark_test/CMakeLists.txt (ext=.txt, size=1392)
2025-11-10 17:06:51,326 - Knowledge - INFO - Worker kw11 processing /app/data/T0015/222062/b1810jj/RBUS/test/rbus/consumer/tables.c
2025-11-10 17:06:51,412 - Knowledge - INFO - Fast-tracked /app/data/T0015/222062/b1810jj/RBUS/test/rbus/consumer/valueChange.c (ext=.c, size=25814)
2025-11-10 17:06:51,489 - Knowledge - INFO - Worker kw13 processing /app/data/T0015/222062/b1810jj/RBUS/utils/dataProvider/data/Device.WiFi.Router.json
2025-11-10 17:06:51,578 - Knowledge - INFO - Batch sizing: calculated=10, max_allowed=25, queue=88, active_workers=13/15
2025-11-10 17:06:51,705 - Knowledge - INFO - [kw15] Queue=78, InProgress=0, PendingWorkers=13/15, Completed=0/247 (0.0%)
2025-11-10 17:06:51,796 - Knowledge - INFO - knowledge worker kw16 start
2025-11-10 17:06:51,796 - Knowledge - INFO - Worker kw17 created using shared MongoDB connection pool
2025-11-10 17:06:51,872 - Knowledge - INFO - Worker kw1 processing /app/data/T0015/222062/b1810jj/RBUS/utils/codegen/ccsp_style_generator/sampleapp/final/Sample_app.c
2025-11-10 17:06:51,985 - Knowledge - INFO - Fast-tracked /app/data/T0015/222062/b1810jj/RBUS/test/core/loadtest.cpp (ext=.cpp, size=7024)
2025-11-10 17:06:52,065 - Knowledge - INFO - Worker kw3 processing /app/data/T0015/222062/b1810jj/RBUS/utils/dataProvider/data/Device.WiFi.Radio.Stats.json
2025-11-10 17:06:52,158 - Knowledge - INFO - Worker kw4 processing /app/data/T0015/222062/b1810jj/RBUS/utils/codegen/ccsp_style_generator/src/rbus_context_helpers.c
2025-11-10 17:06:52,240 - Knowledge - INFO - Worker kw5 processing /app/data/T0015/222062/b1810jj/RBUS/test/rbus/multiProviderThreadsForSingleEvent/multiProviderThreadsForSingleEvent.c
2025-11-10 17:06:52,320 - Knowledge - INFO - Worker kw6 processing /app/data/T0015/222062/b1810jj/RBUS/utils/dataProvider/dmValueType.h
2025-11-10 17:06:52,402 - Knowledge - INFO - Fast-tracked /app/data/T0015/222062/b1810jj/RBUS/cmake/Findbreakpad.cmake (ext=.cmake, size=1727)
2025-11-10 17:06:52,520 - Knowledge - INFO - Worker kw8 processing /app/data/T0015/222062/b1810jj/RBUS/utils/dataProvider/data/Device.DeviceInfo.X_RDKCENTRAL-COM_RFC.Feature.json
2025-11-10 17:06:52,622 - Knowledge - INFO - Worker kw9 processing /app/data/T0015/222062/b1810jj/RBUS/src/session_manager/rbus_session_mgr.h
2025-11-10 17:06:52,705 - Knowledge - INFO - Worker kw10 processing /app/data/T0015/222062/b1810jj/RBUS/test/rbus/rbus_test.sh
2025-11-10 17:06:52,778 - Knowledge - INFO - Fast-tracked /app/data/T0015/222062/b1810jj/RBUS/test/rbus/consumer/tables.c (ext=.c, size=19635)
2025-11-10 17:06:52,873 - Knowledge - INFO - Worker kw12 processing /app/data/T0015/222062/b1810jj/RBUS/src/core/rbuscore_logger.h
2025-11-10 17:06:52,994 - Knowledge - INFO - Fast-tracked /app/data/T0015/222062/b1810jj/RBUS/utils/dataProvider/data/Device.WiFi.Router.json (ext=.json, size=210)
2025-11-10 17:06:53,069 - Knowledge - INFO - Worker kw14 processing /app/data/T0015/222062/b1810jj/RBUS/test/rbus/common/testValueHelper.h
2025-11-10 17:06:53,151 - Knowledge - INFO - Batch sizing: calculated=10, max_allowed=25, queue=78, active_workers=14/16
2025-11-10 17:06:53,227 - Knowledge - INFO - [kw16] Queue=68, InProgress=0, PendingWorkers=14/16, Completed=0/247 (0.0%)
2025-11-10 17:06:53,341 - Knowledge - INFO - knowledge worker kw17 start
2025-11-10 17:06:53,341 - Knowledge - INFO - Worker kw18 created using shared MongoDB connection pool
2025-11-10 17:06:53,427 - Knowledge - INFO - Fast-tracked /app/data/T0015/222062/b1810jj/RBUS/utils/codegen/ccsp_style_generator/sampleapp/final/Sample_app.c (ext=.c, size=1319)
2025-11-10 17:06:53,509 - Knowledge - INFO - Worker kw2 processing /app/data/T0015/222062/b1810jj/RBUS/src/rtmessage/rtEncoder.c
2025-11-10 17:06:53,622 - Knowledge - INFO - Fast-tracked /app/data/T0015/222062/b1810jj/RBUS/utils/dataProvider/data/Device.WiFi.Radio.Stats.json (ext=.json, size=215)
2025-11-10 17:06:53,736 - Knowledge - INFO - Worker kw4 processing /app/data/T0015/222062/b1810jj/RBUS/test/rbus/provider/rbusTestProvider.c
2025-11-10 17:06:53,829 - Knowledge - INFO - Fast-tracked /app/data/T0015/222062/b1810jj/RBUS/test/rbus/multiProviderThreadsForSingleEvent/multiProviderThreadsForSingleEvent.c (ext=.c, size=3404)
2025-11-10 17:06:53,910 - Knowledge - INFO - Fast-tracked /app/data/T0015/222062/b1810jj/RBUS/utils/dataProvider/dmValueType.h (ext=.h, size=1320)
2025-11-10 17:06:54,027 - Knowledge - INFO - Worker kw7 processing /app/data/T0015/222062/b1810jj/RBUS/test/rbus/consumer/methods.c
2025-11-10 17:06:54,144 - Knowledge - INFO - Fast-tracked /app/data/T0015/222062/b1810jj/RBUS/utils/dataProvider/data/Device.DeviceInfo.X_RDKCENTRAL-COM_RFC.Feature.json (ext=.json, size=247)
2025-11-10 17:06:54,274 - Knowledge - INFO - Fast-tracked /app/data/T0015/222062/b1810jj/RBUS/src/session_manager/rbus_session_mgr.h (ext=.h, size=1282)
2025-11-10 17:06:54,400 - Knowledge - INFO - Fast-tracked /app/data/T0015/222062/b1810jj/RBUS/test/rbus/rbus_test.sh (ext=.sh, size=3578)
2025-11-10 17:06:54,514 - Knowledge - INFO - Worker kw11 processing /app/data/T0015/222062/b1810jj/RBUS/unittests/util.cpp
2025-11-10 17:06:54,587 - Knowledge - INFO - Fast-tracked /app/data/T0015/222062/b1810jj/RBUS/src/core/rbuscore_logger.h (ext=.h, size=1333)
2025-11-10 17:06:54,659 - Knowledge - INFO - Worker kw13 processing /app/data/T0015/222062/b1810jj/RBUS/utils/dataProvider/data/Device.WiFi.EndPoint.json
2025-11-10 17:06:54,744 - Knowledge - INFO - Fast-tracked /app/data/T0015/222062/b1810jj/RBUS/test/rbus/common/testValueHelper.h (ext=.h, size=1130)
2025-11-10 17:06:54,831 - Knowledge - INFO - Worker kw15 processing /app/data/T0015/222062/b1810jj/RBUS/utils/dataProvider/data/Device.json
2025-11-10 17:06:54,926 - Knowledge - INFO - Batch sizing: calculated=10, max_allowed=25, queue=68, active_workers=15/17
2025-11-10 17:06:55,004 - Knowledge - INFO - [kw17] Queue=58, InProgress=0, PendingWorkers=15/17, Completed=0/247 (0.0%)
2025-11-10 17:06:55,091 - Knowledge - INFO - knowledge worker kw18 start
2025-11-10 17:06:55,091 - Knowledge - INFO - Worker kw19 created using shared MongoDB connection pool
2025-11-10 17:06:55,172 - Knowledge - INFO - Worker kw1 processing /app/data/T0015/222062/b1810jj/RBUS/test/rbus/consumer/partialPath.c
2025-11-10 17:06:55,260 - Knowledge - INFO - Worker kw2 processing /app/data/T0015/222062/b1810jj/RBUS/utils/dataProvider/data/Device.DeviceInfo.ProcessStatus.json
2025-11-10 17:06:55,375 - Knowledge - INFO - Worker kw3 processing /app/data/T0015/222062/b1810jj/RBUS/utils/dataProvider/dmProviderHost.h
2025-11-10 17:06:55,466 - Knowledge - INFO - Fast-tracked /app/data/T0015/222062/b1810jj/RBUS/test/rbus/provider/rbusTestProvider.c (ext=.c, size=61699)
2025-11-10 17:06:55,549 - Knowledge - INFO - Worker kw5 processing /app/data/T0015/222062/b1810jj/RBUS/src/rtmessage/rtMessage.h
2025-11-10 17:06:55,629 - Knowledge - INFO - Worker kw6 processing /app/data/T0015/222062/b1810jj/RBUS/utils/dataProvider/data/Device.WiFi.json
2025-11-10 17:06:55,706 - Knowledge - INFO - Fast-tracked /app/data/T0015/222062/b1810jj/RBUS/test/rbus/consumer/methods.c (ext=.c, size=12572)
2025-11-10 17:06:55,824 - Knowledge - INFO - Worker kw8 processing /app/data/T0015/222062/b1810jj/RBUS/src/rtmessage/rtMemory.h
2025-11-10 17:06:55,907 - Knowledge - INFO - Worker kw9 processing /app/data/T0015/222062/b1810jj/RBUS/src/core/rbuscore_message.h
2025-11-10 17:06:56,004 - Knowledge - INFO - Worker kw10 processing /app/data/T0015/222062/b1810jj/RBUS/test/core/nested_server.c
2025-11-10 17:06:56,100 - Knowledge - INFO - Worker kw11 processing /app/data/T0015/222062/b1810jj/RBUS/test/core/sample_event_server.c
2025-11-10 17:06:56,184 - Knowledge - INFO - Worker kw12 processing /app/data/T0015/222062/b1810jj/RBUS/utils/dataProvider/data/Device.DeviceInfo.X_RDKCENTRAL-COM_xOpsDeviceMgmt.RPC.Feature.HDR.json
2025-11-10 17:06:56,308 - Knowledge - INFO - Fast-tracked /app/data/T0015/222062/b1810jj/RBUS/utils/dataProvider/data/Device.WiFi.EndPoint.json (ext=.json, size=1176)
2025-11-10 17:06:56,433 - Knowledge - INFO - Worker kw14 processing /app/data/T0015/222062/b1810jj/RBUS/utils/dataProvider/data/Device.DeviceInfo.X_RDKCENTRAL-COM_xOpsDeviceMgmt.Logging.json
2025-11-10 17:06:56,540 - Knowledge - INFO - Fast-tracked /app/data/T0015/222062/b1810jj/RBUS/utils/dataProvider/data/Device.json (ext=.json, size=373)
2025-11-10 17:06:56,639 - Knowledge - INFO - Worker kw16 processing /app/data/T0015/222062/b1810jj/RBUS/src/rbus/rbus_intervalsubscription.h
2025-11-10 17:06:56,763 - Knowledge - INFO - Batch sizing: calculated=10, max_allowed=25, queue=58, active_workers=16/18
2025-11-10 17:06:56,848 - Knowledge - INFO - [kw18] Queue=48, InProgress=0, PendingWorkers=16/18, Completed=0/247 (0.0%)
2025-11-10 17:06:56,930 - Knowledge - INFO - knowledge worker kw19 start
2025-11-10 17:06:56,930 - Knowledge - INFO - Worker kw20 created using shared MongoDB connection pool
2025-11-10 17:06:57,027 - Knowledge - INFO - Fast-tracked /app/data/T0015/222062/b1810jj/RBUS/test/rbus/consumer/partialPath.c (ext=.c, size=16061)
2025-11-10 17:06:57,124 - Knowledge - INFO - Fast-tracked /app/data/T0015/222062/b1810jj/RBUS/utils/dataProvider/data/Device.DeviceInfo.ProcessStatus.json (ext=.json, size=458)
2025-11-10 17:06:57,203 - Knowledge - INFO - Worker kw3 processing /app/data/T0015/222062/b1810jj/RBUS/test/rbus/multiRbusOpenConsumer/multiRbusOpenConsumer.c
2025-11-10 17:06:57,295 - Knowledge - INFO - Worker kw4 processing /app/data/T0015/222062/b1810jj/RBUS/utils/dataProvider/data/Device.DeviceInfo.X_RDKCENTRAL-COM_RFC.json
2025-11-10 17:06:57,393 - Knowledge - INFO - Worker kw5 processing /app/data/T0015/222062/b1810jj/RBUS/src/rtmessage/rtError.c
2025-11-10 17:06:57,484 - Knowledge - INFO - Fast-tracked /app/data/T0015/222062/b1810jj/RBUS/utils/dataProvider/data/Device.WiFi.json (ext=.json, size=1718)
2025-11-10 17:06:57,568 - Knowledge - INFO - Worker kw7 processing /app/data/T0015/222062/b1810jj/RBUS/utils/dataProvider/data/Device.DeviceInfo.X_RDKCENTRAL-COM_Syndication.json
2025-11-10 17:06:57,670 - Knowledge - INFO - Fast-tracked /app/data/T0015/222062/b1810jj/RBUS/src/rtmessage/rtMemory.h (ext=.h, size=1746)
2025-11-10 17:06:57,803 - Knowledge - INFO - Worker kw9 processing /app/data/T0015/222062/b1810jj/RBUS/src/rtmessage/rtAdvisory.h
2025-11-10 17:06:57,892 - Knowledge - INFO - Fast-tracked /app/data/T0015/222062/b1810jj/RBUS/test/core/nested_server.c (ext=.c, size=3964)
2025-11-10 17:06:58,022 - Knowledge - INFO - Fast-tracked /app/data/T0015/222062/b1810jj/RBUS/test/core/sample_event_server.c (ext=.c, size=5929)
2025-11-10 17:06:58,107 - Knowledge - INFO - Fast-tracked /app/data/T0015/222062/b1810jj/RBUS/utils/dataProvider/data/Device.DeviceInfo.X_RDKCENTRAL-COM_xOpsDeviceMgmt.RPC.Feature.HDR.json (ext=.json, size=264)
2025-11-10 17:06:58,226 - Knowledge - INFO - Worker kw13 processing /app/data/T0015/222062/b1810jj/RBUS/sampleapps/provider/rbusValueChangeMultiProvider.c
2025-11-10 17:06:58,312 - Knowledge - INFO - Fast-tracked /app/data/T0015/222062/b1810jj/RBUS/utils/dataProvider/data/Device.DeviceInfo.X_RDKCENTRAL-COM_xOpsDeviceMgmt.Logging.json (ext=.json, size=382)
2025-11-10 17:06:58,398 - Knowledge - INFO - Worker kw15 processing /app/data/T0015/222062/b1810jj/RBUS/src/core/CMakeLists.txt
2025-11-10 17:06:58,486 - Knowledge - INFO - Fast-tracked /app/data/T0015/222062/b1810jj/RBUS/src/rbus/rbus_intervalsubscription.h (ext=.h, size=1110)
2025-11-10 17:06:58,600 - Knowledge - INFO - Worker kw17 processing /app/data/T0015/222062/b1810jj/RBUS/test/core/test_obj_lookup.c
2025-11-10 17:06:58,683 - Knowledge - INFO - Batch sizing: calculated=10, max_allowed=25, queue=48, active_workers=17/19
2025-11-10 17:06:58,804 - Knowledge - INFO - [kw19] Queue=38, InProgress=0, PendingWorkers=17/19, Completed=0/247 (0.0%)
2025-11-10 17:06:58,899 - Knowledge - INFO - knowledge worker kw20 start
2025-11-10 17:06:59,006 - Knowledge - INFO - Worker kw1 processing /app/data/T0015/222062/b1810jj/RBUS/utils/dataProvider/data/Device.X_RDKCENTRAL-COM_Camera.json
2025-11-10 17:06:59,090 - Knowledge - INFO - Worker kw2 processing /app/data/T0015/222062/b1810jj/RBUS/utils/dataProvider/dmValue.h
2025-11-10 17:06:59,184 - Knowledge - INFO - Fast-tracked /app/data/T0015/222062/b1810jj/RBUS/test/rbus/multiRbusOpenConsumer/multiRbusOpenConsumer.c (ext=.c, size=5033)
2025-11-10 17:06:59,300 - Knowledge - INFO - Fast-tracked /app/data/T0015/222062/b1810jj/RBUS/utils/dataProvider/data/Device.DeviceInfo.X_RDKCENTRAL-COM_RFC.json (ext=.json, size=135)
2025-11-10 17:06:59,426 - Knowledge - INFO - Worker kw5 processing /app/data/T0015/222062/b1810jj/RBUS/src/rtmessage/rtBuffer.c
2025-11-10 17:06:59,505 - Knowledge - INFO - Worker kw6 processing /app/data/T0015/222062/b1810jj/RBUS/utils/dataProvider/data/Device.X_RDKCENTRAL-COM_Camera.Stream.json
2025-11-10 17:06:59,597 - Knowledge - INFO - Fast-tracked /app/data/T0015/222062/b1810jj/RBUS/utils/dataProvider/data/Device.DeviceInfo.X_RDKCENTRAL-COM_Syndication.json (ext=.json, size=238)
2025-11-10 17:06:59,675 - Knowledge - INFO - Worker kw8 processing /app/data/T0015/222062/b1810jj/RBUS/test/rbus/multiRbusOpenEventProvider/multiRbusOpenEventProvider.c
2025-11-10 17:06:59,751 - Knowledge - INFO - Fast-tracked /app/data/T0015/222062/b1810jj/RBUS/src/rtmessage/rtAdvisory.h (ext=.h, size=1191)
2025-11-10 17:06:59,846 - Knowledge - INFO - Worker kw10 processing /app/data/T0015/222062/b1810jj/RBUS/sampleapps/provider/utilities.h
2025-11-10 17:06:59,963 - Knowledge - INFO - Worker kw11 processing /app/data/T0015/222062/b1810jj/RBUS/src/rtmessage/rtSemaphore.h
2025-11-10 17:07:00,055 - Knowledge - INFO - Worker kw12 processing /app/data/T0015/222062/b1810jj/RBUS/unittests/rbusElementTest.cpp
2025-11-10 17:07:00,134 - Knowledge - INFO - Worker kw13 processing /app/data/T0015/222062/b1810jj/RBUS/utils/codegen/ccsp_style_generator/sampleapp/Sample_dm.xml
2025-11-10 17:07:00,226 - Knowledge - INFO - Worker kw14 processing /app/data/T0015/222062/b1810jj/RBUS/utils/dataProvider/data/Device.DeviceInfo.ProcessStatus.Process.json
2025-11-10 17:07:00,310 - Knowledge - INFO - Fast-tracked /app/data/T0015/222062/b1810jj/RBUS/src/core/CMakeLists.txt (ext=.txt, size=1415)
2025-11-10 17:07:00,394 - Knowledge - INFO - Worker kw16 processing /app/data/T0015/222062/b1810jj/RBUS/utils/dataProvider/data/Device.DeviceInfo.X_RDKCENTRAL-COM_xOpsDeviceMgmt.RPC.Feature.json
2025-11-10 17:07:00,468 - Knowledge - INFO - Fast-tracked /app/data/T0015/222062/b1810jj/RBUS/test/core/test_obj_lookup.c (ext=.c, size=4111)
2025-11-10 17:07:00,547 - Knowledge - INFO - Worker kw18 processing /app/data/T0015/222062/b1810jj/RBUS/utils/codegen/ccsp_style_generator/sampleapp/codegen/Sample_rbus.h
2025-11-10 17:07:00,670 - Knowledge - INFO - Batch sizing: calculated=10, max_allowed=25, queue=38, active_workers=18/20
2025-11-10 17:07:00,759 - Knowledge - INFO - [kw20] Queue=28, InProgress=0, PendingWorkers=18/20, Completed=0/247 (0.0%)
2025-11-10 17:07:00,845 - Knowledge - INFO - Fast-tracked /app/data/T0015/222062/b1810jj/RBUS/utils/dataProvider/data/Device.X_RDKCENTRAL-COM_Camera.json (ext=.json, size=348)
2025-11-10 17:07:00,929 - Knowledge - INFO - Worker kw2 processing /app/data/T0015/222062/b1810jj/RBUS/utils/dataProvider/data/Device.DeviceInfo.X_RDKCENTRAL-COM_RFC.Feature.AutoReboot.json
2025-11-10 17:07:01,001 - Knowledge - INFO - Worker kw3 processing /app/data/T0015/222062/b1810jj/RBUS/test/rbus/multiRbusOpenMethodProvider/multiRbusOpenMethodProvider.c
2025-11-10 17:07:01,071 - Knowledge - INFO - Worker kw4 processing /app/data/T0015/222062/b1810jj/RBUS/sampleapps/message/rbusMessageSender.c
2025-11-10 17:07:01,154 - Knowledge - INFO - Worker kw5 processing /app/data/T0015/222062/b1810jj/RBUS/src/session_manager/CMakeLists.txt
2025-11-10 17:07:01,234 - Knowledge - INFO - Fast-tracked /app/data/T0015/222062/b1810jj/RBUS/utils/dataProvider/data/Device.X_RDKCENTRAL-COM_Camera.Stream.json (ext=.json, size=533)
2025-11-10 17:07:01,324 - Knowledge - INFO - Worker kw7 processing /app/data/T0015/222062/b1810jj/RBUS/sampleapps/consumer/sample_rbus_session_mgr.c
2025-11-10 17:07:01,412 - Knowledge - INFO - Fast-tracked /app/data/T0015/222062/b1810jj/RBUS/test/rbus/multiRbusOpenEventProvider/multiRbusOpenEventProvider.c (ext=.c, size=3049)
2025-11-10 17:07:01,494 - Knowledge - INFO - Worker kw9 processing /app/data/T0015/222062/b1810jj/RBUS/test/core/bin_header.h
2025-11-10 17:07:01,609 - Knowledge - INFO - Fast-tracked /app/data/T0015/222062/b1810jj/RBUS/sampleapps/provider/utilities.h (ext=.h, size=1377)
2025-11-10 17:07:01,690 - Knowledge - INFO - Worker kw11 processing /app/data/T0015/222062/b1810jj/RBUS/sampleapps/message/rbusMessageListener.c
2025-11-10 17:07:01,768 - Knowledge - INFO - Worker kw12 processing /app/data/T0015/222062/b1810jj/RBUS/src/rtmessage/rtList.h
2025-11-10 17:07:01,848 - Knowledge - INFO - Fast-tracked /app/data/T0015/222062/b1810jj/RBUS/utils/codegen/ccsp_style_generator/sampleapp/Sample_dm.xml (ext=.xml, size=9860)
2025-11-10 17:07:01,945 - Knowledge - INFO - Fast-tracked /app/data/T0015/222062/b1810jj/RBUS/utils/dataProvider/data/Device.DeviceInfo.ProcessStatus.Process.json (ext=.json, size=728)
2025-11-10 17:07:02,049 - Knowledge - INFO - Worker kw15 processing /app/data/T0015/222062/b1810jj/RBUS/utils/dataProvider/data/Device.X_RDKCENTRAL-COM_Camera.XW.json
2025-11-10 17:07:02,130 - Knowledge - INFO - Fast-tracked /app/data/T0015/222062/b1810jj/RBUS/utils/dataProvider/data/Device.DeviceInfo.X_RDKCENTRAL-COM_xOpsDeviceMgmt.RPC.Feature.json (ext=.json, size=169)
2025-11-10 17:07:02,201 - Knowledge - INFO - Worker kw17 processing /app/data/T0015/222062/b1810jj/RBUS/utils/dataProvider/data/Device.WiFi.X_RDKCENTRAL-COM_Lnf.EapTls.json
2025-11-10 17:07:02,297 - Knowledge - INFO - Fast-tracked /app/data/T0015/222062/b1810jj/RBUS/utils/codegen/ccsp_style_generator/sampleapp/codegen/Sample_rbus.h (ext=.h, size=913)
2025-11-10 17:07:02,374 - Knowledge - INFO - Worker kw19 processing /app/data/T0015/222062/b1810jj/RBUS/utils/dataProvider/data/Device.WiFi.Radio.json
2025-11-10 17:07:02,459 - Knowledge - INFO - Batch sizing: calculated=10, max_allowed=25, queue=28, active_workers=19/20
2025-11-10 17:07:02,547 - Knowledge - INFO - Worker kw1 processing /app/data/T0015/222062/b1810jj/RBUS/test/core/rbus_perf.cpp
2025-11-10 17:07:02,660 - Knowledge - INFO - Fast-tracked /app/data/T0015/222062/b1810jj/RBUS/utils/dataProvider/data/Device.DeviceInfo.X_RDKCENTRAL-COM_RFC.Feature.AutoReboot.json (ext=.json, size=364)
2025-11-10 17:07:02,742 - Knowledge - INFO - Fast-tracked /app/data/T0015/222062/b1810jj/RBUS/test/rbus/multiRbusOpenMethodProvider/multiRbusOpenMethodProvider.c (ext=.c, size=5944)
2025-11-10 17:07:02,836 - Knowledge - INFO - Fast-tracked /app/data/T0015/222062/b1810jj/RBUS/sampleapps/message/rbusMessageSender.c (ext=.c, size=1765)
2025-11-10 17:07:02,912 - Knowledge - INFO - Fast-tracked /app/data/T0015/222062/b1810jj/RBUS/src/session_manager/CMakeLists.txt (ext=.txt, size=1520)
2025-11-10 17:07:02,991 - Knowledge - INFO - Worker kw6 processing /app/data/T0015/222062/b1810jj/RBUS/src/rtmessage/rtm_discovery_api.h
2025-11-10 17:07:03,116 - Knowledge - INFO - Fast-tracked /app/data/T0015/222062/b1810jj/RBUS/sampleapps/consumer/sample_rbus_session_mgr.c (ext=.c, size=1292)
2025-11-10 17:07:03,199 - Knowledge - INFO - Worker kw8 processing /app/data/T0015/222062/b1810jj/RBUS/utils/codegen/ccsp_style_generator/sampleapp/codegen/Sample_rbus.c
2025-11-10 17:07:03,280 - Knowledge - INFO - Fast-tracked /app/data/T0015/222062/b1810jj/RBUS/test/core/bin_header.h (ext=.h, size=838)
2025-11-10 17:07:03,383 - Knowledge - INFO - Worker kw10 processing /app/data/T0015/222062/b1810jj/RBUS/test/core/sample_datamodel.txt
2025-11-10 17:07:03,480 - Knowledge - INFO - Fast-tracked /app/data/T0015/222062/b1810jj/RBUS/sampleapps/message/rbusMessageListener.c (ext=.c, size=1576)
2025-11-10 17:07:03,583 - Knowledge - INFO - Worker kw12 processing /app/data/T0015/222062/b1810jj/RBUS/test/rbus/consumer/rbusTestMultiConsumer.c
2025-11-10 17:07:03,695 - Knowledge - INFO - Worker kw13 processing /app/data/T0015/222062/b1810jj/RBUS/test/rbus/consumer/subscribeEx.c
2025-11-10 17:07:03,810 - Knowledge - INFO - Worker kw14 processing /app/data/T0015/222062/b1810jj/RBUS/src/rbus/rbus_log.h
2025-11-10 17:07:03,906 - Knowledge - INFO - Fast-tracked /app/data/T0015/222062/b1810jj/RBUS/utils/dataProvider/data/Device.X_RDKCENTRAL-COM_Camera.XW.json (ext=.json, size=426)
2025-11-10 17:07:04,028 - Knowledge - INFO - Worker kw16 processing /app/data/T0015/222062/b1810jj/RBUS/sampleapps/rtmessage/CMakeLists.txt
2025-11-10 17:07:04,109 - Knowledge - INFO - Fast-tracked /app/data/T0015/222062/b1810jj/RBUS/utils/dataProvider/data/Device.WiFi.X_RDKCENTRAL-COM_Lnf.EapTls.json (ext=.json, size=228)
2025-11-10 17:07:04,191 - Knowledge - INFO - Worker kw18 processing /app/data/T0015/222062/b1810jj/RBUS/utils/dataProvider/data/Device.WiFi.X_RDKCENTRAL-COM_BandSteering.BandSetting.json
2025-11-10 17:07:04,319 - Knowledge - INFO - Fast-tracked /app/data/T0015/222062/b1810jj/RBUS/utils/dataProvider/data/Device.WiFi.Radio.json (ext=.json, size=683)
2025-11-10 17:07:04,393 - Knowledge - INFO - Worker kw20 processing /app/data/T0015/222062/b1810jj/RBUS/src/rbus/rbus.c
2025-11-10 17:07:04,506 - Knowledge - INFO - Fast-tracked /app/data/T0015/222062/b1810jj/RBUS/test/core/rbus_perf.cpp (ext=.cpp, size=9418)
2025-11-10 17:07:04,598 - Knowledge - INFO - Worker kw2 processing /app/data/T0015/222062/b1810jj/RBUS/test/rbus/multiRbusOpenEventConsumer/multiRbusOpenEventConsumer.c
2025-11-10 17:07:04,677 - Knowledge - INFO - Worker kw3 processing /app/data/T0015/222062/b1810jj/RBUS/test/rbus/rbusTestValue.c
2025-11-10 17:07:04,770 - Knowledge - INFO - Worker kw4 processing /app/data/T0015/222062/b1810jj/RBUS/utils/dataProvider/data/Device.Devicecontrol.json
2025-11-10 17:07:04,850 - Knowledge - INFO - Worker kw5 processing /app/data/T0015/222062/b1810jj/RBUS/src/rtmessage/rtsub.c
2025-11-10 17:07:04,964 - Knowledge - INFO - Fast-tracked /app/data/T0015/222062/b1810jj/RBUS/src/rtmessage/rtm_discovery_api.h (ext=.h, size=1361)
2025-11-10 17:07:05,041 - Knowledge - INFO - Worker kw7 processing /app/data/T0015/222062/b1810jj/RBUS/test/core/benchmark_test/rbus_benchmark_test_app.cpp
2025-11-10 17:07:05,161 - Knowledge - INFO - Worker kw8 processing /app/data/T0015/222062/b1810jj/RBUS/utils/dataProvider/data/Device.WiFi.EndPoint.Stats.json
2025-11-10 17:07:05,236 - Knowledge - INFO - Worker kw9 processing /app/data/T0015/222062/b1810jj/RBUS/conf/rbus_log_capture.sh
2025-11-10 17:07:05,328 - Knowledge - INFO - Fast-tracked /app/data/T0015/222062/b1810jj/RBUS/test/core/sample_datamodel.txt (ext=.txt, size=233524)
2025-11-10 17:07:05,406 - Knowledge - INFO - Worker kw11 processing /app/data/T0015/222062/b1810jj/RBUS/utils/dataProvider/dmProvider.cpp
2025-11-10 17:07:05,508 - Knowledge - INFO - Fast-tracked /app/data/T0015/222062/b1810jj/RBUS/test/rbus/consumer/rbusTestMultiConsumer.c (ext=.c, size=7181)
2025-11-10 17:07:05,592 - Knowledge - INFO - Fast-tracked /app/data/T0015/222062/b1810jj/RBUS/test/rbus/consumer/subscribeEx.c (ext=.c, size=3126)
2025-11-10 17:07:05,673 - Knowledge - INFO - Fast-tracked /app/data/T0015/222062/b1810jj/RBUS/src/rbus/rbus_log.h (ext=.h, size=1570)
2025-11-10 17:07:05,775 - Knowledge - INFO - Worker kw15 processing /app/data/T0015/222062/b1810jj/RBUS/test/rbus/consumer/valueAPI.c
2025-11-10 17:07:05,858 - Knowledge - INFO - Fast-tracked /app/data/T0015/222062/b1810jj/RBUS/sampleapps/rtmessage/CMakeLists.txt (ext=.txt, size=1850)
2025-11-10 17:07:05,931 - Knowledge - INFO - Worker kw17 processing /app/data/T0015/222062/b1810jj/RBUS/test/core/sample_wildcard_server2.c
2025-11-10 17:07:06,007 - Knowledge - INFO - Fast-tracked /app/data/T0015/222062/b1810jj/RBUS/utils/dataProvider/data/Device.WiFi.X_RDKCENTRAL-COM_BandSteering.BandSetting.json (ext=.json, size=560)
2025-11-10 17:07:06,101 - Knowledge - INFO - Worker kw19 processing /app/data/T0015/222062/b1810jj/RBUS/src/rtmessage/rtBuffer.h
2025-11-10 17:07:06,180 - Knowledge - INFO - Fast-tracked /app/data/T0015/222062/b1810jj/RBUS/src/rbus/rbus.c (ext=.c, size=235734)
2025-11-10 17:07:06,264 - Knowledge - INFO - Worker kw1 processing /app/data/T0015/222062/b1810jj/RBUS/test/rbus/consumer/elementTree.c
2025-11-10 17:07:06,378 - Knowledge - INFO - Fast-tracked /app/data/T0015/222062/b1810jj/RBUS/test/rbus/multiRbusOpenEventConsumer/multiRbusOpenEventConsumer.c (ext=.c, size=4268)
2025-11-10 17:07:06,447 - Knowledge - INFO - Fast-tracked /app/data/T0015/222062/b1810jj/RBUS/test/rbus/rbusTestValue.c (ext=.c, size=49472)
2025-11-10 17:07:06,536 - Knowledge - INFO - Fast-tracked /app/data/T0015/222062/b1810jj/RBUS/utils/dataProvider/data/Device.Devicecontrol.json (ext=.json, size=706)
2025-11-10 17:07:06,613 - Knowledge - INFO - Worker kw5 processing /app/data/T0015/222062/b1810jj/RBUS/utils/dataProvider/data/Device.DeviceInfo.MemoryStatus.json
2025-11-10 17:07:06,724 - Knowledge - INFO - Worker kw6 processing /app/data/T0015/222062/b1810jj/RBUS/utils/dataProvider/sample_provider_gen.cpp
2025-11-10 17:07:06,808 - Knowledge - INFO - Fast-tracked /app/data/T0015/222062/b1810jj/RBUS/test/core/benchmark_test/rbus_benchmark_test_app.cpp (ext=.cpp, size=11658)
2025-11-10 17:07:06,882 - Knowledge - INFO - Fast-tracked /app/data/T0015/222062/b1810jj/RBUS/utils/dataProvider/data/Device.WiFi.EndPoint.Stats.json (ext=.json, size=226)
2025-11-10 17:07:06,964 - Knowledge - INFO - Fast-tracked /app/data/T0015/222062/b1810jj/RBUS/conf/rbus_log_capture.sh (ext=.sh, size=558)
2025-11-10 17:07:07,060 - Knowledge - INFO - Worker kw10 processing /app/data/T0015/222062/b1810jj/RBUS/test/core/sample_wildcard_client.c
2025-11-10 17:07:07,171 - Knowledge - INFO - Worker kw11 processing /app/data/T0015/222062/b1810jj/RBUS/test/rbus/rbusGetExtSetMulti/testSetMultiConsumer.c
2025-11-10 17:07:07,251 - Knowledge - INFO - Worker kw12 processing /app/data/T0015/222062/b1810jj/RBUS/test/core/sample_wildcard_server.c
2025-11-10 17:07:07,378 - Knowledge - INFO - Worker kw13 processing /app/data/T0015/222062/b1810jj/RBUS/test/rbus/consumer/propertyAPI.c
2025-11-10 17:07:07,465 - Knowledge - INFO - Worker kw14 processing /app/data/T0015/222062/b1810jj/RBUS/test/rbus/common/runningParamHelper.c
2025-11-10 17:07:07,548 - Knowledge - INFO - Fast-tracked /app/data/T0015/222062/b1810jj/RBUS/test/rbus/consumer/valueAPI.c (ext=.c, size=43184)
2025-11-10 17:07:07,637 - Knowledge - INFO - Worker kw16 processing /app/data/T0015/222062/b1810jj/RBUS/test/CMakeLists.txt
2025-11-10 17:07:07,730 - Knowledge - INFO - Fast-tracked /app/data/T0015/222062/b1810jj/RBUS/test/core/sample_wildcard_server2.c (ext=.c, size=4480)
2025-11-10 17:07:07,811 - Knowledge - INFO - Worker kw18 processing /app/data/T0015/222062/b1810jj/RBUS/utils/dataProvider/dmQueryResult.cpp
2025-11-10 17:07:07,903 - Knowledge - INFO - Fast-tracked /app/data/T0015/222062/b1810jj/RBUS/src/rtmessage/rtBuffer.h (ext=.h, size=1523)
2025-11-10 17:07:08,003 - Knowledge - INFO - Worker kw20 processing /app/data/T0015/222062/b1810jj/RBUS/test/rbus/rbusTestTimeoutValues/testTimeoutValuesProvider.c
2025-11-10 17:07:08,086 - Knowledge - INFO - Fast-tracked /app/data/T0015/222062/b1810jj/RBUS/test/rbus/consumer/elementTree.c (ext=.c, size=18226)
2025-11-10 17:07:08,169 - Knowledge - INFO - Worker kw2 processing /app/data/T0015/222062/b1810jj/RBUS/utils/dataProvider/data/Device.WiFi.EndPoint.Adapter.json
2025-11-10 17:07:08,293 - Knowledge - INFO - Worker kw3 processing /app/data/T0015/222062/b1810jj/RBUS/utils/dataProvider/data/Device.WiFi.X_RDKCENTRAL-COM_Lnf.json
2025-11-10 17:07:08,385 - Knowledge - INFO - Worker kw4 processing /app/data/T0015/222062/b1810jj/RBUS/test/rbus/common/test_macros.h
2025-11-10 17:07:08,469 - Knowledge - INFO - Fast-tracked /app/data/T0015/222062/b1810jj/RBUS/utils/dataProvider/data/Device.DeviceInfo.MemoryStatus.json (ext=.json, size=324)
2025-11-10 17:07:08,549 - Knowledge - INFO - Worker kw6 processing /app/data/T0015/222062/b1810jj/RBUS/src/rtmessage/local_benchmarking.h
2025-11-10 17:07:08,675 - Knowledge - INFO - Worker kw7 processing /app/data/T0015/222062/b1810jj/RBUS/cmake/Findlinenoise.cmake
2025-11-10 17:07:08,750 - Knowledge - INFO - Worker kw8 processing /app/data/T0015/222062/b1810jj/RBUS/src/rtmessage/rtSocket.h
2025-11-10 17:07:08,870 - Knowledge - INFO - Worker kw9 processing /app/data/T0015/222062/b1810jj/RBUS/utils/dataProvider/dmcli.cpp
2025-11-10 17:07:08,984 - Knowledge - INFO - Fast-tracked /app/data/T0015/222062/b1810jj/RBUS/test/core/sample_wildcard_client.c (ext=.c, size=3304)
2025-11-10 17:07:09,089 - Knowledge - INFO - Fast-tracked /app/data/T0015/222062/b1810jj/RBUS/test/rbus/rbusGetExtSetMulti/testSetMultiConsumer.c (ext=.c, size=3054)
2025-11-10 17:07:09,192 - Knowledge - INFO - Fast-tracked /app/data/T0015/222062/b1810jj/RBUS/test/core/sample_wildcard_server.c (ext=.c, size=4302)
2025-11-10 17:07:09,284 - Knowledge - INFO - Fast-tracked /app/data/T0015/222062/b1810jj/RBUS/test/rbus/consumer/propertyAPI.c (ext=.c, size=14676)
2025-11-10 17:07:09,369 - Knowledge - INFO - Fast-tracked /app/data/T0015/222062/b1810jj/RBUS/test/rbus/common/runningParamHelper.c (ext=.c, size=3903)
2025-11-10 17:07:09,442 - Knowledge - INFO - Worker kw15 processing /app/data/T0015/222062/b1810jj/RBUS/cmake/FindcJSON.cmake
2025-11-10 17:07:09,538 - Knowledge - INFO - Fast-tracked /app/data/T0015/222062/b1810jj/RBUS/test/CMakeLists.txt (ext=.txt, size=965)
2025-11-10 17:07:09,628 - Knowledge - INFO - Worker kw17 processing /app/data/T0015/222062/b1810jj/RBUS/utils/dataProvider/data/Device.WiFi.SSID.json
2025-11-10 17:07:09,708 - Knowledge - INFO - Worker kw18 processing /app/data/T0015/222062/b1810jj/RBUS/utils/dataProvider/data/Device.DeviceInfo.X_RDKCENTRAL-COM_RFC.Control.json
2025-11-10 17:07:09,785 - Knowledge - INFO - Worker kw19 processing /app/data/T0015/222062/b1810jj/RBUS/CONTRIBUTING.md
2025-11-10 17:07:09,878 - Knowledge - INFO - Fast-tracked /app/data/T0015/222062/b1810jj/RBUS/test/rbus/rbusTestTimeoutValues/testTimeoutValuesProvider.c (ext=.c, size=3507)
2025-11-10 17:07:09,955 - Knowledge - INFO - Worker kw1 processing /app/data/T0015/222062/b1810jj/RBUS/test/rbus/rbusTestTimeoutValues/testTimeoutValuesConsumer.c
2025-11-10 17:07:10,056 - Knowledge - INFO - Fast-tracked /app/data/T0015/222062/b1810jj/RBUS/utils/dataProvider/data/Device.WiFi.EndPoint.Adapter.json (ext=.json, size=220)
2025-11-10 17:07:10,130 - Knowledge - INFO - Fast-tracked /app/data/T0015/222062/b1810jj/RBUS/utils/dataProvider/data/Device.WiFi.X_RDKCENTRAL-COM_Lnf.json (ext=.json, size=221)
2025-11-10 17:07:10,236 - Knowledge - INFO - Fast-tracked /app/data/T0015/222062/b1810jj/RBUS/test/rbus/common/test_macros.h (ext=.h, size=3525)
2025-11-10 17:07:10,331 - Knowledge - INFO - Worker kw5 processing /app/data/T0015/222062/b1810jj/RBUS/src/rtmessage/rtrouteBase.c
2025-11-10 17:07:10,448 - Knowledge - INFO - Worker kw6 processing /app/data/T0015/222062/b1810jj/RBUS/utils/dataProvider/data/Device.X_RDKCENTRAL-COM_Camera.LiveStream.json
2025-11-10 17:07:10,541 - Knowledge - INFO - Fast-tracked /app/data/T0015/222062/b1810jj/RBUS/cmake/Findlinenoise.cmake (ext=.cmake, size=1509)
2025-11-10 17:07:10,621 - Knowledge - INFO - Fast-tracked /app/data/T0015/222062/b1810jj/RBUS/src/rtmessage/rtSocket.h (ext=.h, size=1397)
2025-11-10 17:07:10,740 - Knowledge - INFO - Worker kw9 processing /app/data/T0015/222062/b1810jj/RBUS/utils/dataProvider/data/Device.X_RDKCENTRAL-COM_Camera.LiveStream.EvoStream.json
2025-11-10 17:07:10,825 - Knowledge - INFO - Worker kw10 processing /app/data/T0015/222062/b1810jj/RBUS/test/core/every_client.c
2025-11-10 17:07:10,908 - Knowledge - INFO - Worker kw11 processing /app/data/T0015/222062/b1810jj/RBUS/unittests/rbus_unit_test_multiple_objects.cpp
2025-11-10 17:07:10,992 - Knowledge - INFO - Worker kw12 processing /app/data/T0015/222062/b1810jj/RBUS/utils/dataProvider/data/Device.X_RDKCENTRAL-COM_Camera.LiveStream.EvoStream.VideoConfig.json
2025-11-10 17:07:11,109 - Knowledge - INFO - Worker kw13 processing /app/data/T0015/222062/b1810jj/RBUS/utils/dataProvider/dmError.h
2025-11-10 17:07:11,189 - Knowledge - INFO - Worker kw14 processing /app/data/T0015/222062/b1810jj/RBUS/utils/dataProvider/data/Device.X_RDKCENTRAL-COM_Camera.Thumbnail.Upload.json
2025-11-10 17:07:11,272 - Knowledge - INFO - Fast-tracked /app/data/T0015/222062/b1810jj/RBUS/cmake/FindcJSON.cmake (ext=.cmake, size=1630)
2025-11-10 17:07:11,373 - Knowledge - INFO - Worker kw16 processing /app/data/T0015/222062/b1810jj/RBUS/utils/codegen/ccsp_style_generator/sampleapp/build.sh
2025-11-10 17:07:11,495 - Knowledge - INFO - Fast-tracked /app/data/T0015/222062/b1810jj/RBUS/utils/dataProvider/data/Device.WiFi.SSID.json (ext=.json, size=217)
2025-11-10 17:07:11,584 - Knowledge - INFO - Fast-tracked /app/data/T0015/222062/b1810jj/RBUS/utils/dataProvider/data/Device.DeviceInfo.X_RDKCENTRAL-COM_RFC.Control.json (ext=.json, size=247)
2025-11-10 17:07:11,677 - Knowledge - INFO - Fast-tracked /app/data/T0015/222062/b1810jj/RBUS/CONTRIBUTING.md (ext=.md, size=240)
2025-11-10 17:07:11,758 - Knowledge - INFO - Worker kw20 processing /app/data/T0015/222062/b1810jj/RBUS/memoryleak.sh
2025-11-10 17:07:11,839 - Knowledge - INFO - Fast-tracked /app/data/T0015/222062/b1810jj/RBUS/test/rbus/rbusTestTimeoutValues/testTimeoutValuesConsumer.c (ext=.c, size=3761)
2025-11-10 17:07:11,917 - Knowledge - INFO - Worker kw2 processing /app/data/T0015/222062/b1810jj/RBUS/utils/dataProvider/data/Device.Services.CVR.json
2025-11-10 17:07:12,005 - Knowledge - INFO - Worker kw3 processing /app/data/T0015/222062/b1810jj/RBUS/src/rtmessage/rtString.h
2025-11-10 17:07:12,133 - Knowledge - INFO - Worker kw4 processing /app/data/T0015/222062/b1810jj/RBUS/sampleapps/provider/utilities.c
2025-11-10 17:07:12,225 - Knowledge - INFO - Worker kw5 processing /app/data/T0015/222062/b1810jj/RBUS/utils/dataProvider/dmProviderInfo.h
2025-11-10 17:07:12,309 - Knowledge - INFO - Fast-tracked /app/data/T0015/222062/b1810jj/RBUS/utils/dataProvider/data/Device.X_RDKCENTRAL-COM_Camera.LiveStream.json (ext=.json, size=133)
2025-11-10 17:07:12,406 - Knowledge - INFO - Worker kw7 processing /app/data/T0015/222062/b1810jj/RBUS/test/rbus/multiRbusOpenMethodConsumer/multiRbusOpenMethodConsumer.c
2025-11-10 17:07:12,498 - Knowledge - INFO - Worker kw8 processing /app/data/T0015/222062/b1810jj/RBUS/utils/dataProvider/dmProviderDatabase.cpp
2025-11-10 17:07:12,597 - Knowledge - INFO - Fast-tracked /app/data/T0015/222062/b1810jj/RBUS/utils/dataProvider/data/Device.X_RDKCENTRAL-COM_Camera.LiveStream.EvoStream.json (ext=.json, size=630)
2025-11-10 17:07:12,693 - Knowledge - INFO - Fast-tracked /app/data/T0015/222062/b1810jj/RBUS/test/core/every_client.c (ext=.c, size=1815)
2025-11-10 17:07:12,773 - Knowledge - INFO - Worker kw11 processing /app/data/T0015/222062/b1810jj/RBUS/src/rtmessage/rtMemory.c
2025-11-10 17:07:12,893 - Knowledge - INFO - Fast-tracked /app/data/T0015/222062/b1810jj/RBUS/utils/dataProvider/data/Device.X_RDKCENTRAL-COM_Camera.LiveStream.EvoStream.VideoConfig.json (ext=.json, size=1037)
2025-11-10 17:07:12,984 - Knowledge - INFO - Fast-tracked /app/data/T0015/222062/b1810jj/RBUS/utils/dataProvider/dmError.h (ext=.h, size=1299)
2025-11-10 17:07:13,077 - Knowledge - INFO - Fast-tracked /app/data/T0015/222062/b1810jj/RBUS/utils/dataProvider/data/Device.X_RDKCENTRAL-COM_Camera.Thumbnail.Upload.json (ext=.json, size=362)
2025-11-10 17:07:13,150 - Knowledge - INFO - Worker kw15 processing /app/data/T0015/222062/b1810jj/RBUS/utils/dataProvider/data/Device.DeviceInfo.X_RDKCENTRAL-COM_RFC.Feature.AccountInfo.json
2025-11-10 17:07:13,236 - Knowledge - INFO - Fast-tracked /app/data/T0015/222062/b1810jj/RBUS/utils/codegen/ccsp_style_generator/sampleapp/build.sh (ext=.sh, size=1006)
2025-11-10 17:07:13,315 - Knowledge - INFO - Worker kw17 processing /app/data/T0015/222062/b1810jj/RBUS/src/rtmessage/rtMessageHeader.h
2025-11-10 17:07:13,441 - Knowledge - INFO - Worker kw18 processing /app/data/T0015/222062/b1810jj/RBUS/utils/dataProvider/dmProviderDatabase.h
2025-11-10 17:07:13,567 - Knowledge - INFO - Worker kw19 processing /app/data/T0015/222062/b1810jj/RBUS/src/rtmessage/rtTime.c
2025-11-10 17:07:13,652 - Knowledge - INFO - Fast-tracked /app/data/T0015/222062/b1810jj/RBUS/memoryleak.sh (ext=.sh, size=1793)
2025-11-10 17:07:13,745 - Knowledge - INFO - Worker kw1 processing /app/data/T0015/222062/b1810jj/RBUS/sampleapps/rtmessage/sample_super.c
2025-11-10 17:07:13,856 - Knowledge - INFO - Fast-tracked /app/data/T0015/222062/b1810jj/RBUS/utils/dataProvider/data/Device.Services.CVR.json (ext=.json, size=599)
2025-11-10 17:07:13,959 - Knowledge - INFO - Fast-tracked /app/data/T0015/222062/b1810jj/RBUS/src/rtmessage/rtString.h (ext=.h, size=358)
2025-11-10 17:07:14,033 - Knowledge - INFO - Worker kw4 processing /app/data/T0015/222062/b1810jj/RBUS/test/rbus/consumer/filter.c
2025-11-10 17:07:14,159 - Knowledge - INFO - Worker kw5 processing /app/data/T0015/222062/b1810jj/RBUS/utils/dataProvider/CMakeLists.txt
2025-11-10 17:07:14,273 - Knowledge - INFO - Fast-tracked /app/data/T0015/222062/b1810jj/RBUS/src/rtmessage/rtAtomic.h (small file (2359 bytes))
2025-11-10 17:07:14,353 - Knowledge - INFO - Fast-tracked /app/data/T0015/222062/b1810jj/RBUS/test/rbus/multiRbusOpenMethodConsumer/multiRbusOpenMethodConsumer.c (ext=.c, size=7147)
2025-11-10 17:07:14,467 - Knowledge - INFO - Worker kw8 processing /app/data/T0015/222062/b1810jj/RBUS/CMakeLists.txt
2025-11-10 17:07:14,562 - Knowledge - INFO - Worker kw9 processing /app/data/T0015/222062/b1810jj/RBUS/test/rbus/consumer/rbusTestConsumer.c
2025-11-10 17:07:14,652 - Knowledge - INFO - Worker kw10 processing /app/data/T0015/222062/b1810jj/RBUS/sampleapps/rtmessage/sample_recv.c
2025-11-10 17:07:14,724 - Knowledge - INFO - Worker kw11 processing /app/data/T0015/222062/b1810jj/RBUS/utils/rbuscli/CMakeLists.txt
2025-11-10 17:07:14,794 - Knowledge - INFO - Worker kw12 processing /app/data/T0015/222062/b1810jj/RBUS/utils/codegen/ccsp_style_generator/sampleapp/final/Sample_hal.h
2025-11-10 17:07:14,882 - Knowledge - INFO - Worker kw13 processing /app/data/T0015/222062/b1810jj/RBUS/test/core/rbus_client_utility.c
2025-11-10 17:07:14,958 - Knowledge - INFO - Worker kw14 processing /app/data/T0015/222062/b1810jj/RBUS/src/CMakeLists.txt
2025-11-10 17:07:15,040 - Knowledge - INFO - Fast-tracked /app/data/T0015/222062/b1810jj/RBUS/utils/dataProvider/data/Device.DeviceInfo.X_RDKCENTRAL-COM_RFC.Feature.AccountInfo.json (ext=.json, size=250)
2025-11-10 17:07:15,115 - Knowledge - INFO - Worker kw16 processing /app/data/T0015/222062/b1810jj/RBUS/src/rbus/rbus_asyncsubscribe.h
2025-11-10 17:07:15,191 - Knowledge - INFO - Worker kw17 processing /app/data/T0015/222062/b1810jj/RBUS/sampleapps/rtmessage/sample_res.c
2025-11-10 17:07:15,282 - Knowledge - INFO - Fast-tracked /app/data/T0015/222062/b1810jj/RBUS/utils/dataProvider/dmProviderDatabase.h (ext=.h, size=1921)
2025-11-10 17:07:15,369 - Knowledge - INFO - Worker kw19 processing /app/data/T0015/222062/b1810jj/RBUS/test/core/bin_server.c
2025-11-10 17:07:15,475 - Knowledge - INFO - Worker kw20 processing /app/data/T0015/222062/b1810jj/RBUS/src/rtmessage/rtThreadPool.h
2025-11-10 17:07:15,563 - Knowledge - INFO - Worker kw1 processing /app/data/T0015/222062/b1810jj/RBUS/unittests/rbusTokenTest.cpp
2025-11-10 17:07:15,655 - Knowledge - INFO - Worker kw2 processing /app/data/T0015/222062/b1810jj/RBUS/test/core/sample_client.c
2025-11-10 17:07:15,736 - Knowledge - INFO - Worker kw3 processing /app/data/T0015/222062/b1810jj/RBUS/src/rtmessage/rtRetainable.h
2025-11-10 17:07:15,821 - Knowledge - INFO - Fast-tracked /app/data/T0015/222062/b1810jj/RBUS/test/rbus/consumer/filter.c (ext=.c, size=3949)
2025-11-10 17:07:15,895 - Knowledge - INFO - Fast-tracked /app/data/T0015/222062/b1810jj/RBUS/utils/dataProvider/CMakeLists.txt (ext=.txt, size=3938)
2025-11-10 17:07:16,127 - Knowledge - INFO - Worker kw7 processing /app/data/T0015/222062/b1810jj/RBUS/cmake/CodeCoverage.cmake
2025-11-10 17:07:16,247 - Knowledge - INFO - Fast-tracked /app/data/T0015/222062/b1810jj/RBUS/CMakeLists.txt (ext=.txt, size=7477)
2025-11-10 17:07:16,326 - Knowledge - INFO - Fast-tracked /app/data/T0015/222062/b1810jj/RBUS/test/rbus/consumer/rbusTestConsumer.c (ext=.c, size=8877)
2025-11-10 17:07:16,431 - Knowledge - INFO - Fast-tracked /app/data/T0015/222062/b1810jj/RBUS/sampleapps/rtmessage/sample_recv.c (ext=.c, size=1872)
2025-11-10 17:07:16,550 - Knowledge - INFO - Fast-tracked /app/data/T0015/222062/b1810jj/RBUS/utils/rbuscli/CMakeLists.txt (ext=.txt, size=1452)
2025-11-10 17:07:16,634 - Knowledge - INFO - Fast-tracked /app/data/T0015/222062/b1810jj/RBUS/utils/codegen/ccsp_style_generator/sampleapp/final/Sample_hal.h (ext=.h, size=1647)
2025-11-10 17:07:16,723 - Knowledge - INFO - Fast-tracked /app/data/T0015/222062/b1810jj/RBUS/test/core/rbus_client_utility.c (ext=.c, size=2003)
2025-11-10 17:07:16,840 - Knowledge - INFO - Fast-tracked /app/data/T0015/222062/b1810jj/RBUS/src/CMakeLists.txt (ext=.txt, size=1049)
2025-11-10 17:07:16,892 - Knowledge - INFO - Fast-tracked /app/data/T0015/222062/b1810jj/RBUS/utils/dataProvider/sample_provider_gen.cpp (small file (2204 bytes))
2025-11-10 17:07:16,940 - Knowledge - INFO - Worker kw15 processing /app/data/T0015/222062/b1810jj/RBUS/test/rbus/consumer/rbusRecoveryConsumer.c
2025-11-10 17:07:17,015 - Knowledge - INFO - Fast-tracked /app/data/T0015/222062/b1810jj/RBUS/src/rbus/rbus_asyncsubscribe.h (ext=.h, size=1246)
2025-11-10 17:07:17,136 - Knowledge - INFO - Fast-tracked /app/data/T0015/222062/b1810jj/RBUS/sampleapps/rtmessage/sample_res.c (ext=.c, size=1985)
2025-11-10 17:07:17,259 - Knowledge - INFO - Worker kw18 processing /app/data/T0015/222062/b1810jj/RBUS/sampleapps/rtmessage/sample_send.c
2025-11-10 17:07:17,348 - Knowledge - INFO - Fast-tracked /app/data/T0015/222062/b1810jj/RBUS/test/core/bin_server.c (ext=.c, size=3925)
2025-11-10 17:07:17,434 - Knowledge - INFO - Fast-tracked /app/data/T0015/222062/b1810jj/RBUS/src/rtmessage/rtThreadPool.h (ext=.h, size=1489)
2025-11-10 17:07:17,554 - Knowledge - INFO - Fast-tracked /app/data/T0015/222062/b1810jj/RBUS/utils/dataProvider/dmQueryResult.h (small file (2006 bytes))
2025-11-10 17:07:17,628 - Knowledge - INFO - Fast-tracked /app/data/T0015/222062/b1810jj/RBUS/test/core/sample_client.c (ext=.c, size=2727)
2025-11-10 17:07:17,708 - Knowledge - INFO - Fast-tracked /app/data/T0015/222062/b1810jj/RBUS/src/rtmessage/rtRetainable.h (ext=.h, size=1397)
2025-11-10 17:07:17,804 - Knowledge - INFO - Worker kw4 processing /app/data/T0015/222062/b1810jj/RBUS/utils/dataProvider/dmPropertyInfo.h
2025-11-10 17:07:17,898 - Knowledge - INFO - Fast-tracked /app/data/T0015/222062/b1810jj/RBUS/sampleapps/consumer/rbusBlockingConsumer.c (small file (2960 bytes))
2025-11-10 17:07:17,971 - Knowledge - INFO - Worker kw7 processing /app/data/T0015/222062/b1810jj/RBUS/cmake/Findmsgpack.cmake
2025-11-10 17:07:18,059 - Knowledge - INFO - Fast-tracked /app/data/T0015/222062/b1810jj/RBUS/unittests/rbus_event_server.c (small file (2640 bytes))
2025-11-10 17:07:18,143 - Knowledge - INFO - Worker kw9 processing /app/data/T0015/222062/b1810jj/RBUS/src/rbus/rbus_asyncsubscribe.c
2025-11-10 17:07:18,220 - Knowledge - INFO - Worker kw10 processing /app/data/T0015/222062/b1810jj/RBUS/cmake/Findrdklogger.cmake
2025-11-10 17:07:18,301 - Knowledge - INFO - Worker kw11 processing /app/data/T0015/222062/b1810jj/RBUS/utils/dataProvider/dmQuery.h
2025-11-10 17:07:18,390 - Knowledge - INFO - Worker kw12 processing /app/data/T0015/222062/b1810jj/RBUS/test/core/benchmark_test/rbus_test_util.c
2025-11-10 17:07:18,474 - Knowledge - INFO - Worker kw13 processing /app/data/T0015/222062/b1810jj/RBUS/src/core/rbuscore.c
2025-11-10 17:07:18,567 - Knowledge - INFO - Worker kw14 processing /app/data/T0015/222062/b1810jj/RBUS/src/rtmessage/local_benchmarking.c
2025-11-10 17:07:18,660 - Knowledge - INFO - Fast-tracked /app/data/T0015/222062/b1810jj/RBUS/src/rtmessage/local_benchmarking.h (small file (2643 bytes))
2025-11-10 17:07:18,747 - Knowledge - INFO - Fast-tracked /app/data/T0015/222062/b1810jj/RBUS/test/rbus/consumer/rbusRecoveryConsumer.c (ext=.c, size=13058)
2025-11-10 17:07:18,870 - Knowledge - INFO - Worker kw16 processing /app/data/T0015/222062/b1810jj/RBUS/sampleapps/CMakeLists.txt
2025-11-10 17:07:18,942 - Knowledge - INFO - Worker kw17 processing /app/data/T0015/222062/b1810jj/RBUS/utils/codegen/ccsp_style_generator/sampleapp/codegen/Sample_app.c
2025-11-10 17:07:19,032 - Knowledge - INFO - Worker kw18 processing /app/data/T0015/222062/b1810jj/RBUS/test/rbus/consumer/events.c
2025-11-10 17:07:19,112 - Knowledge - INFO - Worker kw19 processing /app/data/T0015/222062/b1810jj/RBUS/utils/dataProvider/dmPropertyInfo.cpp
2025-11-10 17:07:19,203 - Knowledge - INFO - Worker kw20 processing /app/data/T0015/222062/b1810jj/RBUS/utils/dataProvider/data/Device.DeviceInfo.X_RDKCENTRAL-COM_xOpsDeviceMgmt.RPC.Feature.ManageableNotification.json
2025-11-10 17:07:19,498 - Knowledge - INFO - Worker kw3 processing /app/data/T0015/222062/b1810jj/RBUS/src/rtmessage/rtDebug.h
2025-11-10 17:07:19,602 - Knowledge - INFO - Fast-tracked /app/data/T0015/222062/b1810jj/RBUS/utils/dataProvider/dmPropertyInfo.h (ext=.h, size=1720)
2025-11-10 17:07:19,819 - Knowledge - INFO - Fast-tracked /app/data/T0015/222062/b1810jj/RBUS/cmake/Findmsgpack.cmake (ext=.cmake, size=1482)
2025-11-10 17:07:19,915 - Knowledge - INFO - Fast-tracked /app/data/T0015/222062/b1810jj/RBUS/utils/dataProvider/dmProvider.h (small file (2077 bytes))
2025-11-10 17:07:20,104 - Knowledge - INFO - Fast-tracked /app/data/T0015/222062/b1810jj/RBUS/cmake/Findrdklogger.cmake (ext=.cmake, size=1500)
2025-11-10 17:07:20,188 - Knowledge - INFO - Fast-tracked /app/data/T0015/222062/b1810jj/RBUS/utils/dataProvider/dmQuery.h (ext=.h, size=1214)
2025-11-10 17:07:20,269 - Knowledge - INFO - Fast-tracked /app/data/T0015/222062/b1810jj/RBUS/test/core/benchmark_test/rbus_test_util.c (ext=.c, size=9224)
2025-11-10 17:07:20,374 - Knowledge - INFO - Fast-tracked /app/data/T0015/222062/b1810jj/RBUS/src/core/rbuscore.c (ext=.c, size=100703)
2025-11-10 17:07:20,450 - Knowledge - INFO - Fast-tracked /app/data/T0015/222062/b1810jj/RBUS/src/rtmessage/local_benchmarking.c (ext=.c, size=1680)
2025-11-10 17:07:20,646 - Knowledge - INFO - Worker kw15 processing /app/data/T0015/222062/b1810jj/RBUS/src/rtmessage/rtEncoder.h
2025-11-10 17:07:20,768 - Knowledge - INFO - Fast-tracked /app/data/T0015/222062/b1810jj/RBUS/sampleapps/CMakeLists.txt (ext=.txt, size=5985)
2025-11-10 17:07:20,854 - Knowledge - INFO - Fast-tracked /app/data/T0015/222062/b1810jj/RBUS/utils/codegen/ccsp_style_generator/sampleapp/codegen/Sample_app.c (ext=.c, size=1319)
2025-11-10 17:07:20,936 - Knowledge - INFO - Fast-tracked /app/data/T0015/222062/b1810jj/RBUS/test/rbus/consumer/events.c (ext=.c, size=19123)
2025-11-10 17:07:21,026 - Knowledge - INFO - Fast-tracked /app/data/T0015/222062/b1810jj/RBUS/utils/dataProvider/dmPropertyInfo.cpp (ext=.cpp, size=1361)
2025-11-10 17:07:21,116 - Knowledge - INFO - Fast-tracked /app/data/T0015/222062/b1810jj/RBUS/utils/dataProvider/data/Device.DeviceInfo.X_RDKCENTRAL-COM_xOpsDeviceMgmt.RPC.Feature.ManageableNotification.json (ext=.json, size=282)
2025-11-10 17:07:21,219 - Knowledge - INFO - Fast-tracked /app/data/T0015/222062/b1810jj/RBUS/src/rtmessage/rtDebug.h (ext=.h, size=1058)
2025-11-10 17:07:21,254 - Knowledge - INFO - Fast-tracked /app/data/T0015/222062/b1810jj/RBUS/unittests/rbusTokenTest.cpp (small file (2501 bytes))
2025-11-10 17:07:21,321 - Knowledge - INFO - Fast-tracked /app/data/T0015/222062/b1810jj/RBUS/unittests/rbus_test_server.c (small file (2877 bytes))
2025-11-10 17:07:21,616 - Knowledge - INFO - Worker kw10 processing /app/data/T0015/222062/b1810jj/RBUS/test/rbus/multiRbusOpenConsumer/rbusOpenSubRbusOpenConsumer.c
2025-11-10 17:07:21,820 - Knowledge - INFO - Worker kw12 processing /app/data/T0015/222062/b1810jj/RBUS/sampleapps/rtmessage/sample_req.c
2025-11-10 17:07:21,895 - Knowledge - INFO - Worker kw13 processing /app/data/T0015/222062/b1810jj/RBUS/test/core/CMakeLists.txt
2025-11-10 17:07:21,968 - Knowledge - INFO - Worker kw14 processing /app/data/T0015/222062/b1810jj/RBUS/utils/dataProvider/dmProviderInfo.cpp
2025-11-10 17:07:22,065 - Knowledge - INFO - Fast-tracked /app/data/T0015/222062/b1810jj/RBUS/src/rtmessage/rtEncoder.h (ext=.h, size=1613)
2025-11-10 17:07:22,141 - Knowledge - INFO - Worker kw16 processing /app/data/T0015/222062/b1810jj/RBUS/utils/dataProvider/data/Device.DeviceInfo.X_RDKCENTRAL-COM_xOpsDeviceMgmt.RPC.json
2025-11-10 17:07:22,166 - Knowledge - INFO - Fast-tracked /app/data/T0015/222062/b1810jj/RBUS/src/rtmessage/rtEncoder.c (small file (2161 bytes))
2025-11-10 17:07:22,223 - Knowledge - INFO - Worker kw17 processing /app/data/T0015/222062/b1810jj/RBUS/utils/dataProvider/data/Device.Services.X_RDKCENTRAL-COM_Overlay.json
2025-11-10 17:07:22,312 - Knowledge - INFO - Worker kw18 processing /app/data/T0015/222062/b1810jj/RBUS/test/rbus/provider/rbusTestMultiProvider.c
2025-11-10 17:07:22,393 - Knowledge - INFO - Worker kw19 processing /app/data/T0015/222062/b1810jj/RBUS/utils/dataProvider/dmProviderOperation.h
2025-11-10 17:07:22,484 - Knowledge - INFO - Worker kw20 processing /app/data/T0015/222062/b1810jj/RBUS/sampleapps/consumer/rbusDmlBlockingConsumer.c
2025-11-10 17:07:22,614 - Knowledge - INFO - Fast-tracked /app/data/T0015/222062/b1810jj/RBUS/src/rtmessage/rtCipher.h (small file (2871 bytes))
2025-11-10 17:07:22,903 - Knowledge - INFO - Fast-tracked /app/data/T0015/222062/b1810jj/RBUS/test/rbus/multiRbusOpenConsumer/rbusOpenSubRbusOpenConsumer.c (ext=.c, size=3661)
2025-11-10 17:07:22,982 - Knowledge - INFO - Fast-tracked /app/data/T0015/222062/b1810jj/RBUS/sampleapps/rtmessage/sample_req.c (ext=.c, size=1704)
2025-11-10 17:07:23,051 - Knowledge - INFO - Fast-tracked /app/data/T0015/222062/b1810jj/RBUS/test/core/CMakeLists.txt (ext=.txt, size=3737)
2025-11-10 17:07:23,142 - Knowledge - INFO - Fast-tracked /app/data/T0015/222062/b1810jj/RBUS/utils/dataProvider/dmProviderInfo.cpp (ext=.cpp, size=1687)
2025-11-10 17:07:23,233 - Knowledge - INFO - Worker kw15 processing /app/data/T0015/222062/b1810jj/RBUS/utils/dataProvider/data/Device.X_RDKCENTRAL-COM_Camera.Stream.Zoom.json
2025-11-10 17:07:23,316 - Knowledge - INFO - Fast-tracked /app/data/T0015/222062/b1810jj/RBUS/utils/dataProvider/data/Device.DeviceInfo.X_RDKCENTRAL-COM_xOpsDeviceMgmt.RPC.json (ext=.json, size=1674)
2025-11-10 17:07:23,396 - Knowledge - INFO - Fast-tracked /app/data/T0015/222062/b1810jj/RBUS/utils/dataProvider/dmValue.h (small file (2786 bytes))
2025-11-10 17:07:23,476 - Knowledge - INFO - Fast-tracked /app/data/T0015/222062/b1810jj/RBUS/utils/dataProvider/data/Device.Services.X_RDKCENTRAL-COM_Overlay.json (ext=.json, size=540)
2025-11-10 17:07:23,571 - Knowledge - INFO - Fast-tracked /app/data/T0015/222062/b1810jj/RBUS/test/rbus/provider/rbusTestMultiProvider.c (ext=.c, size=10938)
2025-11-10 17:07:23,654 - Knowledge - INFO - Fast-tracked /app/data/T0015/222062/b1810jj/RBUS/utils/dataProvider/dmProviderOperation.h (ext=.h, size=1014)
2025-11-10 17:07:23,740 - Knowledge - INFO - Fast-tracked /app/data/T0015/222062/b1810jj/RBUS/sampleapps/consumer/rbusDmlBlockingConsumer.c (ext=.c, size=1951)
2025-11-10 17:07:23,835 - Knowledge - INFO - Fast-tracked /app/data/T0015/222062/b1810jj/RBUS/utils/dataProvider/dmProviderHost.h (small file (2293 bytes))
2025-11-10 17:07:23,912 - Knowledge - INFO - Worker kw10 processing /app/data/T0015/222062/b1810jj/RBUS/test/rbus/rbusTestElementTree.c
2025-11-10 17:07:23,993 - Knowledge - INFO - Worker kw12 processing /app/data/T0015/222062/b1810jj/RBUS/test/core/sample_event_client.c
2025-11-10 17:07:24,046 - Knowledge - INFO - Fast-tracked /app/data/T0015/222062/b1810jj/RBUS/src/core/rbuscore_message.h (small file (2329 bytes))
2025-11-10 17:07:24,080 - Knowledge - INFO - Fast-tracked /app/data/T0015/222062/b1810jj/RBUS/sampleapps/provider/rbusValueChangeMultiProvider.c (small file (2998 bytes))
2025-11-10 17:07:24,165 - Knowledge - INFO - Worker kw14 processing /app/data/T0015/222062/b1810jj/RBUS/README.md
2025-11-10 17:07:24,251 - Knowledge - INFO - Fast-tracked /app/data/T0015/222062/b1810jj/RBUS/utils/dataProvider/data/Device.X_RDKCENTRAL-COM_Camera.Stream.Zoom.json (ext=.json, size=723)
2025-11-10 17:07:24,335 - Knowledge - INFO - Worker kw16 processing /app/data/T0015/222062/b1810jj/RBUS/test/rbus/consumer/value.c
2025-11-10 17:07:24,520 - Knowledge - INFO - Worker kw17 processing /app/data/T0015/222062/b1810jj/RBUS/unittests/rbusProviderConsumer.h
2025-11-10 17:07:24,607 - Knowledge - INFO - Worker kw18 processing /app/data/T0015/222062/b1810jj/RBUS/utils/dataProvider/data/Device.DeviceInfo.json
2025-11-10 17:07:24,682 - Knowledge - INFO - Worker kw19 processing /app/data/T0015/222062/b1810jj/RBUS/src/rbus/rbus_tokenchain.h
2025-11-10 17:07:24,792 - Knowledge - INFO - Worker kw20 processing /app/data/T0015/222062/b1810jj/RBUS/src/rtmessage/rtHashMap.h
2025-11-10 17:07:24,954 - Knowledge - INFO - Processing batch of 15 files
2025-11-10 17:07:24,964 - Knowledge - INFO - Fast-tracked /app/data/T0015/222062/b1810jj/RBUS/test/rbus/rbusTestElementTree.c (ext=.c, size=4973)
2025-11-10 17:07:25,080 - Knowledge - INFO - Fast-tracked /app/data/T0015/222062/b1810jj/RBUS/test/core/sample_event_client.c (ext=.c, size=5265)
2025-11-10 17:07:25,279 - Knowledge - INFO - Processing batch of 10 files
2025-11-10 17:07:25,309 - Knowledge - INFO - Fast-tracked /app/data/T0015/222062/b1810jj/RBUS/README.md (ext=.md, size=3696)
2025-11-10 17:07:25,425 - Knowledge - INFO - Worker kw15 processing /app/data/T0015/222062/b1810jj/RBUS/utils/dataProvider/data/Device.WiFi.X_RDKCENTRAL-COM_Camera.json
2025-11-10 17:07:25,522 - Knowledge - INFO - Fast-tracked /app/data/T0015/222062/b1810jj/RBUS/test/rbus/consumer/value.c (ext=.c, size=6591)
2025-11-10 17:07:25,603 - Knowledge - INFO - Worker kw17 processing /app/data/T0015/222062/b1810jj/RBUS/utils/dataProvider/data/Device.DeviceInfo.X_RDKCENTRAL-COM_RFC.Feature.DisableCrashPortalFallback.json
2025-11-10 17:07:25,742 - Knowledge - INFO - Fast-tracked /app/data/T0015/222062/b1810jj/RBUS/utils/dataProvider/data/Device.DeviceInfo.json (ext=.json, size=1811)
2025-11-10 17:07:25,848 - Knowledge - INFO - Fast-tracked /app/data/T0015/222062/b1810jj/RBUS/src/rbus/rbus_tokenchain.h (ext=.h, size=1802)
2025-11-10 17:07:25,920 - Knowledge - INFO - Worker kw20 processing /app/data/T0015/222062/b1810jj/RBUS/src/rtmessage/rtDebug.c
2025-11-10 17:07:26,004 - Knowledge - INFO - process ingested knowledge for /app/data/T0015/222062/b1810jj/RBUS/test/rbus/consumer/subscribe.c
2025-11-10 17:07:26,132 - Knowledge - INFO - Processing batch of 12 files
2025-11-10 17:07:26,267 - Knowledge - INFO - process ingested knowledge for /app/data/T0015/222062/b1810jj/RBUS/utils/dataProvider/data/Device.WiFi.Router.json
2025-11-10 17:07:26,397 - Knowledge - INFO - Processing batch of 10 files
2025-11-10 17:07:26,489 - Knowledge - INFO - Fast-tracked /app/data/T0015/222062/b1810jj/RBUS/utils/dataProvider/data/Device.WiFi.X_RDKCENTRAL-COM_Camera.json (ext=.json, size=324)
2025-11-10 17:07:26,561 - Knowledge - INFO - Worker kw16 processing /app/data/T0015/222062/b1810jj/RBUS/test/rbus/multiRbusOpenProvider/rbusOpenRegRbusOpenProvider.c
2025-11-10 17:07:26,636 - Knowledge - INFO - Fast-tracked /app/data/T0015/222062/b1810jj/RBUS/utils/dataProvider/data/Device.DeviceInfo.X_RDKCENTRAL-COM_RFC.Feature.DisableCrashPortalFallback.json (ext=.json, size=267)
2025-11-10 17:07:26,718 - Knowledge - INFO - Worker kw18 processing /app/data/T0015/222062/b1810jj/RBUS/src/rtmessage/rtError.h
2025-11-10 17:07:26,816 - Knowledge - INFO - Worker kw19 processing /app/data/T0015/222062/b1810jj/RBUS/src/rtmessage/rtrouteBase.h
2025-11-10 17:07:26,915 - Knowledge - INFO - Fast-tracked /app/data/T0015/222062/b1810jj/RBUS/src/rtmessage/rtDebug.c (ext=.c, size=1194)
2025-11-10 17:07:26,990 - Knowledge - INFO - process ingested knowledge for /app/data/T0015/222062/b1810jj/RBUS/test/rbus/CMakeLists.txt
2025-11-10 17:07:27,064 - Knowledge - INFO - process ingested knowledge for /app/data/T0015/222062/b1810jj/RBUS/test/core/benchmark_test/rbus_test_util.h
2025-11-10 17:07:27,146 - Knowledge - INFO - process ingested knowledge for /app/data/T0015/222062/b1810jj/RBUS/utils/dataProvider/data/Device.WiFi.EndPoint.json
2025-11-10 17:07:27,152 - Knowledge - INFO - Fast-tracked /app/data/T0015/222062/b1810jj/RBUS/src/rtmessage/rtSemaphore.h (small file (2767 bytes))
2025-11-10 17:07:27,231 - Knowledge - INFO - process ingested knowledge for /app/data/T0015/222062/b1810jj/RBUS/test/rbus/common/testValueHelper.h
2025-11-10 17:07:27,343 - Knowledge - INFO - Processing batch of 10 files
2025-11-10 17:07:27,391 - Knowledge - INFO - Fast-tracked /app/data/T0015/222062/b1810jj/RBUS/test/rbus/multiRbusOpenProvider/rbusOpenRegRbusOpenProvider.c (ext=.c, size=3526)
2025-11-10 17:07:27,480 - Knowledge - INFO - Fast-tracked /app/data/T0015/222062/b1810jj/RBUS/src/rtmessage/rtMessageHeader.h (small file (2663 bytes))
2025-11-10 17:07:27,608 - Knowledge - INFO - Fast-tracked /app/data/T0015/222062/b1810jj/RBUS/utils/dataProvider/dmQueryResult.cpp (small file (2201 bytes))
2025-11-10 17:07:27,695 - Knowledge - INFO - Worker kw19 processing /app/data/T0015/222062/b1810jj/RBUS/test/rbus/consumer/objectAPI.c
2025-11-10 17:07:27,817 - Knowledge - INFO - Worker kw20 processing /app/data/T0015/222062/b1810jj/RBUS/src/rtmessage/rtRetainable.c
2025-11-10 17:07:27,948 - Knowledge - INFO - process ingested knowledge for /app/data/T0015/222062/b1810jj/RBUS/utils/dataProvider/data/Device.WiFi.EndPoint.Interface.json
2025-11-10 17:07:28,049 - Knowledge - INFO - process ingested knowledge for /app/data/T0015/222062/b1810jj/RBUS/test/core/benchmark_test/CMakeLists.txt
2025-11-10 17:07:28,140 - Knowledge - INFO - process ingested knowledge for /app/data/T0015/222062/b1810jj/RBUS/sampleapps/provider/rbusValueChangeMultiProvider.c
2025-11-10 17:07:28,245 - Knowledge - INFO - [LLM_CALL] Completed: CodeCoverage.cmake:chunk1, Duration: 6837ms, PromptTokens: 10402, CompletionTokens: 59, Cost: $0.00106
2025-11-10 17:07:28,340 - Knowledge - INFO - Fast-tracked /app/data/T0015/222062/b1810jj/RBUS/src/rtmessage/rtBuffer.c (small file (2594 bytes))
2025-11-10 17:07:28,342 - Knowledge - INFO - process ingested knowledge for /app/data/T0015/222062/b1810jj/RBUS/utils/dataProvider/data/Device.DeviceInfo.X_RDKCENTRAL-COM_xOpsDeviceMgmt.Logging.json
2025-11-10 17:07:28,420 - Knowledge - INFO - process ingested knowledge for /app/data/T0015/222062/b1810jj/RBUS/utils/dataProvider/data/Device.json
2025-11-10 17:07:28,594 - Knowledge - INFO - Fast-tracked /app/data/T0015/222062/b1810jj/RBUS/unittests/rbusProviderConsumer.h (small file (3017 bytes))
2025-11-10 17:07:28,731 - Knowledge - INFO - Fast-tracked /app/data/T0015/222062/b1810jj/RBUS/sampleapps/rtmessage/sample_send.c (small file (2083 bytes))
2025-11-10 17:07:28,829 - Knowledge - INFO - Fast-tracked /app/data/T0015/222062/b1810jj/RBUS/test/rbus/consumer/objectAPI.c (ext=.c, size=6342)
2025-11-10 17:07:28,902 - Knowledge - INFO - Fast-tracked /app/data/T0015/222062/b1810jj/RBUS/src/rtmessage/rtRetainable.c (ext=.c, size=1167)
2025-11-10 17:07:28,989 - Knowledge - INFO - process ingested knowledge for /app/data/T0015/222062/b1810jj/RBUS/unittests/main.cpp
2025-11-10 17:07:29,098 - Knowledge - INFO - process ingested knowledge for /app/data/T0015/222062/b1810jj/RBUS/test/rbus/rbus_test.sh
2025-11-10 17:07:29,187 - Knowledge - INFO - process ingested knowledge for /app/data/T0015/222062/b1810jj/RBUS/utils/codegen/ccsp_style_generator/sampleapp/Sample_dm.xml
2025-11-10 17:07:29,275 - Knowledge - INFO - done ingest for /app/data/T0015/222062/b1810jj/RBUS/cmake/CodeCoverage.cmake
2025-11-10 17:07:29,339 - Knowledge - INFO - Processing batch of 10 files
2025-11-10 17:07:29,410 - Knowledge - INFO - Fast-tracked /app/data/T0015/222062/b1810jj/RBUS/src/rtmessage/rtsub.c (small file (2429 bytes))
2025-11-10 17:07:29,486 - Knowledge - INFO - process ingested knowledge for /app/data/T0015/222062/b1810jj/RBUS/utils/dataProvider/data/Device.DeviceInfo.ProcessStatus.Process.json
2025-11-10 17:07:29,569 - Knowledge - INFO - process ingested knowledge for /app/data/T0015/222062/b1810jj/RBUS/src/core/CMakeLists.txt
2025-11-10 17:07:29,718 - Knowledge - INFO - Processing batch of 10 files
2025-11-10 17:07:29,730 - Knowledge - INFO - Fast-tracked /app/data/T0015/222062/b1810jj/RBUS/src/rtmessage/rtError.h (small file (2755 bytes))
2025-11-10 17:07:29,895 - Knowledge - INFO - Worker kw20 processing /app/data/T0015/222062/b1810jj/RBUS/utils/dataProvider/data/Device.WiFi.EndPoint.Security.json
2025-11-10 17:07:30,016 - Knowledge - INFO - process ingested knowledge for /app/data/T0015/222062/b1810jj/RBUS/utils/rbuscli/rbuscli.c
2025-11-10 17:07:30,124 - Knowledge - INFO - process ingested knowledge for /app/data/T0015/222062/b1810jj/RBUS/test/core/nested_server.c
2025-11-10 17:07:30,213 - Knowledge - INFO - process ingested knowledge for /app/data/T0015/222062/b1810jj/RBUS/test/rbus/consumer/subscribeEx.c
2025-11-10 17:07:30,365 - Knowledge - INFO - Processing batch of 12 files
2025-11-10 17:07:30,416 - Knowledge - INFO - process ingested knowledge for /app/data/T0015/222062/b1810jj/RBUS/src/rbus/rbus_intervalsubscription.h
2025-11-10 17:07:30,571 - Knowledge - INFO - [LLM_CALL] Completed: rtsend.c:chunk1, Duration: 11162ms, PromptTokens: 3062, CompletionTokens: 380, Cost: $0.00046
2025-11-10 17:07:30,591 - Knowledge - INFO - process ingested knowledge for /app/data/T0015/222062/b1810jj/RBUS/src/rbus/rbus_log.h
2025-11-10 17:07:30,671 - Knowledge - INFO - process ingested knowledge for /app/data/T0015/222062/b1810jj/RBUS/utils/dataProvider/data/Device.X_RDKCENTRAL-COM_Camera.XW.json
2025-11-10 17:07:30,756 - Knowledge - INFO - process ingested knowledge for /app/data/T0015/222062/b1810jj/RBUS/test/core/test_obj_lookup.c
2025-11-10 17:07:30,873 - Knowledge - INFO - Fast-tracked /app/data/T0015/222062/b1810jj/RBUS/src/rtmessage/rtList.h (small file (2707 bytes))
2025-11-10 17:07:30,914 - Knowledge - INFO - Fast-tracked /app/data/T0015/222062/b1810jj/RBUS/utils/dataProvider/data/Device.WiFi.EndPoint.Security.json (ext=.json, size=229)
2025-11-10 17:07:30,989 - Knowledge - INFO - process ingested knowledge for /app/data/T0015/222062/b1810jj/RBUS/src/rtmessage/rtCipher.h
2025-11-10 17:07:31,073 - Knowledge - INFO - process ingested knowledge for /app/data/T0015/222062/b1810jj/RBUS/sampleapps/provider/utilities.h
2025-11-10 17:07:31,166 - Knowledge - INFO - process ingested knowledge for /app/data/T0015/222062/b1810jj/RBUS/test/rbus/consumer/propertyAPI.c
2025-11-10 17:07:31,252 - Knowledge - INFO - process ingested knowledge for /app/data/T0015/222062/b1810jj/RBUS/utils/dataProvider/dmClient.h
2025-11-10 17:07:31,324 - Knowledge - INFO - process ingested knowledge for /app/data/T0015/222062/b1810jj/RBUS/utils/dataProvider/data/Device.DeviceInfo.X_RDKCENTRAL-COM_xOpsDeviceMgmt.RPC.Feature.json
2025-11-10 17:07:31,407 - Knowledge - INFO - done ingest for /app/data/T0015/222062/b1810jj/RBUS/sampleapps/rtmessage/rtsend.c
2025-11-10 17:07:31,476 - Knowledge - INFO - Processing batch of 10 files
2025-11-10 17:07:31,488 - Knowledge - INFO - process ingested knowledge for /app/data/T0015/222062/b1810jj/RBUS/test/rbus/common/runningParamHelper.c
2025-11-10 17:07:31,565 - Knowledge - INFO - process ingested knowledge for /app/data/T0015/222062/b1810jj/RBUS/test/rbus/consumer/valueAPI.c
2025-11-10 17:07:31,651 - Knowledge - INFO - process ingested knowledge for /app/data/T0015/222062/b1810jj/RBUS/utils/dataProvider/data/Device.WiFi.X_RDKCENTRAL-COM_Lnf.EapTls.json
2025-11-10 17:07:31,814 - Knowledge - INFO - Fast-tracked /app/data/T0015/222062/b1810jj/RBUS/src/rtmessage/rtHashMap.h (small file (2293 bytes))
2025-11-10 17:07:31,914 - Knowledge - INFO - process ingested knowledge for /app/data/T0015/222062/b1810jj/RBUS/utils/dataProvider/data/Device.WiFi.Radio.Stats.json
2025-11-10 17:07:32,010 - Knowledge - INFO - process ingested knowledge for /app/data/T0015/222062/b1810jj/RBUS/test/core/sample_datamodel.txt
2025-11-10 17:07:32,124 - Knowledge - INFO - process ingested knowledge for /app/data/T0015/222062/b1810jj/RBUS/utils/dataProvider/dmError.h
2025-11-10 17:07:32,161 - Knowledge - INFO - Fast-tracked /app/data/T0015/222062/b1810jj/RBUS/sampleapps/provider/utilities.c (small file (2495 bytes))
2025-11-10 17:07:32,218 - Knowledge - INFO - process ingested knowledge for /app/data/T0015/222062/b1810jj/RBUS/test/rbus/common/runningParamHelper.h
2025-11-10 17:07:32,296 - Knowledge - INFO - process ingested knowledge for /app/data/T0015/222062/b1810jj/RBUS/sampleapps/rtmessage/CMakeLists.txt
2025-11-10 17:07:32,461 - Knowledge - INFO - process ingested knowledge for /app/data/T0015/222062/b1810jj/RBUS/utils/codegen/ccsp_style_generator/sampleapp/codegen/Sample_rbus.h
2025-11-10 17:07:32,462 - Knowledge - INFO - Processing batch of 15 files
2025-11-10 17:07:32,579 - Knowledge - INFO - process ingested knowledge for /app/data/T0015/222062/b1810jj/RBUS/utils/dataProvider/data/Device.X_RDKCENTRAL-COM_Camera.Thumbnail.Upload.json
2025-11-10 17:07:32,686 - Knowledge - INFO - process ingested knowledge for /app/data/T0015/222062/b1810jj/RBUS/cmake/FindcJSON.cmake
2025-11-10 17:07:32,783 - Knowledge - INFO - process ingested knowledge for /app/data/T0015/222062/b1810jj/RBUS/test/core/sample_wildcard_server2.c
2025-11-10 17:07:32,916 - Knowledge - INFO - Processing batch of 10 files
2025-11-10 17:07:33,019 - Knowledge - INFO - process ingested knowledge for /app/data/T0015/222062/b1810jj/RBUS/utils/dataProvider/dmProviderHost.h
2025-11-10 17:07:33,137 - Knowledge - INFO - process ingested knowledge for /app/data/T0015/222062/b1810jj/RBUS/test/core/sample_wildcard_client.c
2025-11-10 17:07:33,238 - Knowledge - INFO - process ingested knowledge for /app/data/T0015/222062/b1810jj/RBUS/test/core/rbus_client_utility.c
2025-11-10 17:07:33,410 - Knowledge - INFO - process ingested knowledge for /app/data/T0015/222062/b1810jj/RBUS/utils/dataProvider/data/Device.WiFi.X_RDKCENTRAL-COM_BandSteering.json
2025-11-10 17:07:33,509 - Knowledge - INFO - process ingested knowledge for /app/data/T0015/222062/b1810jj/RBUS/test/CMakeLists.txt
2025-11-10 17:07:33,595 - Knowledge - INFO - process ingested knowledge for /app/data/T0015/222062/b1810jj/RBUS/utils/dataProvider/data/Device.WiFi.X_RDKCENTRAL-COM_BandSteering.BandSetting.json
2025-11-10 17:07:33,710 - Knowledge - INFO - process ingested knowledge for /app/data/T0015/222062/b1810jj/RBUS/test/core/sample_server.c
2025-11-10 17:07:33,792 - Knowledge - INFO - process ingested knowledge for /app/data/T0015/222062/b1810jj/RBUS/src/CMakeLists.txt
2025-11-10 17:07:33,887 - Knowledge - INFO - process ingested knowledge for /app/data/T0015/222062/b1810jj/RBUS/utils/dataProvider/data/Device.DeviceInfo.X_RDKCENTRAL-COM_RFC.Feature.AccountInfo.json
2025-11-10 17:07:34,003 - Knowledge - INFO - process ingested knowledge for /app/data/T0015/222062/b1810jj/RBUS/utils/dataProvider/data/Device.WiFi.SSID.json
2025-11-10 17:07:34,060 - Knowledge - INFO - [LLM_CALL] Completed: sample_super.c:chunk1, Duration: 14770ms, PromptTokens: 9868, CompletionTokens: 709, Cost: $0.00127
2025-11-10 17:07:34,134 - Knowledge - INFO - process ingested knowledge for /app/data/T0015/222062/b1810jj/RBUS/src/rbus/rbus.c
2025-11-10 17:07:34,220 - Knowledge - INFO - process ingested knowledge for /app/data/T0015/222062/b1810jj/RBUS/test/rbus/multiRbusOpenConsumer/multiRbusOpenConsumer.c
2025-11-10 17:07:34,256 - Knowledge - INFO - Fast-tracked /app/data/T0015/222062/b1810jj/RBUS/src/rtmessage/rtrouteBase.h (small file (2494 bytes))
2025-11-10 17:07:34,319 - Knowledge - INFO - process ingested knowledge for /app/data/T0015/222062/b1810jj/RBUS/test/core/every_client.c
2025-11-10 17:07:34,439 - Knowledge - INFO - process ingested knowledge for /app/data/T0015/222062/b1810jj/RBUS/src/core/rbuscore.c
2025-11-10 17:07:34,571 - Knowledge - INFO - process ingested knowledge for /app/data/T0015/222062/b1810jj/RBUS/cmake/Findbreakpad.cmake
2025-11-10 17:07:34,646 - Knowledge - INFO - process ingested knowledge for /app/data/T0015/222062/b1810jj/RBUS/utils/codegen/ccsp_style_generator/sampleapp/build.sh
2025-11-10 17:07:34,741 - Knowledge - INFO - process ingested knowledge for /app/data/T0015/222062/b1810jj/RBUS/utils/dataProvider/dmQueryResult.cpp
2025-11-10 17:07:34,870 - Knowledge - INFO - process ingested knowledge for /app/data/T0015/222062/b1810jj/RBUS/src/rtmessage/rtVector.h
2025-11-10 17:07:34,977 - Knowledge - INFO - Fast-tracked /app/data/T0015/222062/b1810jj/RBUS/utils/dataProvider/dmProviderInfo.h (small file (2117 bytes))
2025-11-10 17:07:35,007 - Knowledge - INFO - process ingested knowledge for /app/data/T0015/222062/b1810jj/RBUS/src/rtmessage/local_benchmarking.c
2025-11-10 17:07:35,379 - Knowledge - INFO - process ingested knowledge for /app/data/T0015/222062/b1810jj/RBUS/test/rbus/consumer/rbusRecoveryConsumer.c
2025-11-10 17:07:35,502 - Knowledge - INFO - process ingested knowledge for /app/data/T0015/222062/b1810jj/RBUS/src/rtmessage/rtMessageHeader.h
2025-11-10 17:07:35,673 - Knowledge - INFO - done ingest for /app/data/T0015/222062/b1810jj/RBUS/sampleapps/rtmessage/sample_super.c
2025-11-10 17:07:35,858 - Knowledge - INFO - process ingested knowledge for /app/data/T0015/222062/b1810jj/RBUS/test/rbus/rbusTestTimeoutValues/testTimeoutValuesProvider.c
2025-11-10 17:07:35,960 - Knowledge - INFO - process ingested knowledge for /app/data/T0015/222062/b1810jj/RBUS/test/rbus/multiRbusOpenMethodProvider/multiRbusOpenMethodProvider.c
2025-11-10 17:07:36,117 - Knowledge - INFO - Fast-tracked /app/data/T0015/222062/b1810jj/RBUS/src/rtmessage/rtMemory.c (small file (2503 bytes))
2025-11-10 17:07:36,206 - Knowledge - INFO - process ingested knowledge for /app/data/T0015/222062/b1810jj/RBUS/sampleapps/rtmessage/sample_recv.c
2025-11-10 17:07:36,323 - Knowledge - INFO - process ingested knowledge for /app/data/T0015/222062/b1810jj/RBUS/test/core/CMakeLists.txt
2025-11-10 17:07:36,429 - Knowledge - INFO - process ingested knowledge for /app/data/T0015/222062/b1810jj/RBUS/test/rbus/consumer/methods.c
2025-11-10 17:07:36,625 - Knowledge - INFO - process ingested knowledge for /app/data/T0015/222062/b1810jj/RBUS/src/rbus/rbus_asyncsubscribe.h
2025-11-10 17:07:36,809 - Knowledge - INFO - process ingested knowledge for /app/data/T0015/222062/b1810jj/RBUS/utils/dataProvider/data/Device.DeviceInfo.X_RDKCENTRAL-COM_RFC.Control.json
2025-11-10 17:07:36,974 - Knowledge - INFO - process ingested knowledge for /app/data/T0015/222062/b1810jj/RBUS/src/rbus/CMakeLists.txt
2025-11-10 17:07:37,266 - Knowledge - INFO - process ingested knowledge for /app/data/T0015/222062/b1810jj/RBUS/utils/dataProvider/dmProviderInfo.cpp
2025-11-10 17:07:37,413 - Knowledge - INFO - process ingested knowledge for /app/data/T0015/222062/b1810jj/RBUS/src/rtmessage/rtEncoder.h
2025-11-10 17:07:37,558 - Knowledge - INFO - process ingested knowledge for /app/data/T0015/222062/b1810jj/RBUS/sampleapps/rtmessage/sample_res.c
2025-11-10 17:07:37,815 - Knowledge - INFO - process ingested knowledge for /app/data/T0015/222062/b1810jj/RBUS/memoryleak.sh
2025-11-10 17:07:37,908 - Knowledge - INFO - process ingested knowledge for /app/data/T0015/222062/b1810jj/RBUS/test/rbus/rbusTestValue.c
2025-11-10 17:07:38,198 - Knowledge - INFO - process ingested knowledge for /app/data/T0015/222062/b1810jj/RBUS/cmake/Findrdklogger.cmake
2025-11-10 17:07:38,996 - Knowledge - INFO - process ingested knowledge for /app/data/T0015/222062/b1810jj/RBUS/utils/dataProvider/data/Device.DeviceInfo.X_RDKCENTRAL-COM_Syndication.json
2025-11-10 17:07:39,022 - Knowledge - INFO - process ingested knowledge for /app/data/T0015/222062/b1810jj/RBUS/sampleapps/CMakeLists.txt
2025-11-10 17:07:39,032 - Knowledge - INFO - process ingested knowledge for /app/data/T0015/222062/b1810jj/RBUS/test/rbus/common/testValueHelper.c
2025-11-10 17:07:39,033 - Knowledge - INFO - process ingested knowledge for /app/data/T0015/222062/b1810jj/RBUS/utils/dataProvider/dmProviderDatabase.h
2025-11-10 17:07:39,396 - Knowledge - INFO - process ingested knowledge for /app/data/T0015/222062/b1810jj/RBUS/README.md
2025-11-10 17:07:39,413 - Knowledge - INFO - process ingested knowledge for /app/data/T0015/222062/b1810jj/RBUS/utils/codegen/ccsp_style_generator/sampleapp/codegen/Sample_app.c
2025-11-10 17:07:39,424 - Knowledge - INFO - process ingested knowledge for /app/data/T0015/222062/b1810jj/RBUS/utils/dataProvider/data/Device.X_RDKCENTRAL-COM_Camera.Stream.Zoom.json
2025-11-10 17:07:39,991 - Knowledge - INFO - process ingested knowledge for /app/data/T0015/222062/b1810jj/RBUS/src/rtmessage/rtThreadPool.h
2025-11-10 17:07:40,019 - Knowledge - INFO - process ingested knowledge for /app/data/T0015/222062/b1810jj/RBUS/test/rbus/multiRbusOpenConsumer/rbusOpenSubRbusOpenConsumer.c
2025-11-10 17:07:40,021 - Knowledge - INFO - process ingested knowledge for /app/data/T0015/222062/b1810jj/RBUS/sampleapps/consumer/sample_rbus_session_mgr.c
2025-11-10 17:07:40,062 - Knowledge - INFO - process ingested knowledge for /app/data/T0015/222062/b1810jj/RBUS/utils/dataProvider/data/Device.WiFi.X_RDKCENTRAL-COM_Lnf.json
2025-11-10 17:07:40,127 - Knowledge - INFO - [LLM_CALL] Completed: rbusElementTest.cpp:chunk1, Duration: 13947ms, PromptTokens: 8762, CompletionTokens: 516, Cost: $0.00108
2025-11-10 17:07:40,574 - Knowledge - INFO - process ingested knowledge for /app/data/T0015/222062/b1810jj/RBUS/utils/dataProvider/data/Device.DeviceInfo.X_RDKCENTRAL-COM_xOpsDeviceMgmt.RPC.json
2025-11-10 17:07:40,588 - Knowledge - INFO - process ingested knowledge for /app/data/T0015/222062/b1810jj/RBUS/test/rbus/rbusGetExtSetMulti/testSetMultiProvider.c
2025-11-10 17:07:40,605 - Knowledge - INFO - process ingested knowledge for /app/data/T0015/222062/b1810jj/RBUS/sampleapps/rtmessage/sample_send.c
2025-11-10 17:07:41,601 - Knowledge - INFO - process ingested knowledge for /app/data/T0015/222062/b1810jj/RBUS/utils/dataProvider/data/Device.Services.X_RDKCENTRAL-COM_Overlay.json
2025-11-10 17:07:41,617 - Knowledge - INFO - process ingested knowledge for /app/data/T0015/222062/b1810jj/RBUS/utils/dataProvider/data/Device.WiFi.X_RDKCENTRAL-COM_Camera.json
2025-11-10 17:07:41,628 - Knowledge - INFO - process ingested knowledge for /app/data/T0015/222062/b1810jj/RBUS/test/rbus/rbusTestElementTree.c
2025-11-10 17:07:41,629 - Knowledge - INFO - process ingested knowledge for /app/data/T0015/222062/b1810jj/RBUS/test/core/benchmark_test/rbus_benchmark_test_app.cpp
2025-11-10 17:07:41,640 - Knowledge - INFO - process ingested knowledge for /app/data/T0015/222062/b1810jj/RBUS/utils/dataProvider/data/Device.DeviceInfo.X_RDKCENTRAL-COM_xOpsDeviceMgmt.RPC.Feature.ManageableNotification.json
2025-11-10 17:07:41,649 - Knowledge - INFO - process ingested knowledge for /app/data/T0015/222062/b1810jj/RBUS/src/rtmessage/rtString.h
2025-11-10 17:07:41,671 - Knowledge - INFO - done ingest for /app/data/T0015/222062/b1810jj/RBUS/unittests/rbusElementTest.cpp
2025-11-10 17:07:42,886 - Knowledge - INFO - process ingested knowledge for /app/data/T0015/222062/b1810jj/RBUS/test/rbus/consumer/value.c
2025-11-10 17:07:42,915 - Knowledge - INFO - process ingested knowledge for /app/data/T0015/222062/b1810jj/RBUS/sampleapps/rtmessage/rtsend.c
2025-11-10 17:07:42,925 - Knowledge - INFO - process ingested knowledge for /app/data/T0015/222062/b1810jj/RBUS/unittests/rbusProviderConsumer.h
2025-11-10 17:07:42,980 - Knowledge - INFO - process ingested knowledge for /app/data/T0015/222062/b1810jj/RBUS/test/rbus/consumer/events.c
2025-11-10 17:07:43,190 - Knowledge - INFO - Processing batch of 15 files
2025-11-10 17:07:43,331 - Knowledge - INFO - process ingested knowledge for /app/data/T0015/222062/b1810jj/RBUS/cmake/Findlinenoise.cmake
2025-11-10 17:07:43,381 - Knowledge - INFO - [LLM_CALL] Completed: rtTime.c:chunk1, Duration: 13568ms, PromptTokens: 2536, CompletionTokens: 443, Cost: $0.00043
2025-11-10 17:07:43,999 - Knowledge - INFO - process ingested knowledge for /app/data/T0015/222062/b1810jj/RBUS/sampleapps/consumer/rbusDmlBlockingConsumer.c
2025-11-10 17:07:44,005 - Knowledge - INFO - process ingested knowledge for /app/data/T0015/222062/b1810jj/RBUS/src/rtmessage/rtRetainable.h
2025-11-10 17:07:44,027 - Knowledge - INFO - process ingested knowledge for /app/data/T0015/222062/b1810jj/RBUS/test/rbus/multiRbusOpenProvider/rbusOpenRegRbusOpenProvider.c
2025-11-10 17:07:44,040 - Knowledge - INFO - process ingested knowledge for /app/data/T0015/222062/b1810jj/RBUS/test/core/loadtest.cpp
2025-11-10 17:07:44,107 - Knowledge - INFO - process ingested knowledge for /app/data/T0015/222062/b1810jj/RBUS/cov_build.sh
2025-11-10 17:07:44,422 - Knowledge - INFO - done ingest for /app/data/T0015/222062/b1810jj/RBUS/src/rtmessage/rtTime.c
2025-11-10 17:07:45,720 - Knowledge - INFO - process ingested knowledge for /app/data/T0015/222062/b1810jj/RBUS/utils/dataProvider/data/Device.DeviceInfo.X_RDKCENTRAL-COM_RFC.Feature.DisableCrashPortalFallback.json
2025-11-10 17:07:45,752 - Knowledge - INFO - process ingested knowledge for /app/data/T0015/222062/b1810jj/RBUS/test/rbus/provider/rbusTestMultiProvider.c
2025-11-10 17:07:45,763 - Knowledge - INFO - process ingested knowledge for /app/data/T0015/222062/b1810jj/RBUS/test/rbus/multiRbusOpenMethodConsumer/multiRbusOpenMethodConsumer.c
2025-11-10 17:07:46,436 - Knowledge - INFO - process ingested knowledge for /app/data/T0015/222062/b1810jj/RBUS/src/rtmessage/rtDebug.h
2025-11-10 17:07:47,070 - Knowledge - INFO - [LLM_CALL] Completed: rbuscore_types.h:chunk1, Duration: 27054ms, PromptTokens: 2348, CompletionTokens: 361, Cost: $0.00038
2025-11-10 17:07:47,422 - Knowledge - INFO - done ingest for /app/data/T0015/222062/b1810jj/RBUS/src/core/rbuscore_types.h
2025-11-10 17:07:47,563 - Knowledge - INFO - process ingested knowledge for /app/data/T0015/222062/b1810jj/RBUS/src/rtmessage/rtHashMap.h
2025-11-10 17:07:47,893 - Knowledge - INFO - process ingested knowledge for /app/data/T0015/222062/b1810jj/RBUS/src/rtmessage/rtEncoder.c
2025-11-10 17:07:47,921 - Knowledge - INFO - process ingested knowledge for /app/data/T0015/222062/b1810jj/RBUS/utils/dataProvider/dmError.cpp
2025-11-10 17:07:47,941 - Knowledge - INFO - process ingested knowledge for /app/data/T0015/222062/b1810jj/RBUS/cmake/CodeCoverage.cmake
2025-11-10 17:07:47,946 - Knowledge - INFO - [LLM_CALL] Completed: dmcli.cpp:chunk1, Duration: 22784ms, PromptTokens: 3878, CompletionTokens: 296, Cost: $0.00051
2025-11-10 17:07:48,424 - Knowledge - INFO - process ingested knowledge for /app/data/T0015/222062/b1810jj/RBUS/utils/dataProvider/data/Device.DeviceInfo.json
2025-11-10 17:07:48,618 - Knowledge - INFO - done ingest for /app/data/T0015/222062/b1810jj/RBUS/utils/dataProvider/dmcli.cpp
2025-11-10 17:07:48,649 - Knowledge - INFO - [LLM_CALL] Completed: Sample_rbus.c:chunk1, Duration: 27116ms, PromptTokens: 13446, CompletionTokens: 812, Cost: $0.00167
2025-11-10 17:07:48,932 - Knowledge - INFO - process ingested knowledge for /app/data/T0015/222062/b1810jj/RBUS/src/rtmessage/rtDebug.c
2025-11-10 17:07:49,109 - Knowledge - INFO - done ingest for /app/data/T0015/222062/b1810jj/RBUS/utils/codegen/ccsp_style_generator/sampleapp/codegen/Sample_rbus.c
2025-11-10 17:07:49,111 - Knowledge - INFO - [LLM_CALL] Completed: util.cpp:chunk1, Duration: 27413ms, PromptTokens: 2814, CompletionTokens: 283, Cost: $0.00039
2025-11-10 17:07:49,309 - Knowledge - INFO - process ingested knowledge for /app/data/T0015/222062/b1810jj/RBUS/utils/dataProvider/data/Device.DeviceInfo.ProcessStatus.json
2025-11-10 17:07:49,373 - Knowledge - INFO - process ingested knowledge for /app/data/T0015/222062/b1810jj/RBUS/utils/dataProvider/dmQueryResult.h
2025-11-10 17:07:49,573 - Knowledge - INFO - done ingest for /app/data/T0015/222062/b1810jj/RBUS/unittests/util.cpp
2025-11-10 17:07:49,587 - Knowledge - INFO - [LLM_CALL] Completed: Sample_hal.c:chunk1, Duration: 26807ms, PromptTokens: 3176, CompletionTokens: 761, Cost: $0.00062
2025-11-10 17:07:49,960 - Knowledge - INFO - process ingested knowledge for /app/data/T0015/222062/b1810jj/RBUS/cmake/Findmsgpack.cmake
2025-11-10 17:07:49,989 - Knowledge - INFO - process ingested knowledge for /app/data/T0015/222062/b1810jj/RBUS/src/rtmessage/rtError.h
2025-11-10 17:07:50,103 - Knowledge - INFO - done ingest for /app/data/T0015/222062/b1810jj/RBUS/utils/codegen/ccsp_style_generator/sampleapp/final/Sample_hal.c
2025-11-10 17:07:50,300 - Knowledge - INFO - [LLM_CALL] Completed: dmProviderDatabase.cpp:chunk1, Duration: 23800ms, PromptTokens: 10678, CompletionTokens: 751, Cost: $0.00137
2025-11-10 17:07:50,515 - Knowledge - INFO - process ingested knowledge for /app/data/T0015/222062/b1810jj/RBUS/src/rtmessage/rtRetainable.c
2025-11-10 17:07:50,941 - Knowledge - INFO - done ingest for /app/data/T0015/222062/b1810jj/RBUS/utils/dataProvider/dmProviderDatabase.cpp
2025-11-10 17:07:52,171 - Knowledge - INFO - process ingested knowledge for /app/data/T0015/222062/b1810jj/RBUS/utils/dataProvider/dmValue.h
2025-11-10 17:07:52,176 - Knowledge - INFO - process ingested knowledge for /app/data/T0015/222062/b1810jj/RBUS/utils/codegen/ccsp_style_generator/sampleapp/final/Sample_rbus.h
2025-11-10 17:07:52,183 - Knowledge - INFO - [LLM_CALL] Completed: rbus_context_helpers.c:chunk1, Duration: 24206ms, PromptTokens: 4472, CompletionTokens: 790, Cost: $0.00076
2025-11-10 17:07:53,070 - Knowledge - INFO - done ingest for /app/data/T0015/222062/b1810jj/RBUS/utils/codegen/ccsp_style_generator/src/rbus_context_helpers.c
2025-11-10 17:07:53,684 - Knowledge - INFO - [LLM_CALL] Completed: dmProvider.cpp:chunk1, Duration: 24408ms, PromptTokens: 2720, CompletionTokens: 441, Cost: $0.00045
2025-11-10 17:07:53,909 - Knowledge - INFO - done ingest for /app/data/T0015/222062/b1810jj/RBUS/utils/dataProvider/dmProvider.cpp
2025-11-10 17:07:53,909 - Knowledge - INFO - [LLM_CALL] Completed: rbus_asyncsubscribe.c:chunk1, Duration: 24034ms, PromptTokens: 8014, CompletionTokens: 1137, Cost: $0.00126
2025-11-10 17:07:54,435 - Knowledge - INFO - done ingest for /app/data/T0015/222062/b1810jj/RBUS/src/rbus/rbus_asyncsubscribe.c
2025-11-10 17:07:54,436 - Knowledge - INFO - [LLM_CALL] Completed: rtError.c:chunk1, Duration: 30762ms, PromptTokens: 3062, CompletionTokens: 487, Cost: $0.00050
2025-11-10 17:07:54,503 - Knowledge - INFO - process ingested knowledge for /app/data/T0015/222062/b1810jj/RBUS/utils/dataProvider/data/Device.DeviceInfo.X_RDKCENTRAL-COM_RFC.Feature.AutoReboot.json
2025-11-10 17:07:54,645 - Knowledge - INFO - process ingested knowledge for /app/data/T0015/222062/b1810jj/RBUS/utils/dataProvider/data/Device.WiFi.EndPoint.Security.json
2025-11-10 17:07:54,645 - Knowledge - INFO - process ingested knowledge for /app/data/T0015/222062/b1810jj/RBUS/unittests/CMakeLists.txt
2025-11-10 17:07:54,772 - Knowledge - INFO - done ingest for /app/data/T0015/222062/b1810jj/RBUS/src/rtmessage/rtError.c
2025-11-10 17:07:54,779 - Knowledge - INFO - [LLM_CALL] Completed: rbus_unit_test_multiple_objects.cpp:chunk1, Duration: 21076ms, PromptTokens: 11802, CompletionTokens: 447, Cost: $0.00136
2025-11-10 17:07:56,457 - Knowledge - INFO - done ingest for /app/data/T0015/222062/b1810jj/RBUS/unittests/rbus_unit_test_multiple_objects.cpp
2025-11-10 17:07:56,997 - Knowledge - INFO - [LLM_CALL] Completed: rbuscore.h:chunk1, Duration: 40986ms, PromptTokens: 8358, CompletionTokens: 2179, Cost: $0.00171
2025-11-10 17:07:57,269 - Knowledge - INFO - done ingest for /app/data/T0015/222062/b1810jj/RBUS/src/core/rbuscore.h
2025-11-10 17:07:58,049 - Knowledge - INFO - [LLM_CALL] Completed: rtrouteBase.c:chunk1, Duration: 27507ms, PromptTokens: 11426, CompletionTokens: 1181, Cost: $0.00161
2025-11-10 17:07:58,062 - Knowledge - INFO - process ingested knowledge for /app/data/T0015/222062/b1810jj/RBUS/test/rbus/multiRbusOpenEventConsumer/multiRbusOpenEventConsumer.c
2025-11-10 17:07:58,201 - Knowledge - INFO - process ingested knowledge for /app/data/T0015/222062/b1810jj/RBUS/utils/dataProvider/data/Device.DeviceInfo.X_RDKCENTRAL-COM_xOpsDeviceMgmt.json
2025-11-10 17:07:58,221 - Knowledge - INFO - done ingest for /app/data/T0015/222062/b1810jj/RBUS/src/rtmessage/rtrouteBase.c
2025-11-10 17:07:58,806 - Knowledge - INFO - [WEBSOCKET] Sent: Type=progress_update, Size: 290, Duration: 0ms
2025-11-10 17:07:58,808 - Knowledge - INFO - process ingested knowledge for /app/data/T0015/222062/b1810jj/RBUS/utils/dataProvider/data/Device.WiFi.EndPoint.Adapter.json
2025-11-10 17:07:58,865 - Knowledge - INFO - process ingested knowledge for /app/data/T0015/222062/b1810jj/RBUS/utils/dataProvider/data/Device.WiFi.X_RDKCENTRAL-COM_Lnf.Psk.json
2025-11-10 17:07:58,974 - Knowledge - INFO - [WEBSOCKET] Sent: Type=unknown, Size: ?, Duration: 168ms
2025-11-10 17:07:59,206 - Knowledge - INFO - [kw14] Queue=8, InProgress=0, PendingWorkers=20/20, Completed=164/247 (66.4%)
2025-11-10 17:07:59,304 - Knowledge - INFO - Progress: 64.0% | Files: 165/247 | Rate: 0.22 files/sec | Queue: 8
2025-11-10 17:07:59,382 - Knowledge - INFO - Batch sizing: calculated=8, max_allowed=25, queue=8, active_workers=20/20
2025-11-10 17:07:59,508 - Knowledge - INFO - process ingested knowledge for /app/data/T0015/222062/b1810jj/RBUS/utils/dataProvider/data/Device.Services.CVR.json
2025-11-10 17:07:59,577 - Knowledge - INFO - process ingested knowledge for /app/data/T0015/222062/b1810jj/RBUS/utils/codegen/ccsp_style_generator/sampleapp/final/Sample_app.c
2025-11-10 17:07:59,835 - Knowledge - INFO - [kw13] Queue=8, InProgress=0, PendingWorkers=20/20, Completed=172/247 (69.6%)
2025-11-10 17:07:59,963 - Knowledge - INFO - Async storing batch of 10 embeddings
2025-11-10 17:07:59,999 - Knowledge - INFO - Batch sizing: calculated=8, max_allowed=25, queue=8, active_workers=20/20
2025-11-10 17:08:00,039 - Knowledge - INFO - process ingested knowledge for /app/data/T0015/222062/b1810jj/RBUS/test/core/sample_client.c
2025-11-10 17:08:00,111 - Knowledge - INFO - process ingested knowledge for /app/data/T0015/222062/b1810jj/RBUS/test/rbus/consumer/partialPath.c
2025-11-10 17:08:00,140 - Knowledge - INFO - Worker kw14 processing /app/data/T0015/222062/b1810jj/RBUS/build_dependencies.sh
2025-11-10 17:08:00,636 - Knowledge - INFO - Fast-tracked /app/data/T0015/222062/b1810jj/RBUS/build_dependencies.sh (ext=.sh, size=434)
2025-11-10 17:08:00,754 - Knowledge - INFO - [WEBSOCKET] Sent: Type=progress_update, Size: 292, Duration: 0ms
2025-11-10 17:08:00,813 - Knowledge - INFO - Worker kw14 processing /app/data/T0015/222062/b1810jj/RBUS/unittests/gtest_app.h
2025-11-10 17:08:00,817 - Knowledge - INFO - process ingested knowledge for /app/data/T0015/222062/b1810jj/RBUS/utils/dataProvider/data/Device.X_RDKCENTRAL-COM_Camera.json
2025-11-10 17:08:00,972 - Knowledge - INFO - [WEBSOCKET] Sent: Type=unknown, Size: ?, Duration: 1ms
2025-11-10 17:08:01,060 - Knowledge - INFO - Fast-tracked /app/data/T0015/222062/b1810jj/RBUS/unittests/gtest_app.h (ext=.h, size=879)
2025-11-10 17:08:01,316 - Knowledge - INFO - Progress: 75.7% | Files: 194/247 | Rate: 0.26 files/sec | Queue: 0
2025-11-10 17:08:01,352 - Knowledge - INFO - Processing batch of 10 files
2025-11-10 17:08:01,354 - Knowledge - INFO - [WEBSOCKET] Sent: Type=progress_update, Size: 292, Duration: 32ms
2025-11-10 17:08:01,450 - Knowledge - INFO - Worker kw14 processing /app/data/T0015/222062/b1810jj/RBUS/utils/dataProvider/data/Device.Services.json
2025-11-10 17:08:01,602 - Knowledge - INFO - process ingested knowledge for /app/data/T0015/222062/b1810jj/RBUS/test/core/rbus_perf.cpp
2025-11-10 17:08:01,641 - Knowledge - INFO - process ingested knowledge for /app/data/T0015/222062/b1810jj/RBUS/utils/dataProvider/data/Device.WiFi.Radio.json
2025-11-10 17:08:01,767 - Knowledge - INFO - [LLM_CALL] Completed: rtMessage.h:chunk1, Duration: 42068ms, PromptTokens: 4906, CompletionTokens: 1478, Cost: $0.00108
2025-11-10 17:08:01,852 - Knowledge - INFO - Fast-tracked /app/data/T0015/222062/b1810jj/RBUS/utils/dataProvider/data/Device.Services.json (ext=.json, size=109)
2025-11-10 17:08:02,094 - Knowledge - INFO - process ingested knowledge for /app/data/T0015/222062/b1810jj/RBUS/test/rbus/consumer/elementTree.c
2025-11-10 17:08:02,133 - Knowledge - INFO - done ingest for /app/data/T0015/222062/b1810jj/RBUS/src/rtmessage/rtMessage.h
2025-11-10 17:08:02,134 - Knowledge - INFO - Progress: 77.7% | Files: 201/247 | Rate: 0.27 files/sec | Queue: 0
2025-11-10 17:08:02,148 - Knowledge - INFO - process ingested knowledge for /app/data/T0015/222062/b1810jj/RBUS/src/rtmessage/rtBuffer.h
2025-11-10 17:08:02,238 - Knowledge - INFO - Worker kw14 processing /app/data/T0015/222062/b1810jj/RBUS/test/core/bin_client.c
2025-11-10 17:08:02,328 - Knowledge - INFO - Processing batch of 12 files
2025-11-10 17:08:02,514 - Knowledge - INFO - process ingested knowledge for /app/data/T0015/222062/b1810jj/RBUS/test/rbus/rbusTestTimeoutValues/testTimeoutValuesConsumer.c
2025-11-10 17:08:02,632 - Knowledge - INFO - Processing batch of 12 files
2025-11-10 17:08:02,634 - Knowledge - INFO - Processing batch of 12 files
2025-11-10 17:08:02,636 - Knowledge - INFO - Processing batch of 12 files
2025-11-10 17:08:02,768 - Knowledge - INFO - Fast-tracked /app/data/T0015/222062/b1810jj/RBUS/test/core/bin_client.c (ext=.c, size=3213)
2025-11-10 17:08:02,826 - Knowledge - INFO - process ingested knowledge for /app/data/T0015/222062/b1810jj/RBUS/CONTRIBUTING.md
2025-11-10 17:08:02,853 - Knowledge - INFO - process ingested knowledge for /app/data/T0015/222062/b1810jj/RBUS/test/rbus/consumer/valueChange.c
2025-11-10 17:08:02,902 - Knowledge - INFO - Processing batch of 12 files
2025-11-10 17:08:02,908 - Knowledge - INFO - Processing batch of 15 files
2025-11-10 17:08:02,992 - Knowledge - INFO - process ingested knowledge for /app/data/T0015/222062/b1810jj/RBUS/sampleapps/rtmessage/sample_super.c
2025-11-10 17:08:03,009 - Knowledge - INFO - Processing batch of 15 files
2025-11-10 17:08:03,059 - Knowledge - INFO - process ingested knowledge for /app/data/T0015/222062/b1810jj/RBUS/utils/codegen/ccsp_style_generator/sampleapp/codegen.sh
2025-11-10 17:08:03,143 - Knowledge - INFO - process ingested knowledge for /app/data/T0015/222062/b1810jj/RBUS/unittests/rbus_event_server.c
2025-11-10 17:08:03,228 - Knowledge - INFO - process ingested knowledge for /app/data/T0015/222062/b1810jj/RBUS/src/core/rbuscore_types.h
2025-11-10 17:08:03,336 - Knowledge - INFO - Worker kw14 processing /app/data/T0015/222062/b1810jj/RBUS/utils/dataProvider/sample_provider_wifi.cpp
2025-11-10 17:08:03,426 - Knowledge - INFO - process ingested knowledge for /app/data/T0015/222062/b1810jj/RBUS/src/rtmessage/rtTime.c
2025-11-10 17:08:03,516 - Knowledge - INFO - process ingested knowledge for /app/data/T0015/222062/b1810jj/RBUS/src/core/rbuscore_logger.h
2025-11-10 17:08:03,605 - Knowledge - INFO - process ingested knowledge for /app/data/T0015/222062/b1810jj/RBUS/utils/dataProvider/data/Device.X_COMCAST-COM_Xcalibur.json
2025-11-10 17:08:03,709 - Knowledge - INFO - process ingested knowledge for /app/data/T0015/222062/b1810jj/RBUS/src/session_manager/test/sample_client.c
2025-11-10 17:08:03,712 - Knowledge - INFO - [WEBSOCKET] Sent: Type=progress_update, Size: 291, Duration: 0ms
2025-11-10 17:08:03,787 - Knowledge - INFO - process ingested knowledge for /app/data/T0015/222062/b1810jj/RBUS/unittests/rbusTokenTest.cpp
2025-11-10 17:08:03,870 - Knowledge - INFO - process ingested knowledge for /app/data/T0015/222062/b1810jj/RBUS/test/rbus/multiRbusOpenRbusGetConsumer/multiRbusOpenRbusGetConsumer.c
2025-11-10 17:08:03,998 - Knowledge - INFO - process ingested knowledge for /app/data/T0015/222062/b1810jj/RBUS/src/rtmessage/rtBase64.h
2025-11-10 17:08:04,104 - Knowledge - INFO - process ingested knowledge for /app/data/T0015/222062/b1810jj/RBUS/src/rbus/rbus_valuechange.h
2025-11-10 17:08:04,199 - Knowledge - INFO - process ingested knowledge for /app/data/T0015/222062/b1810jj/RBUS/utils/dataProvider/data/Device.X_COMCAST-COM_Xcalibur.Client.json
2025-11-10 17:08:04,294 - Knowledge - INFO - Worker kw14 processing /app/data/T0015/222062/b1810jj/RBUS/src/rtmessage/rtString.c
2025-11-10 17:08:04,375 - Knowledge - INFO - process ingested knowledge for /app/data/T0015/222062/b1810jj/RBUS/test/core/bin_server.c
2025-11-10 17:08:04,496 - Knowledge - INFO - process ingested knowledge for /app/data/T0015/222062/b1810jj/RBUS/utils/dataProvider/data/Device.DeviceInfo.X_RDKCENTRAL-COM_xOpsDeviceMgmt.RPC.Feature.HDR.json
2025-11-10 17:08:04,570 - Knowledge - INFO - process ingested knowledge for /app/data/T0015/222062/b1810jj/RBUS/test/rbus/consumer/tables.c
2025-11-10 17:08:04,688 - Knowledge - INFO - process ingested knowledge for /app/data/T0015/222062/b1810jj/RBUS/test/rbus/multiRbusOpenRbusSetConsumer/multiRbusOpenRbusSetConsumer.c
2025-11-10 17:08:04,787 - Knowledge - INFO - [WEBSOCKET] Sent: Type=unknown, Size: ?, Duration: 1075ms
2025-11-10 17:08:05,082 - Knowledge - INFO - process ingested knowledge for /app/data/T0015/222062/b1810jj/RBUS/utils/dataProvider/data/Device.X_RDKCENTRAL-COM_Camera.Thumbnail.json
2025-11-10 17:08:05,097 - Knowledge - INFO - process ingested knowledge for /app/data/T0015/222062/b1810jj/RBUS/src/rtmessage/rtAtomic.h
2025-11-10 17:08:05,176 - Knowledge - INFO - process ingested knowledge for /app/data/T0015/222062/b1810jj/RBUS/utils/dataProvider/dmProvider.h
2025-11-10 17:08:05,258 - Knowledge - INFO - process ingested knowledge for /app/data/T0015/222062/b1810jj/RBUS/utils/CMakeLists.txt
2025-11-10 17:08:05,339 - Knowledge - INFO - Fast-tracked /app/data/T0015/222062/b1810jj/RBUS/src/rtmessage/rtString.c (ext=.c, size=524)
2025-11-10 17:08:05,430 - Knowledge - INFO - process ingested knowledge for /app/data/T0015/222062/b1810jj/RBUS/utils/dataProvider/dmPropertyInfo.cpp
2025-11-10 17:08:05,543 - Knowledge - INFO - process ingested knowledge for /app/data/T0015/222062/b1810jj/RBUS/unittests/rbusElementTest.cpp
2025-11-10 17:08:05,651 - Knowledge - INFO - process ingested knowledge for /app/data/T0015/222062/b1810jj/RBUS/unittests/util.cpp
2025-11-10 17:08:05,754 - Knowledge - INFO - process ingested knowledge for /app/data/T0015/222062/b1810jj/RBUS/unittests/rbus_test_server.c
2025-11-10 17:08:05,771 - Knowledge - INFO - Progress: 96.8% | Files: 239/247 | Rate: 0.31 files/sec | Queue: 0
2025-11-10 17:08:05,926 - Knowledge - INFO - process ingested knowledge for /app/data/T0015/222062/b1810jj/RBUS/src/rtmessage/rtrouter_diag.h
2025-11-10 17:08:06,016 - Knowledge - INFO - process ingested knowledge for /app/data/T0015/222062/b1810jj/RBUS/src/core/rbuscore.h
2025-11-10 17:08:06,120 - Knowledge - INFO - process ingested knowledge for /app/data/T0015/222062/b1810jj/RBUS/utils/codegen/ccsp_style_generator/scripts/rbus_code_generator_ccsp_style.sh
2025-11-10 17:08:06,208 - Knowledge - INFO - process ingested knowledge for /app/data/T0015/222062/b1810jj/RBUS/src/session_manager/rbus_session_mgr.h
2025-11-10 17:08:06,239 - Knowledge - INFO - Worker kw14 processing /app/data/T0015/222062/b1810jj/RBUS/src/rtmessage/CMakeLists.txt
2025-11-10 17:08:06,356 - Knowledge - INFO - process ingested knowledge for /app/data/T0015/222062/b1810jj/RBUS/utils/dataProvider/dmProviderOperation.h
2025-11-10 17:08:06,441 - Knowledge - INFO - process ingested knowledge for /app/data/T0015/222062/b1810jj/RBUS/src/rtmessage/rtList.h
2025-11-10 17:08:06,546 - Knowledge - INFO - process ingested knowledge for /app/data/T0015/222062/b1810jj/RBUS/test/core/sample_event_server.c
2025-11-10 17:08:06,671 - Knowledge - INFO - process ingested knowledge for /app/data/T0015/222062/b1810jj/RBUS/utils/dataProvider/data/Device.DeviceInfo.Webpa.json
2025-11-10 17:08:06,838 - Knowledge - INFO - process ingested knowledge for /app/data/T0015/222062/b1810jj/RBUS/test/rbus/multiRbusOpenProvider/multiRbusOpenProvider.c
2025-11-10 17:08:06,921 - Knowledge - INFO - process ingested knowledge for /app/data/T0015/222062/b1810jj/RBUS/test/rbus/multiRbusOpenRbusGetProvider/multiRbusOpenRbusGetProvider.c
2025-11-10 17:08:06,998 - Knowledge - INFO - process ingested knowledge for /app/data/T0015/222062/b1810jj/RBUS/utils/dataProvider/data/Device.DeviceInfo.X_RDKCENTRAL-COM_RFC.Feature.json
2025-11-10 17:08:07,092 - Knowledge - INFO - process ingested knowledge for /app/data/T0015/222062/b1810jj/RBUS/src/core/rbuscore_message.h
2025-11-10 17:08:07,160 - Knowledge - INFO - Fast-tracked /app/data/T0015/222062/b1810jj/RBUS/src/rtmessage/CMakeLists.txt (ext=.txt, size=4862)
2025-11-10 17:08:07,283 - Knowledge - INFO - process ingested knowledge for /app/data/T0015/222062/b1810jj/RBUS/src/rbus/rbus_tokenchain.h
2025-11-10 17:08:07,363 - Knowledge - INFO - process ingested knowledge for /app/data/T0015/222062/b1810jj/RBUS/test/rbus/consumer/rbusTestMultiConsumer.c
2025-11-10 17:08:07,445 - Knowledge - INFO - process ingested knowledge for /app/data/T0015/222062/b1810jj/RBUS/src/rtmessage/rtSemaphore.h
2025-11-10 17:08:07,530 - Knowledge - INFO - process ingested knowledge for /app/data/T0015/222062/b1810jj/RBUS/test/rbus/multiConsumerThreadsForSingleEvent/multiConsumerThreadsForSingleEvent.c
2025-11-10 17:08:07,606 - Knowledge - INFO - process ingested knowledge for /app/data/T0015/222062/b1810jj/RBUS/sampleapps/consumer/rbusBlockingConsumer.c
2025-11-10 17:08:07,718 - Knowledge - INFO - process ingested knowledge for /app/data/T0015/222062/b1810jj/RBUS/utils/dataProvider/dmValueType.h
2025-11-10 17:08:07,811 - Knowledge - INFO - process ingested knowledge for /app/data/T0015/222062/b1810jj/RBUS/src/rtmessage/rtMemory.h
2025-11-10 17:08:07,946 - Knowledge - INFO - process ingested knowledge for /app/data/T0015/222062/b1810jj/RBUS/src/rtmessage/rtAdvisory.h
2025-11-10 17:08:08,019 - Knowledge - INFO - Worker kw14 processing /app/data/T0015/222062/b1810jj/RBUS/utils/dataProvider/dmUtility.h
2025-11-10 17:08:08,114 - Knowledge - INFO - process ingested knowledge for /app/data/T0015/222062/b1810jj/RBUS/src/rtmessage/rtrouteBase.h
2025-11-10 17:08:08,250 - Knowledge - INFO - process ingested knowledge for /app/data/T0015/222062/b1810jj/RBUS/test/core/sample_wildcard_server.c
2025-11-10 17:08:08,333 - Knowledge - INFO - process ingested knowledge for /app/data/T0015/222062/b1810jj/RBUS/sampleapps/message/rbusMessageListener.c
2025-11-10 17:08:08,439 - Knowledge - INFO - process ingested knowledge for /app/data/T0015/222062/b1810jj/RBUS/utils/codegen/ccsp_style_generator/sampleapp/final/Sample_hal.c
2025-11-10 17:08:08,530 - Knowledge - INFO - process ingested knowledge for /app/data/T0015/222062/b1810jj/RBUS/test/rbus/multiProviderThreadsForSingleEvent/multiProviderThreadsForSingleEvent.c
2025-11-10 17:08:08,646 - Knowledge - INFO - process ingested knowledge for /app/data/T0015/222062/b1810jj/RBUS/utils/dataProvider/data/Device.WiFi.json
2025-11-10 17:08:08,729 - Knowledge - INFO - process ingested knowledge for /app/data/T0015/222062/b1810jj/RBUS/test/rbus/multiRbusOpenEventProvider/multiRbusOpenEventProvider.c
2025-11-10 17:08:08,821 - Knowledge - INFO - process ingested knowledge for /app/data/T0015/222062/b1810jj/RBUS/test/core/bin_header.h
2025-11-10 17:08:08,900 - Knowledge - INFO - Async storage completed for 10 embeddings
2025-11-10 17:08:09,021 - Knowledge - INFO - process ingested knowledge for /app/data/T0015/222062/b1810jj/RBUS/test/rbus/consumer/objectAPI.c
2025-11-10 17:08:09,107 - Knowledge - INFO - process ingested knowledge for /app/data/T0015/222062/b1810jj/RBUS/utils/dataProvider/data/Device.X_RDKCENTRAL-COM_Camera.LiveStream.EvoStream.VideoConfig.json
2025-11-10 17:08:09,189 - Knowledge - INFO - process ingested knowledge for /app/data/T0015/222062/b1810jj/RBUS/utils/dataProvider/dmProvider.cpp
2025-11-10 17:08:09,367 - Knowledge - INFO - process ingested knowledge for /app/data/T0015/222062/b1810jj/RBUS/utils/codegen/ccsp_style_generator/src/rbus_context_helpers.c
2025-11-10 17:08:09,455 - Knowledge - INFO - process ingested knowledge for /app/data/T0015/222062/b1810jj/RBUS/src/rtmessage/rtMessage.h
2025-11-10 17:08:09,537 - Knowledge - INFO - process ingested knowledge for /app/data/T0015/222062/b1810jj/RBUS/utils/dataProvider/data/Device.X_RDKCENTRAL-COM_Camera.Stream.json
2025-11-10 17:08:09,664 - Knowledge - INFO - process ingested knowledge for /app/data/T0015/222062/b1810jj/RBUS/utils/codegen/ccsp_style_generator/sampleapp/codegen/Sample_rbus.c
2025-11-10 17:08:09,778 - Knowledge - INFO - process ingested knowledge for /app/data/T0015/222062/b1810jj/RBUS/conf/rbus_log_capture.sh
2025-11-10 17:08:10,124 - Knowledge - INFO - process ingested knowledge for /app/data/T0015/222062/b1810jj/RBUS/utils/codegen/ccsp_style_generator/sampleapp/final/Sample_hal.h
2025-11-10 17:08:10,291 - Knowledge - INFO - process ingested knowledge for /app/data/T0015/222062/b1810jj/RBUS/test/rbus/rbusGetExtSetMulti/testSetMultiConsumer.c
2025-11-10 17:08:10,311 - Knowledge - INFO - process ingested knowledge for /app/data/T0015/222062/b1810jj/RBUS/test/rbus/provider/rbusTestProvider.c
2025-11-10 17:08:10,396 - Knowledge - INFO - process ingested knowledge for /app/data/T0015/222062/b1810jj/RBUS/src/rtmessage/rtError.c
2025-11-10 17:08:10,505 - Knowledge - INFO - process ingested knowledge for /app/data/T0015/222062/b1810jj/RBUS/src/rtmessage/rtm_discovery_api.h
2025-11-10 17:08:10,600 - Knowledge - INFO - process ingested knowledge for /app/data/T0015/222062/b1810jj/RBUS/utils/dataProvider/data/Device.WiFi.EndPoint.Stats.json
2025-11-10 17:08:10,722 - Knowledge - INFO - process ingested knowledge for /app/data/T0015/222062/b1810jj/RBUS/utils/dataProvider/dmcli.cpp
2025-11-10 17:08:10,826 - Knowledge - INFO - process ingested knowledge for /app/data/T0015/222062/b1810jj/RBUS/test/core/benchmark_test/rbus_test_util.c
2025-11-10 17:08:10,846 - Knowledge - INFO - process ingested knowledge for /app/data/T0015/222062/b1810jj/RBUS/unittests/rbus_unit_test_multiple_objects.cpp
2025-11-10 17:08:11,031 - Knowledge - INFO - process ingested knowledge for /app/data/T0015/222062/b1810jj/RBUS/utils/dataProvider/data/Device.DeviceInfo.X_RDKCENTRAL-COM_RFC.json
2025-11-10 17:08:11,042 - Knowledge - INFO - process ingested knowledge for /app/data/T0015/222062/b1810jj/RBUS/src/rtmessage/rtBuffer.c
2025-11-10 17:08:11,132 - Knowledge - INFO - process ingested knowledge for /app/data/T0015/222062/b1810jj/RBUS/utils/dataProvider/sample_provider_gen.cpp
2025-11-10 17:08:11,215 - Knowledge - INFO - process ingested knowledge for /app/data/T0015/222062/b1810jj/RBUS/src/rtmessage/rtSocket.h
2025-11-10 17:08:11,300 - Knowledge - INFO - process ingested knowledge for /app/data/T0015/222062/b1810jj/RBUS/utils/dataProvider/data/Device.X_RDKCENTRAL-COM_Camera.LiveStream.EvoStream.json
2025-11-10 17:08:11,389 - Knowledge - INFO - process ingested knowledge for /app/data/T0015/222062/b1810jj/RBUS/sampleapps/rtmessage/sample_req.c
2025-11-10 17:08:11,470 - Knowledge - INFO - process ingested knowledge for /app/data/T0015/222062/b1810jj/RBUS/src/rtmessage/rtMemory.c
2025-11-10 17:08:11,548 - Knowledge - INFO - process ingested knowledge for /app/data/T0015/222062/b1810jj/RBUS/sampleapps/message/rbusMessageSender.c
2025-11-10 17:08:11,637 - Knowledge - INFO - process ingested knowledge for /app/data/T0015/222062/b1810jj/RBUS/src/session_manager/CMakeLists.txt
2025-11-10 17:08:11,723 - Knowledge - INFO - process ingested knowledge for /app/data/T0015/222062/b1810jj/RBUS/src/rtmessage/local_benchmarking.h
2025-11-10 17:08:11,844 - Knowledge - INFO - process ingested knowledge for /app/data/T0015/222062/b1810jj/RBUS/utils/dataProvider/dmProviderDatabase.cpp
2025-11-10 17:08:11,925 - Knowledge - INFO - process ingested knowledge for /app/data/T0015/222062/b1810jj/RBUS/test/rbus/consumer/rbusTestConsumer.c
2025-11-10 17:08:12,021 - Knowledge - INFO - process ingested knowledge for /app/data/T0015/222062/b1810jj/RBUS/test/core/sample_event_client.c
2025-11-10 17:08:12,115 - Knowledge - INFO - process ingested knowledge for /app/data/T0015/222062/b1810jj/RBUS/utils/rbuscli/CMakeLists.txt
2025-11-10 17:08:12,218 - Knowledge - INFO - process ingested knowledge for /app/data/T0015/222062/b1810jj/RBUS/utils/dataProvider/data/Device.Devicecontrol.json
2025-11-10 17:08:12,315 - Knowledge - INFO - process ingested knowledge for /app/data/T0015/222062/b1810jj/RBUS/src/rtmessage/rtsub.c
2025-11-10 17:08:12,398 - Knowledge - INFO - process ingested knowledge for /app/data/T0015/222062/b1810jj/RBUS/utils/dataProvider/data/Device.X_RDKCENTRAL-COM_Camera.LiveStream.json
2025-11-10 17:08:12,486 - Knowledge - INFO - process ingested knowledge for /app/data/T0015/222062/b1810jj/RBUS/CMakeLists.txt
2025-11-10 17:08:12,604 - Knowledge - INFO - process ingested knowledge for /app/data/T0015/222062/b1810jj/RBUS/src/rbus/rbus_asyncsubscribe.c
2025-11-10 17:08:12,848 - Knowledge - INFO - process ingested knowledge for /app/data/T0015/222062/b1810jj/RBUS/utils/dataProvider/dmQuery.h
2025-11-10 17:08:12,955 - Knowledge - INFO - process ingested knowledge for /app/data/T0015/222062/b1810jj/RBUS/test/rbus/common/test_macros.h
2025-11-10 17:08:12,979 - Knowledge - INFO - process ingested knowledge for /app/data/T0015/222062/b1810jj/RBUS/utils/dataProvider/data/Device.DeviceInfo.MemoryStatus.json
2025-11-10 17:08:13,918 - Knowledge - INFO - process ingested knowledge for /app/data/T0015/222062/b1810jj/RBUS/sampleapps/provider/utilities.c
2025-11-10 17:08:13,999 - Knowledge - INFO - process ingested knowledge for /app/data/T0015/222062/b1810jj/RBUS/src/rtmessage/rtrouteBase.c
2025-11-10 17:08:14,488 - Knowledge - INFO - process ingested knowledge for /app/data/T0015/222062/b1810jj/RBUS/utils/dataProvider/dmProviderInfo.h
2025-11-10 17:08:14,773 - Knowledge - INFO - process ingested knowledge for /app/data/T0015/222062/b1810jj/RBUS/test/rbus/consumer/filter.c
2025-11-10 17:08:14,923 - Knowledge - INFO - process ingested knowledge for /app/data/T0015/222062/b1810jj/RBUS/utils/dataProvider/CMakeLists.txt
2025-11-10 17:08:15,326 - Knowledge - INFO - process ingested knowledge for /app/data/T0015/222062/b1810jj/RBUS/utils/dataProvider/dmPropertyInfo.h
2025-11-10 17:08:17,995 - Knowledge - INFO - [LLM_CALL] Completed: dmUtility.h:chunk1, Duration: 7183ms, PromptTokens: 2736, CompletionTokens: 471, Cost: $0.00046
2025-11-10 17:08:18,205 - Knowledge - INFO - done ingest for /app/data/T0015/222062/b1810jj/RBUS/utils/dataProvider/dmUtility.h
2025-11-10 17:08:20,690 - Knowledge - INFO - [LLM_CALL] Completed: sample_provider_wifi.cpp:chunk1, Duration: 10790ms, PromptTokens: 3944, CompletionTokens: 581, Cost: $0.00063
2025-11-10 17:08:20,906 - Knowledge - INFO - done ingest for /app/data/T0015/222062/b1810jj/RBUS/utils/dataProvider/sample_provider_wifi.cpp
2025-11-10 17:08:21,129 - Knowledge - INFO - Processing batch of 8 files
2025-11-10 17:08:21,329 - Knowledge - INFO - process ingested knowledge for /app/data/T0015/222062/b1810jj/RBUS/build_dependencies.sh
2025-11-10 17:08:21,505 - Knowledge - INFO - process ingested knowledge for /app/data/T0015/222062/b1810jj/RBUS/unittests/gtest_app.h
2025-11-10 17:08:21,698 - Knowledge - INFO - process ingested knowledge for /app/data/T0015/222062/b1810jj/RBUS/utils/dataProvider/data/Device.Services.json
2025-11-10 17:08:21,867 - Knowledge - INFO - process ingested knowledge for /app/data/T0015/222062/b1810jj/RBUS/test/core/bin_client.c
2025-11-10 17:08:22,045 - Knowledge - INFO - process ingested knowledge for /app/data/T0015/222062/b1810jj/RBUS/utils/dataProvider/sample_provider_wifi.cpp
2025-11-10 17:08:22,196 - Knowledge - INFO - process ingested knowledge for /app/data/T0015/222062/b1810jj/RBUS/src/rtmessage/rtString.c
2025-11-10 17:08:22,393 - Knowledge - INFO - process ingested knowledge for /app/data/T0015/222062/b1810jj/RBUS/src/rtmessage/CMakeLists.txt
2025-11-10 17:08:22,566 - Knowledge - INFO - process ingested knowledge for /app/data/T0015/222062/b1810jj/RBUS/utils/dataProvider/dmUtility.h
2025-11-10 17:08:23,320 - Knowledge - INFO - [WEBSOCKET] Sent: Type=progress_update, Size: 292, Duration: 0ms
2025-11-10 17:08:23,499 - Knowledge - INFO - [WEBSOCKET] Sent: Type=unknown, Size: ?, Duration: 179ms
2025-11-10 17:08:23,688 - Knowledge - INFO - Progress: 100.0% | Files: 247/247 | Rate: 0.32 files/sec | Queue: 0
2025-11-10 17:08:23,897 - Knowledge - INFO - Knowledge creation complete
2025-11-10 17:08:24,065 - Knowledge - INFO - ==================================================
2025-11-10 17:08:24,227 - Knowledge - INFO - KNOWLEDGE GRAPH GENERATION PERFORMANCE SUMMARY
2025-11-10 17:08:24,398 - Knowledge - INFO - ==================================================
2025-11-10 17:08:24,590 - Knowledge - INFO - Total processing time: 779.67 seconds (12.99 minutes)
2025-11-10 17:08:24,805 - Knowledge - INFO - Files processed: 0
2025-11-10 17:08:24,976 - Knowledge - INFO - Processing rate: 0.00 files/second
2025-11-10 17:08:25,147 - Knowledge - INFO - 
[TIME_BREAKDOWN]
2025-11-10 17:08:25,349 - Knowledge - INFO - File Reading: 0.00s (0.0%)
2025-11-10 17:08:25,564 - Knowledge - INFO - LLM Processing: 468.28s (60.1%)
2025-11-10 17:08:25,735 - Knowledge - INFO - MongoDB Operations: 21.33s (2.7%)
2025-11-10 17:08:25,976 - Knowledge - INFO - Redis Operations: 77.66s (10.0%)
2025-11-10 17:08:26,131 - Knowledge - INFO - WebSocket Communication: 1.45s (0.2%)
2025-11-10 17:08:26,312 - Knowledge - INFO - Other Overhead: 210.94s (27.1%)
2025-11-10 17:08:26,523 - Knowledge - INFO - 
[LLM_STATS]
2025-11-10 17:08:26,727 - Knowledge - INFO - Total LLM calls: 21
2025-11-10 17:08:26,916 - Knowledge - INFO - Average LLM response time: 22299ms
2025-11-10 17:08:27,126 - Knowledge - INFO - Average prompt tokens: 6305.2
2025-11-10 17:08:27,315 - Knowledge - INFO - Average completion tokens: 693.5
2025-11-10 17:08:27,519 - Knowledge - INFO - Total prompt tokens: 132410
2025-11-10 17:08:27,691 - Knowledge - INFO - Total completion tokens: 14563
2025-11-10 17:08:27,942 - Knowledge - INFO - Total LLM cost: $0.0191
2025-11-10 17:08:28,133 - Knowledge - INFO - 
[DATABASE_STATS]
2025-11-10 17:08:28,333 - Knowledge - INFO - MongoDB operations: 247
2025-11-10 17:08:28,535 - Knowledge - INFO -   persist: 247
2025-11-10 17:08:28,705 - Knowledge - INFO - Redis operations: 247
2025-11-10 17:08:28,863 - Knowledge - INFO -   store_embedding: 247
2025-11-10 17:08:29,024 - Knowledge - INFO - 
[COMMUNICATION_STATS]
2025-11-10 17:08:29,254 - Knowledge - INFO - WebSocket messages sent: 9
2025-11-10 17:08:29,441 - Knowledge - INFO - Average message size: 161.9 bytes
2025-11-10 17:08:29,642 - Knowledge - INFO - 
[WORKER_STATS]
2025-11-10 17:08:29,806 - Knowledge - INFO - 
[FILE_TYPE_STATS]
2025-11-10 17:08:30,008 - Knowledge - INFO - 
[SLOWEST_FILES]
2025-11-10 17:08:30,205 - Knowledge - INFO - ==================================================
2025-11-10 17:08:30,406 - Knowledge - INFO - ==================================================
2025-11-10 17:08:30,574 - Knowledge - INFO - KNOWLEDGE GRAPH GENERATION PERFORMANCE SUMMARY
2025-11-10 17:08:30,775 - Knowledge - INFO - ==================================================
2025-11-10 17:08:30,949 - Knowledge - INFO - Total processing time: 786.06 seconds (13.10 minutes)
2025-11-10 17:08:31,184 - Knowledge - INFO - Files processed: 247 of 247
2025-11-10 17:08:31,358 - Knowledge - INFO - Processing rate: 0.31 files/second
2025-11-10 17:08:31,534 - Knowledge - INFO - WebSocket messages sent: 5
2025-11-10 17:08:31,736 - Knowledge - INFO - MongoDB operations: 247
2025-11-10 17:08:31,932 - Knowledge - INFO - Average MongoDB ops per file: 1.00
2025-11-10 17:08:32,141 - Knowledge - INFO - LLM costs: $0.0191
2025-11-10 17:08:32,326 - Knowledge - INFO - Prompt tokens: 132410
2025-11-10 17:08:32,496 - Knowledge - INFO - Completion tokens: 14563
2025-11-10 17:08:32,692 - Knowledge - INFO - Updating org costs, total cost: 0.019066200000000002
2025-11-10 17:08:33,756 - Knowledge - INFO - [WEBSOCKET] Sent: Type=progress_update, Size: 287, Duration: 0ms
2025-11-10 17:08:33,935 - Knowledge - INFO - Saving knowledge to Redis...
2025-11-10 17:08:34,172 - Knowledge - INFO - Knowledge saved to Redis successfully
